公司代號	公司名稱	營業收入	營業成本	營業費用	營業外收入及支出	本期淨利（淨損）	其他綜合損益（淨額）	本期綜合損益總額	綜合損益總額歸屬於母公司業主	基本每股盈餘（元）	淨利率	毛利率	營益率	毛差	營差	淨差	三率三升
2812	台中銀	"6,858,846.00"		"4,987,480"	"4,970,619"	"5,268,867"	"1,382,714"	"6,651,581"	"6,651,581"	0.87	76.82%	100.00%	27.28%	0.00%	-4.46%	4.93%	0
1101	台泥	"71,289,957.00"	"58,298,233"	"7,821,547"	"1,464,159"	"4,569,799"	"11,092,920"	"15,662,719"	"12,009,761"	0.38	6.41%	18.22%	7.25%	-0.49%	-1.17%	2.78%	0
1102	亞泥	"32,660,010.00"	"28,230,836"	"1,533,693"	"4,768,972"	"7,030,464"	"6,205,057"	"13,235,521"	"12,308,387"	2.13	21.53%	13.56%	8.87%	0.56%	0.88%	9.45%	1
1103	嘉泥	"1,355,713.00"	"1,074,442"	"263,292"	"187,614"	"180,997"	"319,772"	"500,769"	"481,903"	0.27	13.35%	20.75%	1.33%	-0.40%	-0.97%	5.89%	0
1104	環泥	"3,559,282.00"	"2,592,850"	"419,597"	"344,039"	"784,945"	"948,027"	"1,732,972"	"1,720,470"	1.13	22.05%	27.15%	15.36%	-0.80%	-0.88%	5.54%	0
1108	幸福	"1,903,969.00"	"1,654,402"	"116,418"	"-2,910"	"87,807"	"29,092"	"116,899"	"116,899"	0.22	4.61%	13.11%	6.99%	-3.03%	-2.08%	-2.41%	0
1109	信大	"1,857,847.00"	"1,688,329"	"138,627"	"19,417"	"27,411"	"203,588"	"230,999"	"186,081"	0.15	1.48%	9.12%	1.66%	2.89%	3.53%	3.32%	1
1110	東泥	"1,267,331.00"	"1,065,054"	"90,026"	"107,045"	"200,166"	"14,888"	"215,054"	"208,308"	0.34	15.79%	15.96%	8.86%	1.63%	1.29%	11.50%	1
1201	味全	"10,445,618.00"	"7,664,790"	"2,826,165"	"244,027"	"244,063"	"157,667"	"401,730"	"401,182"	0.48	2.34%	26.62%	-0.43%	-0.79%	-1.22%	0.30%	0
1203	味王	"2,634,732.00"	"1,731,580"	"505,203"	"59,229"	"329,081"	"89,595"	"418,676"	"350,971"	0.93	12.49%	34.28%	15.10%	-0.19%	-0.65%	-1.17%	0
1210	大成	"53,866,680.00"	"46,483,753"	"5,288,445"	"11,061"	"1,566,812"	"650,804"	"2,217,616"	"1,587,093"	1.48	2.91%	13.71%	3.89%	-0.36%	-0.50%	-0.69%	0
1213	大飲	"150,587.00"	"153,262"	"20,313"	"-7,639"	"-31,570"	993	"-30,577"	"-30,577"	-0.56	-20.96%	-1.78%	-15.27%	0.23%	1.01%	6.42%	1
1215	卜蜂	"14,401,643.00"	"11,770,773"	"1,265,574"	"-110,523"	"965,071"	"-397,429"	"567,642"	"556,817"	3.24	6.70%	18.27%	9.48%	0.52%	0.61%	1.50%	1
1216	統一	"349,938,252.00"	"231,366,231"	"98,062,130"	"7,295,825"	"21,022,083"	"4,213,033"	"25,235,116"	"17,577,338"	2.56	6.01%	33.88%	5.86%	0.10%	0.00%	0.43%	1
1217	愛之味	"2,353,539.00"	"1,734,362"	"599,465"	"98,284"	"105,792"	"-99,005"	"6,787"	"-2,016"	0.19	4.50%	26.31%	0.84%	-0.04%	-0.99%	9.98%	0
1218	泰山	"5,034,600.00"	"4,241,157"	"573,953"	"-681,825"	"-786,678"	"-17,033"	"-803,711"	"-800,283"	-1.62	-15.63%	15.76%	4.36%	-1.38%	-1.95%	-21.57%	0
1219	福壽	"6,969,192.00"	"6,598,824"	"573,632"	"-206,695"	"-377,092"	"5,949"	"-371,143"	"-303,151"	-0.9	-5.41%	5.31%	-2.92%	-2.87%	-3.40%	-5.31%	0
1220	台榮	"1,506,585.00"	"1,374,930"	"157,106"	"5,779"	"-16,670"	-608	"-17,278"	"-21,588"	-0.12	-1.11%	8.74%	-1.69%	0.95%	2.16%	2.47%	1
1225	福懋油	"6,228,202.00"	"5,839,418"	"317,370"	"-204,738"	"-123,513"	"5,492"	"-118,021"	"-152,088"	-0.65	-1.98%	6.24%	1.15%	-2.69%	-2.93%	-5.87%	0
1227	佳格	"13,933,697.00"	"10,681,057"	"2,675,057"	"304,796"	"737,928"	"238,082"	"976,010"	"967,185"	0.8	5.30%	23.34%	4.15%	-0.10%	-2.73%	-0.89%	0
1229	聯華	"5,033,955.00"	"3,960,804"	"682,244"	"2,109,865"	"2,250,646"	"12,400,040"	"14,650,686"	"9,058,284"	1.19	44.71%	21.32%	7.77%	-2.00%	-1.89%	3.08%	0
1231	聯華食	"6,325,950.00"	"5,054,327"	"797,446"	"304,215"	"687,730"	"10,503"	"698,233"	"698,241"	2.31	10.87%	20.10%	7.50%	-1.56%	-2.02%	2.00%	0
1232	大統益	"11,481,997.00"	"9,892,302"	"629,668"	"26,046"	"790,350"	"9,509"	"799,859"	"762,653"	4.71	6.88%	13.85%	8.36%	0.16%	0.22%	0.27%	1
1233	天仁	"1,116,827.00"	"440,721"	"621,898"	"9,719"	"53,007"	"15,172"	"68,179"	"68,147"	0.59	4.75%	60.54%	4.85%	-0.54%	-1.54%	-0.60%	0
1234	黑松	"4,436,617.00"	"3,225,524"	"1,101,051"	"211,686"	"240,833"	"9,560"	"250,393"	"250,393"	0.6	5.43%	27.30%	2.48%	3.35%	0.47%	0.45%	1
1235	興泰	"93,120.00"	"65,952"	"29,570"	"40,044"	"36,231"	"-190,846"	"-154,615"	"-145,838"	0.29	38.91%	29.18%	-2.58%	0.63%	-9.45%	252.40%	0
1236	宏亞	"885,268.00"	"673,459"	"244,063"	"8,207"	"-13,749"	"246,116"	"232,367"	"232,367"	-0.16	-1.55%	23.93%	-3.64%	-4.16%	-8.25%	-5.22%	0
1301	台塑	"89,239,090.00"	"81,703,844"	"5,957,378"	"12,657,953"	"13,920,632"	"200,312,727"	"214,233,359"	"214,233,359"	2.19	15.60%	8.44%	1.77%	4.74%	4.87%	7.81%	1
1303	南亞	"152,243,276.00"	"128,229,443"	"8,895,761"	"31,744,935"	"42,224,999"	"47,928,631"	"90,153,630"	"88,647,805"	5.17	27.74%	15.77%	9.93%	3.84%	4.47%	6.34%	1
1304	台聚	"21,760,221.00"	"19,938,079"	"2,054,787"	"-1,376,575"	"-1,531,178"	"1,335,546"	"-195,632"	"271,189"	-0.58	-7.04%	8.37%	-1.07%	5.52%	4.78%	2.00%	1
1305	華夏	"5,403,542.00"	"4,940,155"	"458,497"	"-11,180"	"-2,181"	"18,590"	"16,409"	"30,943"	0.02	-0.04%	8.58%	0.09%	6.61%	6.66%	5.01%	1
1307	三芳	"5,663,392.00"	"3,880,290"	"1,084,974"	"96,902"	"581,213"	"178,279"	"759,492"	"759,492"	1.46	10.26%	31.48%	12.33%	-1.11%	-1.58%	-2.81%	0
1308	亞聚	"2,852,287.00"	"2,554,418"	"116,457"	"-250,030"	"-90,525"	"740,141"	"649,616"	"649,616"	-0.15	-3.17%	10.44%	6.36%	4.78%	5.32%	6.06%	1
1309	台達化	"6,173,020.00"	"6,017,336"	"590,026"	"-160,731"	"-469,564"	"153,230"	"-316,334"	"-316,334"	-1.18	-7.61%	2.52%	-7.04%	4.28%	1.22%	-1.24%	0
1310	台苯	"4,162,400.00"	"4,083,389"	"86,214"	"-544,731"	"-599,646"	"-533,845"	"-1,133,491"	"-1,132,535"	-1.13	-14.41%	1.90%	-0.17%	-7.04%	-7.29%	8.28%	0
1312	國喬	"12,914,268.00"	"12,936,263"	"1,418,513"	"-489,288"	"-1,880,849"	"2,929,577"	"1,048,728"	"395,114"	-1.68	-14.56%	-0.17%	-11.15%	1.56%	0.74%	3.10%	1
1313	聯成	"31,067,465.00"	"29,043,083"	"1,396,187"	"-68,698"	"414,906"	"394,156"	"809,062"	"809,062"	0.31	1.34%	6.52%	2.02%	0.31%	0.67%	0.63%	1
1314	中石化	"7,979,691.00"	"8,069,332"	"669,108"	"-1,226,890"	"-1,985,664"	"1,085,717"	"-908,373"	"-900,653"	-0.52	-24.88%	-1.12%	-9.51%	6.00%	6.31%	-18.45%	0
1315	達新	"966,968.00"	"840,855"	"177,755"	"119,429"	"45,062"	"3,571,172"	"3,616,234"	"3,613,193"	0.45	4.66%	13.04%	-5.34%	2.05%	4.80%	1.03%	1
1316	上曜	"3,985,276.00"	"2,652,774"	"1,159,270"	"155,389"	"149,818"	"21,797"	"171,615"	"-126,657"	-0.36	3.76%	33.44%	4.35%	1.28%	1.41%	1.60%	1
1319	東陽	"11,293,727.00"	"7,621,485"	"1,892,349"	"398,369"	"1,746,455"	"175,800"	"1,922,255"	"1,920,213"	2.98	15.46%	32.52%	15.76%	0.01%	0.00%	-1.27%	0
1321	大洋	"1,904,737.00"	"1,679,019"	"194,391"	"265,223"	"170,760"	"208,395"	"379,155"	"379,155"	0.77	8.97%	11.85%	1.64%	-0.12%	-0.73%	4.98%	0
1323	永裕	"1,078,599.00"	"864,215"	"151,146"	"30,192"	"92,755"	"74,549"	"167,304"	"167,304"	1.02	8.60%	19.88%	5.86%	1.24%	1.41%	2.48%	1
1324	地球	"332,426.00"	"270,019"	"63,953"	"3,590"	"-1,880"	"5,671"	"3,791"	"3,791"	-0.03	-0.57%	18.77%	-0.47%	2.63%	2.63%	2.09%	1
1325	恆大	"123,378.00"	"152,606"	"23,528"	"20,607"	"-27,428"	"13,292"	"-14,136"	"-16,019"	-0.3	-22.23%	-23.69%	-42.76%	-3.68%	-4.69%	-8.92%	0
1326	台化	"168,904,093.00"	"157,048,822"	"6,803,380"	"9,289,057"	"13,050,007"	"168,178,134"	"181,228,141"	"176,525,362"	2.11	7.73%	7.02%	2.99%	-0.72%	-0.83%	-0.27%	0
1337	再生-KY	"288,257.00"	"328,889"	"166,734"	"-31,443"	"-238,809"	"153,905"	"-84,904"	"-84,904"	-0.89	-82.85%	-14.10%	-71.94%	-5.42%	-7.43%	-7.39%	0
1339	昭輝	"806,378.00"	"603,226"	"167,878"	"273,295"	"284,286"	"19,433"	"303,719"	"283,252"	3.61	35.25%	25.19%	4.37%	0.58%	4.64%	-21.45%	0
1342	八貫	"1,911,043.00"	"1,420,281"	"140,741"	"22,654"	"318,976"		"318,976"		4.1	16.69%	25.68%	18.32%	-1.52%	-2.04%	-0.99%	0
1402	遠東新	"130,564,734.00"	"103,410,325"	"17,683,728"	"4,107,534"	"10,938,405"	"4,397,115"	"15,335,520"	"9,926,393"	1.15	8.38%	20.80%	7.25%	-1.10%	-0.21%	-0.68%	0
1410	南染	"106,764.00"	"69,619"	"31,810"	"4,865"	"5,016"	0	"5,016"	"7,966"	0.13	4.70%	34.79%	5.00%	3.18%	7.11%	3.89%	1
1413	宏洲	"1,007,165.00"	"968,734"	"22,062"	"14,394"	"22,861"	0	"22,861"		0.17	2.27%	3.82%	1.63%	4.68%	4.99%	6.15%	1
1414	東和	"240,705.00"	"212,357"	"42,991"	"87,293"	"73,532"	"37,607"	"111,139"	"111,139"	0.37	30.55%	11.78%	-6.08%	0.67%	0.12%	20.86%	1
1416	廣豐	"227,106.00"	"136,500"	"81,637"	"125,185"	"127,171"	"78,289"	"205,460"	"193,399"	0.62	56.00%	39.90%	3.95%	4.94%	5.05%	21.93%	1
1417	嘉裕	"145,264.00"	"52,872"	"105,388"	"-3,626"	"-17,591"	"87,362"	"69,771"	"69,771"	-0.09	-12.11%	63.60%	-8.95%	-3.22%	-6.25%	45.24%	0
1418	東華	"3,427.00"	"3,248"	"43,675"	"-48,723"	"-92,219"	561	"-91,658"	"-91,655"	-1.7	-2690.95%	5.22%	-1269.22%	13.40%	2244.98%	3620.77%	1
1419	新紡	"2,561,464.00"	"1,898,671"	"429,851"	"3,274,706"	"3,351,594"	"2,455,178"	"5,806,772"	"5,806,772"	11.2	130.85%	25.88%	9.09%	0.02%	-1.41%	-62.20%	0
1423	利華	"44,399.00"	"36,748"	"16,693"	"52,888"	"40,969"	"63,547"	"104,516"		0.41	92.27%	17.23%	-20.37%	-7.85%	-18.35%	43.12%	0
1432	大魯閣	"400,698.00"	"339,026"	"188,223"	"-13,681"	"-131,801"	"-2,162"	"-133,963"	"-122,826"	-1.11	-32.89%	15.39%	-31.58%	-1.11%	-4.95%	-1.28%	0
1434	福懋	"14,210,123.00"	"12,638,181"	"1,229,987"	"553,014"	"840,859"	"6,322,536"	"7,163,395"	"7,163,395"	0.5	5.92%	11.06%	2.41%	-0.12%	-0.44%	1.09%	0
1435	中福	"2,991.00"	"1,073"	"74,295"	"-2,582"	"-74,959"	332	"-74,627"		-0.54	-2506.15%	64.13%	-2419.83%	0.05%	-1804.84%	-1765.95%	0
1436	華友聯	"483,042.00"	"196,263"	"131,374"	"-104,852"	"25,724"	"1,872"	"27,596"	"28,395"	0.14	5.33%	59.37%	32.17%	10.15%	48.28%	88.87%	1
1437	勤益控	"409,885.00"	"142,746"	"60,905"	"258,879"	"414,746"	"10,198"	"424,944"	"424,695"	2.05	101.19%	65.17%	50.32%	3.76%	3.28%	21.63%	1
1438	三地開發	"391,694.00"	"236,929"	"41,294"	"-65,485"	"24,461"	"-1,368"	"23,093"		0.22	6.24%	39.51%	28.97%	-0.05%	-3.44%	-12.78%	0
1439	雋揚	"115,426.00"	"82,942"	"32,653"	"116,036"	"105,288"	"2,123"	"107,411"	"101,031"	1.08	91.22%	28.14%	-0.15%	-1.98%	-6.61%	14.67%	0
1440	南紡	"6,563,340.00"	"5,859,926"	"814,455"	"366,967"	"232,343"	"1,236,432"	"1,468,775"	"1,458,554"	0.14	3.54%	10.72%	-1.69%	1.99%	2.15%	5.72%	1
1441	大東	"594,701.00"	"586,093"	"80,807"	"-31,889"	"-104,088"	"3,955"	"-100,133"	"-100,133"	-1.45	-17.50%	1.45%	-12.14%	0.03%	-0.97%	-2.02%	0
1442	名軒	"832,434.00"	"417,135"	"110,505"	"2,315"	"262,065"	492	"262,557"	"262,557"	0.72	31.48%	49.89%	36.61%	0.02%	2.18%	3.11%	1
1443	立益物流	"463,195.00"	"244,195"	"54,141"	"8,514"	"149,318"	"-74,221"	"75,097"	"90,603"	0.97	32.24%	47.28%	35.59%	-0.41%	-0.41%	-0.07%	0
1444	力麗	"4,476,454.00"	"4,288,953"	"249,798"	"189,981"	"115,791"	"284,113"	"402,596"	"431,209"	0.14	2.59%	4.19%	-1.39%	-1.28%	-0.76%	-0.37%	0
1445	大宇	"307,109.00"	"265,661"	"62,874"	"-7,508"	"-28,934"	"104,131"	"75,197"	"75,197"	-0.22	-9.42%	13.50%	-6.98%	-11.15%	-9.32%	-11.74%	0
1446	宏和	"332,732.00"	"196,936"	"64,971"	"39,674"	"105,665"	228	"105,893"	"105,893"	0.77	31.76%	40.81%	21.29%	1.71%	-1.06%	-6.07%	0
1447	力鵬	"16,068,031.00"	"15,655,033"	"367,434"	"104,276"	"127,998"	"667,359"	"795,357"	"604,328"	0.12	0.80%	2.57%	0.28%	-0.09%	-0.44%	-0.32%	0
1449	佳和	"1,841,533.00"	"1,602,800"	"296,225"	"74,608"	"-7,814"	"237,454"	"229,640"	"201,198"	-0.28	-0.42%	12.96%	-3.12%	2.90%	4.45%	3.09%	1
1451	年興	"3,207,569.00"	"2,747,935"	"340,452"	"56,070"	"128,931"	"97,452"	"226,383"	"226,383"	0.65	4.02%	14.33%	3.72%	-2.12%	-2.18%	-2.02%	0
1452	宏益	"724,288.00"	"683,688"	"46,505"	-480	"-9,027"	"59,406"	"50,379"	"50,379"	-0.07	-1.25%	5.61%	-0.82%	2.30%	2.70%	2.29%	1
1453	大將	754	297	"18,648"	"80,132"	"61,941"		"61,941"	"61,899"	0.55	8214.99%	60.61%	-2412.60%	-3.32%	-167.77%	9614.19%	0
1454	台富	"641,555.00"	"621,069"	"78,779"	"8,251"	"-49,676"	"-10,194"	"-59,870"	"-59,870"	-0.41	-7.74%	3.19%	-9.09%	-0.61%	0.60%	0.40%	0
1455	集盛	"2,869,335.00"	"2,619,068"	"171,862"	"431,613"	"484,982"	"6,883"	"491,865"	"491,865"	0.91	16.90%	8.72%	2.73%	6.60%	6.30%	19.02%	1
1456	怡華	"367,504.00"	"211,754"	"55,175"	"-199,885"	"-100,318"		"-100,318"	"-100,318"	-1.07	-27.30%	42.38%	27.37%	2.70%	2.38%	-8.73%	0
1457	宜進	"1,428,012.00"	"1,296,537"	"86,751"	"89,319"	"176,657"	"17,656"	"194,313"	"148,734"	0.57	12.37%	9.21%	3.13%	3.29%	4.49%	7.47%	1
1459	聯發	"488,149.00"	"384,291"	"56,164"	"391,843"	"394,128"	"55,841"	"449,969"	"451,947"	1.28	80.74%	21.28%	9.77%	2.40%	-0.74%	76.56%	0
1460	宏遠	"3,032,015.00"	"2,543,650"	"560,936"	"4,529"	"-77,016"	"11,945"	"-65,071"	"-65,071"	-0.11	-2.54%	16.11%	-2.39%	-1.57%	-3.09%	-3.32%	0
1463	強盛新	"115,179.00"	"105,326"	"35,646"	"11,348"	"-22,058"	"6,497"	"-15,561"	"-15,302"	-0.13	-19.15%	8.55%	-22.39%	-8.51%	-13.24%	-15.19%	0
1464	得力	"5,947,068.00"	"4,783,040"	"992,422"	"25,005"	"141,778"	"100,981"	"242,759"	"243,200"	0.36	2.38%	19.57%	2.89%	-1.31%	-0.64%	-1.77%	0
1465	偉全	"200,488.00"	"202,538"	"31,295"	"33,789"	"18,954"		"18,954"		0.18	9.45%	-1.02%	-16.63%	-3.38%	-2.88%	-19.07%	0
1466	聚隆	"1,111,491.00"	"962,381"	"121,246"	"17,187"	"43,989"	"2,720"	"46,709"	"43,693"	0.37	3.96%	13.42%	2.51%	0.77%	0.97%	0.08%	1
1467	南緯	"2,461,491.00"	"1,998,048"	"470,195"	"23,541"	"-10,873"	"59,016"	"48,143"	"38,874"	-0.09	-0.44%	18.83%	-0.27%	-0.93%	-0.82%	-2.78%	0
1468	昶和	"263,936.00"	"183,041"	"50,652"	"49,324"	"48,736"	-585	"48,151"	"44,977"	0.3	18.47%	30.65%	11.46%	4.74%	6.08%	-2.94%	0
1470	大統新創	"371,627.00"	"269,988"	"55,269"	"15,063"	"50,164"	312	"50,476"	"50,476"	0.58	13.50%	27.35%	12.48%	0.36%	0.20%	-0.44%	0
1471	首利	"47,348.00"	"56,448"	"55,791"	"88,348"	"23,457"	"-6,806"	"16,651"	"13,383"	0.16	49.54%	-19.22%	-137.05%	1.03%	7.40%	66.84%	1
1472	三洋實業	"1,910,645.00"	"1,636,700"	"61,381"	"5,453"	"182,223"	"9,939"	"192,162"	"192,302"	3.47	9.54%	14.34%	11.13%	-0.33%	-0.51%	-0.69%	0
1473	台南	"3,390,344.00"	"2,770,966"	"546,585"	"44,715"	"101,312"	"31,177"	"132,489"	"132,489"	0.69	2.99%	18.27%	2.15%	-0.11%	-3.12%	-2.13%	0
1474	弘裕	"1,370,361.00"	"1,227,426"	"158,429"	"23,123"	"7,606"	"55,247"	"62,853"	"64,040"	0.07	0.56%	10.43%	-1.13%	-0.47%	-0.37%	-0.89%	0
1475	業旺	"723,654.00"	"595,675"	"65,863"	"34,716"	"69,693"	"1,078"	"70,771"	"70,771"	1.06	9.63%	17.69%	8.58%	-0.20%	-3.61%	-7.00%	0
1476	儒鴻	"19,706,874.00"	"13,585,263"	"1,991,781"	"169,628"	"3,387,426"	"109,626"	"3,497,052"	"3,497,052"	12.35	17.19%	31.06%	20.96%	-1.10%	-1.86%	-1.88%	0
1477	聚陽	"17,062,830.00"	"12,746,993"	"1,852,164"	"-35,180"	"1,912,835"	"76,897"	"1,989,732"	"1,963,956"	7.65	11.21%	25.29%	14.44%	-0.85%	-1.04%	-0.90%	0
1503	士電	"21,121,523.00"	"16,254,045"	"1,743,573"	"238,593"	"2,727,167"	"2,417,865"	"5,145,032"	"5,007,130"	5.04	12.91%	23.05%	14.79%	-0.73%	-1.26%	-0.20%	0
1504	東元	"30,835,311.00"	"23,318,727"	"4,589,104"	"1,785,376"	"3,949,819"	"5,518,984"	"9,468,803"	"9,379,287"	1.63	12.81%	24.38%	9.49%	0.90%	1.22%	4.11%	1
1506	正道	"616,098.00"	"528,761"	"101,373"	"-2,157"	"-16,180"	"26,755"	"10,575"	"12,146"	-0.05	-2.63%	14.18%	-2.28%	-3.26%	-4.41%	-4.46%	0
1512	瑞利	"552,421.00"	"368,121"	"206,650"	"24,850"	"2,050"	"15,043"	"17,093"	"17,093"	0.02	0.37%	33.36%	-4.05%	1.56%	0.67%	-2.27%	0
1513	中興電	"14,023,688.00"	"10,195,631"	"1,114,177"	"104,275"	"2,233,682"	"896,305"	"3,129,987"	"3,112,397"	4.5	15.93%	27.30%	19.35%	1.32%	0.81%	1.13%	1
1514	亞力	"5,345,683.00"	"4,315,617"	"504,723"	"36,378"	"452,697"	"67,458"	"520,155"	"513,537"	1.65	8.47%	19.27%	9.83%	1.72%	1.50%	0.53%	1
1515	力山	"2,222,543.00"	"1,914,942"	"335,522"	"58,782"	"19,893"	"27,052"	"46,945"	"48,504"	0.12	0.90%	13.84%	-1.26%	-0.90%	-0.83%	-0.20%	0
1516	川飛	"54,786.00"	"51,649"	"8,925"	540	"-5,246"		"-5,246"		-0.13	-9.58%	5.73%	-10.56%	-0.39%	-1.74%	-1.61%	0
1517	利奇	"996,074.00"	"984,435"	"176,989"	"45,182"	"-101,887"	"85,649"	"-16,238"	"-19,082"	-0.45	-10.23%	1.17%	-16.60%	0.04%	2.99%	-1.84%	0
1519	華城	"10,212,186.00"	"5,764,706"	"2,233,105"	"408,145"	"2,012,121"	"39,679"	"2,051,800"	"2,099,442"	6.52	19.70%	43.55%	21.68%	-0.06%	0.49%	-1.65%	0
1521	大億	"2,003,503.00"	"1,707,805"	"235,872"	"10,545"	"71,934"	0	"71,934"	"71,934"	0.94	3.59%	14.76%	2.99%	-0.29%	-0.21%	0.27%	0
1522	堤維西	"13,344,786.00"	"11,112,876"	"2,333,979"	"-55,373"	"-126,436"	"123,275"	"-3,161"	"-52,892"	-0.76	-0.95%	16.72%	-0.76%	1.25%	0.44%	-0.58%	0
1524	耿鼎	"1,146,434.00"	"815,295"	"153,426"	"8,995"	"149,135"	"33,924"	"183,059"		0.9	13.01%	28.88%	15.50%	-1.40%	-1.13%	-2.46%	0
1525	江申	"634,185.00"	"537,921"	"80,565"	"91,822"	"-9,827"	"180,355"	"170,528"	"170,528"	-0.13	-1.55%	15.18%	2.48%	0.75%	1.44%	19.70%	1
1526	日馳	"329,814.00"	"273,654"	"111,184"	"-4,596"	"-48,598"	"2,773"	"-45,825"	"-45,825"	-0.81	-14.73%	17.03%	-16.68%	4.45%	2.82%	1.65%	1
1527	鑽全	"1,332,659.00"	"1,122,432"	"189,504"	"122,042"	"114,801"	"95,361"	"210,162"		0.83	8.61%	15.78%	1.56%	-2.64%	-2.30%	1.53%	0
1528	恩德	"1,489,447.00"	"1,044,918"	"504,600"	-913	"-115,447"	"82,279"	"-33,168"	"-33,048"	-0.6	-7.75%	29.85%	-4.03%	-0.62%	1.03%	-3.63%	0
1529	樂事綠能	"440,947.00"	"361,981"	"33,494"	"53,682"	"90,599"	0	"90,599"	"81,061"	0.5	20.55%	17.91%	10.31%	1.83%	0.45%	9.08%	1
1530	亞崴	"912,363.00"	"813,156"	"154,912"	"66,911"	"16,884"	"33,657"	"50,541"	"50,669"	0.21	1.85%	10.87%	-6.11%	-1.91%	-2.56%	-1.35%	0
1531	高林股	"781,263.00"	"666,326"	"173,014"	"52,852"	"-4,030"	"62,707"	"58,677"	"58,677"	-0.02	-0.52%	14.71%	-7.43%	0.02%	-0.92%	-2.07%	0
1532	勤美	"6,825,663.00"	"5,303,291"	"1,275,697"	"-98,955"	"98,914"	"436,439"	"535,353"	"409,662"	0.1	1.45%	22.30%	3.61%	0.70%	2.13%	2.18%	1
1533	車王電	"2,706,187.00"	"1,956,559"	"546,487"	"28,783"	"246,947"	"35,151"	"282,098"	"182,979"	1.5	9.13%	27.70%	7.51%	-0.11%	0.39%	-1.45%	0
1535	中宇	"4,187,134.00"	"3,698,746"	"285,450"	"50,407"	"203,347"	"78,531"	"281,878"	"281,878"	1.64	4.86%	11.66%	4.85%	0.02%	-0.32%	0.54%	0
1536	和大	"2,355,217.00"	"2,197,600"	"442,011"	"-61,405"	"-313,241"	"47,758"	"-265,483"	"-261,792"	-1.11	-13.30%	6.69%	-12.08%	0.17%	1.44%	-0.87%	0
1537	廣隆	"3,437,564.00"	"2,751,711"	"299,702"	"51,124"	"328,934"	"98,124"	"427,058"	"427,058"	4.01	9.57%	19.95%	11.23%	-0.33%	-0.13%	-0.51%	0
1538	正峰	"34,405.00"	"29,214"	"35,640"	"-27,212"	"-56,885"	"25,373"	"-31,512"	"-31,544"	-1.76	-165.34%	15.09%	-88.50%	-0.61%	70.64%	179.18%	0
1539	巨庭	"553,592.00"	"501,447"	"44,053"	"9,617"	"13,479"	9	"13,488"	"13,488"	0.21	2.43%	9.42%	1.46%	0.91%	2.15%	0.22%	1
1540	喬福	"201,855.00"	"181,316"	"28,436"	"33,769"	"20,646"		"20,646"		0.24	10.23%	10.18%	-3.91%	-14.10%	-11.87%	-21.18%	0
1541	錩泰	"1,202,080.00"	"984,736"	"183,389"	"20,328"	"46,726"	"4,428"	"51,154"	"51,154"	0.59	3.89%	18.08%	2.82%	-0.66%	0.34%	-2.44%	0
1558	伸興	"4,218,267.00"	"3,150,068"	"720,509"	"215,746"	"432,529"	"154,312"	"586,841"	"349,449"	4.44	10.25%	25.32%	8.24%	1.12%	2.25%	2.28%	1
1560	中砂	"4,785,896.00"	"2,985,139"	"752,660"	"148,234"	"977,910"	"-50,699"	"927,211"	"922,085"	6.44	20.43%	37.63%	21.90%	2.63%	2.52%	1.15%	1
1563	巧新	"3,851,728.00"	"2,958,263"	"535,698"	"-105,818"	"202,012"	-363	"201,649"	"201,540"	0.93	5.24%	23.20%	9.29%	1.19%	0.57%	-1.74%	0
1568	倉佑	"555,087.00"	"348,854"	"88,856"	"17,380"	"111,145"	"-11,748"	"99,397"	"103,547"	1.07	20.02%	37.15%	21.15%	0.16%	1.40%	-1.11%	0
1582	信錦	"4,121,675.00"	"3,414,512"	"632,533"	"194,417"	"248,176"	"334,790"	"582,966"	"564,623"	1.65	6.02%	17.16%	1.81%	-2.81%	-3.46%	3.41%	0
1583	程泰	"1,976,660.00"	"1,603,022"	"439,918"	"139,786"	"70,197"	"-19,324"	"50,873"	"23,222"	0.53	3.55%	18.90%	-3.35%	0.87%	1.52%	0.53%	1
1587	吉茂	"1,352,344.00"	"1,116,448"	"214,348"	"-33,423"	"-7,487"	"54,126"	"46,639"	"46,639"	-0.09	-0.55%	17.44%	1.59%	0.63%	-1.36%	-0.97%	0
1590	亞德客-KY	"22,177,887.00"	"11,326,122"	"3,262,143"	"72,518"	"5,981,787"	"1,970,976"	"7,952,763"	"7,952,894"	29.91	26.97%	48.93%	34.22%	0.96%	1.02%	0.30%	1
1597	直得	"757,658.00"	"439,360"	"197,395"	"31,473"	"113,259"	"9,486"	"122,745"	"122,745"	1.3	14.95%	42.01%	15.96%	0.25%	2.71%	3.61%	1
1598	岱宇	"2,919,431.00"	"1,735,420"	"1,254,138"	"158,083"	"88,324"	"43,273"	"131,597"	"134,647"	0.64	3.03%	40.56%	-2.40%	-1.57%	-5.90%	0.91%	0
1603	華電	"2,808,354.00"	"2,444,894"	"93,882"	"-5,388"	"215,380"	"742,529"	"957,909"	"940,763"	1.36	7.67%	12.94%	9.60%	4.11%	4.81%	4.17%	1
1604	聲寶	"4,795,800.00"	"3,885,042"	"643,359"	"167,349"	"370,614"	"572,134"	"942,748"	"924,712"	0.98	7.73%	18.99%	5.58%	-1.16%	-0.85%	-0.37%	0
1605	華新	"90,718,081.00"	"83,772,208"	"5,672,410"	"11,899,503"	"12,501,350"	"27,523,706"	"40,025,056"	"40,175,444"	2.85	13.78%	7.66%	1.40%	-0.12%	0.07%	5.26%	0
1608	華榮	"6,717,464.00"	"5,860,716"	"156,787"	"2,531,858"	"3,092,119"	"2,583"	"3,094,702"	"2,989,597"	7.04	46.03%	12.75%	10.42%	-1.26%	-1.73%	40.15%	0
1609	大亞	"17,764,488.00"	"14,445,064"	"1,025,710"	"78,332"	"1,954,093"	"325,572"	"2,279,665"	"2,055,026"	2.24	11.00%	18.69%	12.91%	-0.16%	-1.10%	3.76%	0
1611	中電	"510,235.00"	"334,260"	"144,886"	"123,446"	"131,545"	"-35,404"	"96,141"	"96,141"	0.41	25.78%	34.49%	6.09%	-3.78%	-6.49%	9.05%	0
1612	宏泰	"3,971,752.00"	"3,318,103"	"146,279"	"434,335"	"828,652"	"843,325"	"1,671,977"	"1,672,003"	2.62	20.86%	16.46%	12.77%	-0.94%	-1.47%	7.28%	0
1614	三洋電	"2,650,358.00"	"2,143,750"	"416,044"	"125,502"	"173,971"	"43,477"	"217,448"	"216,976"	0.67	6.56%	19.11%	3.42%	0.64%	0.65%	-3.17%	0
1615	大山	"2,928,324.00"	"2,251,392"	"125,090"	"76,713"	"496,823"	"277,849"	"774,672"	"774,672"	2.53	16.97%	23.12%	18.84%	-0.29%	-0.18%	2.94%	0
1616	億泰	"2,789,370.00"	"2,525,921"	"101,309"	"-25,735"	"101,866"	"1,385"	"103,251"	"103,251"	0.54	3.65%	9.44%	5.81%	-0.41%	0.41%	-0.46%	0
1617	榮星	"2,021,389.00"	"1,854,773"	"123,718"	"-2,245"	"33,511"	"59,489"	"93,000"	"94,616"	0.21	1.66%	8.24%	2.12%	-0.03%	0.58%	0.25%	0
1618	合機	"2,290,435.00"	"1,539,432"	"98,913"	"52,062"	"558,115"	"-34,615"	"523,500"	"523,500"	2.9	24.37%	32.79%	28.47%	-0.95%	-1.69%	-1.55%	0
1623	大東電	"3,294,705.00"	"2,701,168"	"88,036"	"-13,997"	"393,550"	"-12,371"	"381,179"		6.02	11.94%	18.01%	15.34%	-3.92%	-4.41%	-3.09%	0
1626	艾美特-KY	"4,885,851.00"	"4,067,965"	"961,982"	"-96,814"	"-242,947"	"185,736"	"-57,211"	"-57,211"	-1.62	-4.97%	16.74%	-2.95%	3.37%	4.75%	4.13%	1
1702	南僑	"11,531,193.00"	"8,729,756"	"2,653,081"	"103,320"	"148,417"	"503,350"	"651,767"	"447,605"	0.24	1.29%	24.29%	1.29%	0.18%	0.11%	-0.28%	0
1707	葡萄王	"4,691,625.00"	"1,338,978"	"2,603,668"	"60,576"	"652,884"	"52,018"	"704,902"	"456,735"	2.75	13.92%	71.46%	15.96%	1.79%	1.27%	1.34%	1
1708	東鹼	"3,308,419.00"	"2,324,615"	"438,220"	"78,758"	"492,865"	"152,891"	"645,756"	"645,756"	1.98	14.90%	29.74%	16.49%	-0.83%	-0.18%	-2.97%	0
1709	和益	"5,113,639.00"	"3,750,220"	"379,205"	"-207,009"	"611,511"	"-93,882"	"517,629"	"526,589"	1.3	11.96%	26.66%	19.25%	6.33%	6.02%	1.04%	1
1710	東聯	"10,577,149.00"	"10,185,211"	"561,150"	"-100,998"	"-310,238"	"360,384"	"50,146"	"154,735"	-0.12	-2.93%	3.71%	-1.60%	2.05%	1.71%	1.02%	1
1711	永光	"4,177,012.00"	"3,206,393"	"822,405"	"36,437"	"153,240"	"581,237"	"734,477"	"734,746"	0.28	3.67%	23.24%	3.55%	1.72%	1.72%	1.24%	1
1712	興農	"10,169,009.00"	"6,965,877"	"2,364,265"	"9,014"	"657,760"	"49,309"	"707,069"	"703,644"	1.56	6.47%	31.50%	8.25%	0.83%	0.60%	0.51%	1
1713	國化	"226,441.00"	"204,152"	"43,364"	"363,036"	"338,965"	"-1,195"	"337,770"		2.25	149.69%	9.84%	-9.31%	-0.42%	1.50%	-33.19%	0
1714	和桐	"17,003,246.00"	"14,354,583"	"695,296"	"39,865"	"1,539,145"	"646,454"	"2,185,599"	"1,261,269"	0.89	9.05%	15.58%	11.49%	4.34%	4.62%	3.39%	1
1717	長興	"22,168,850.00"	"16,940,527"	"3,668,929"	"232,001"	"1,300,125"	"1,657,390"	"2,957,515"	"2,943,156"	1.09	5.86%	23.58%	7.03%	1.42%	1.81%	1.67%	1
1720	生達	"3,524,462.00"	"1,982,142"	"790,900"	"59,939"	"660,088"	"-65,901"	"594,187"	"425,488"	2.49	18.73%	43.76%	21.32%	0.14%	0.52%	0.65%	1
1721	三晃	"806,404.00"	"837,154"	"86,466"	"3,308"	"-115,224"	"76,931"	"-38,293"	"-38,293"	-0.62	-14.29%	-3.81%	-14.54%	1.82%	1.64%	2.46%	1
1722	台肥	"6,750,506.00"	"5,830,943"	"595,824"	"191,939"	"418,683"	"219,314"	"637,997"	"637,997"	0.43	6.20%	13.62%	4.80%	6.63%	6.09%	1.28%	1
1723	中碳	"3,320,133.00"	"2,538,335"	"296,473"	"75,722"	"480,618"	"154,319"	"634,937"	"634,937"	2.07	14.48%	23.55%	14.62%	-1.48%	0.44%	0.48%	0
1725	元禎	"4,610,870.00"	"4,390,938"	"112,911"	"102,394"	"182,630"	"1,972,856"	"2,155,486"	"2,155,486"	1	3.96%	4.77%	2.32%	-0.04%	0.17%	2.07%	0
1726	永記	"5,175,542.00"	"3,738,128"	"761,143"	"55,123"	"593,697"	"159,889"	"753,586"	"753,586"	3.66	11.47%	27.77%	13.07%	-1.26%	-1.01%	-0.90%	0
1727	中華化	"1,157,509.00"	"950,884"	"103,167"	"-1,447"	"84,711"		"84,711"		0.66	7.32%	17.85%	8.94%	-0.10%	0.63%	0.41%	0
1730	花仙子	"1,257,131.00"	"619,318"	"438,672"	"28,851"	"173,229"	"6,607"	"179,836"	"164,407"	2.5	13.78%	50.74%	15.84%	0.09%	-1.47%	-1.99%	0
1731	美吾華	"854,499.00"	"323,624"	"407,489"	"30,969"	"125,858"	"66,290"	"192,148"	"192,148"	0.95	14.73%	62.13%	14.44%	-0.17%	-2.09%	1.96%	0
1732	毛寶	"363,888.00"	"212,029"	"122,458"	"4,932"	"25,899"	"1,621"	"27,520"	"27,520"	0.61	7.12%	41.73%	8.08%	-0.10%	-0.05%	-1.72%	0
1733	五鼎	"990,376.00"	"656,425"	"202,108"	-248	"118,216"	956	"119,172"	"118,986"	1.18	11.94%	33.72%	13.31%	-0.08%	-3.47%	-3.72%	0
1734	杏輝	"1,697,782.00"	"926,985"	"567,780"	"-7,517"	"158,724"	"37,339"	"196,063"	"195,487"	0.87	9.35%	45.40%	11.96%	1.55%	0.92%	1.09%	1
1735	日勝化	"1,263,331.00"	"1,022,334"	"178,927"	"-8,078"	"38,861"	"14,883"	"53,744"	"53,744"	0.39	3.08%	19.08%	4.91%	-0.19%	0.05%	-0.21%	0
1736	喬山	"25,058,808.00"	"10,671,620"	"12,507,817"	"-482,225"	"993,429"	"356,168"	"1,349,597"	"1,349,332"	3.27	3.96%	57.41%	7.50%	6.09%	8.28%	3.76%	1
1737	臺鹽	"1,558,509.00"	"946,714"	"414,430"	"14,576"	"174,079"	"1,278"	"175,357"	"175,357"	0.87	11.17%	39.26%	12.66%	-1.15%	-2.73%	-0.79%	0
1752	南光	"1,068,214.00"	"682,490"	"238,896"	"-37,253"	"83,761"	0	"83,761"	"84,933"	0.84	7.84%	36.11%	13.75%	0.71%	0.39%	1.80%	1
1760	寶齡富錦	"1,031,127.00"	"502,671"	"383,373"	"-3,692"	"90,852"	328	"91,180"	"91,180"	1.06	8.81%	51.25%	14.07%	-0.62%	-1.95%	-1.15%	0
1762	中化生	"666,405.00"	"400,123"	"151,409"	"35,809"	"132,128"	"3,337"	"135,465"	"135,465"	2.39	19.83%	39.96%	17.24%	-1.73%	-4.80%	-5.25%	0
1773	勝一	"6,652,050.00"	"4,185,951"	"905,770"	"77,450"	"1,314,591"	"85,498"	"1,400,089"	"1,400,146"	4.38	19.76%	37.07%	23.46%	-0.48%	0.10%	-0.14%	0
1776	展宇	"528,284.00"	"407,846"	"73,811"	"10,757"	"42,475"	"16,932"	"59,407"	"56,152"	0.66	8.04%	22.80%	8.83%	-0.28%	-0.99%	-0.28%	0
1783	和康生	"411,881.00"	"126,762"	"169,934"	"17,809"	"131,923"	"8,334"	"140,257"	"140,257"	1.47	32.03%	69.22%	27.97%	-1.28%	-2.64%	4.37%	0
1786	科妍	"416,348.00"	"132,095"	"234,224"	"13,220"	"56,600"	74	"56,674"	"56,674"	0.76	13.59%	68.27%	12.02%	-2.45%	1.64%	2.90%	0
1789	神隆	"1,338,213.00"	"982,046"	"413,087"	"22,742"	"-18,999"	"184,990"	"165,991"	"165,991"	-0.02	-1.42%	26.62%	-4.25%	-6.97%	-5.54%	-3.93%	0
1795	美時	"17,453,085.00"	"8,339,249"	"4,821,626"	"-2,576,064"	"1,209,453"	"-124,953"	"1,084,500"	"1,084,500"	4.65	6.93%	52.22%	24.59%	1.49%	1.93%	0.37%	1
1802	台玻	"22,305,716.00"	"17,522,826"	"2,463,238"	"-342,727"	"1,883,478"	"2,353,428"	"4,236,906"	"4,086,449"	0.64	8.44%	21.44%	10.40%	2.22%	2.61%	2.73%	1
1805	寶徠	"104,037.00"	"67,083"	"28,283"	"1,726"	"7,781"	-64	"7,717"	"7,717"	0.06	7.48%	35.52%	8.33%	0.21%	-10.49%	-10.23%	0
1806	冠軍	"1,439,162.00"	"1,142,121"	"300,610"	"-5,271"	"-26,752"	"23,642"	"-3,110"	"-3,110"	-0.07	-1.86%	20.64%	-0.25%	4.51%	6.19%	4.01%	1
1808	潤隆	"12,460,368.00"	"9,171,387"	"539,379"	"-5,262"	"2,246,749"	"52,842"	"2,299,591"	"2,299,591"	2.52	18.03%	26.40%	22.07%	-0.96%	-0.74%	0.56%	0
1809	中釉	"1,201,841.00"	"957,243"	"254,226"	"-4,668"	-105	"40,452"	"40,347"	"41,511"	0.1	-0.01%	20.35%	-0.80%	0.99%	1.07%	0.06%	1
1810	和成	"2,181,618.00"	"1,710,700"	"696,749"	"1,446,356"	"1,086,671"	"637,473"	"1,724,144"	"1,728,448"	3.62	49.81%	21.59%	-10.35%	4.23%	8.78%	-55.91%	0
1817	凱撒衛	"1,302,175.00"	"802,346"	"294,415"	"62,601"	"216,054"	"16,461"	"232,515"	"230,702"	2.95	16.59%	38.38%	15.77%	-0.44%	-3.45%	2.13%	0
1903	士紙	"76,620.00"	"27,441"	"67,402"	"-21,399"	"-39,925"	"21,893"	"-18,032"	"-18,032"	-0.15	-52.11%	64.19%	-23.78%	-1.80%	-2.26%	-3.67%	0
1904	正隆	"22,107,225.00"	"17,558,953"	"3,005,123"	"533,895"	"1,708,049"	"215,981"	"1,924,030"	"1,800,510"	1.45	7.73%	20.57%	6.98%	-0.06%	0.30%	1.74%	0
1905	華紙	"9,080,585.00"	"8,807,238"	"953,509"	"74,346"	"-607,652"	"1,652,601"	"1,044,949"	"961,757"	-0.52	-6.69%	3.01%	-7.49%	-2.25%	-2.61%	-2.67%	0
1906	寶隆	"1,581,332.00"	"1,429,191"	"108,300"	"-3,645"	"33,242"	"-88,629"	"-55,387"		0.22	2.10%	9.62%	2.77%	1.61%	0.67%	2.61%	1
1907	永豐餘	"37,859,592.00"	"32,532,642"	"5,268,821"	"1,218,568"	"828,200"	"18,008,996"	"18,837,196"	"17,643,323"	0.47	2.19%	14.07%	0.15%	0.57%	0.58%	0.76%	1
1909	榮成	"24,247,513.00"	"21,614,343"	"2,401,313"	"124,361"	"240,945"	"386,960"	"627,905"	"628,887"	0.19	0.99%	10.86%	0.96%	0.55%	0.81%	1.27%	1
2002	中鋼	"168,002,709.00"	"158,298,737"	"6,657,946"	"-706,948"	"936,585"	"8,763,118"	"9,699,703"	"7,062,417"	-0.03	0.56%	5.78%	1.81%	2.44%	2.60%	2.91%	1
2006	東和鋼鐵	"29,865,731.00"	"24,929,990"	"1,322,760"	"253,764"	"2,992,341"	"-7,796"	"2,984,545"	"2,963,960"	4.07	10.02%	16.53%	12.10%	1.79%	1.87%	1.06%	1
2007	燁興	"2,263,967.00"	"2,410,754"	"97,545"	"-163,560"	"-436,264"	"2,442"	"-433,822"		-0.82	-19.27%	-6.48%	-10.79%	1.94%	2.61%	3.69%	1
2008	高興昌	"821,656.00"	"683,094"	"55,595"	"-14,799"	"65,515"	"506,937"	"572,452"		0.34	7.97%	16.86%	10.10%	-0.35%	0.31%	1.14%	0
2009	第一銅	"1,690,872.00"	"1,482,719"	"32,339"	"-1,167"	"174,647"	"-980,250"	"-805,603"		0.49	10.33%	12.31%	10.40%	1.09%	1.13%	0.73%	1
2010	春源	"12,883,693.00"	"11,379,252"	"488,251"	"99,251"	"886,630"	"56,778"	"943,408"	"920,030"	1.35	6.88%	11.68%	7.89%	1.07%	0.67%	1.07%	1
2012	春雨	"3,768,784.00"	"3,210,107"	"447,954"	"-54,396"	"-39,594"	833	"-38,761"	"-42,443"	-0.19	-1.05%	14.82%	2.94%	3.49%	2.93%	0.50%	1
2013	中鋼構	"9,643,740.00"	"9,155,586"	"181,792"	"41,567"	"288,180"	"31,458"	"319,638"	"319,638"	1.44	2.99%	5.06%	3.18%	0.18%	0.23%	0.12%	1
2014	中鴻	"10,322,219.00"	"10,007,894"	"194,406"	"-18,860"	"101,059"	"72,834"	"173,893"	"173,893"	0.07	0.98%	3.05%	1.16%	4.00%	4.14%	4.24%	1
2015	豐興	"13,991,827.00"	"12,204,954"	"464,081"	"314,009"	"1,372,324"	"3,989"	"1,376,313"	"1,377,897"	2.36	9.81%	12.77%	9.45%	-0.04%	0.25%	1.60%	0
2017	官田鋼	"1,408,973.00"	"1,362,962"	"201,659"	"-3,160"	"-169,755"	"2,211,390"	"2,041,635"	"1,738,106"	-0.3	-12.05%	3.27%	-11.05%	0.62%	0.54%	0.55%	1
2020	美亞	"2,048,373.00"	"1,561,754"	"154,174"	"23,952"	"271,337"	"-8,968"	"262,369"	"262,380"	1.02	13.25%	23.76%	16.23%	1.45%	1.14%	2.74%	1
2022	聚亨	"6,219,914.00"	"5,799,615"	"440,821"	"-7,037"	"-53,645"	"-137,488"	"-191,133"	"-93,017"	-0.18	-0.86%	6.76%	-0.33%	0.42%	-0.32%	-0.21%	0
2023	燁輝	"33,690,191.00"	"30,487,209"	"2,767,525"	"-1,432,356"	"-1,107,358"	"330,250"	"-777,108"	"-601,210"	-0.52	-3.29%	9.51%	1.29%	0.96%	0.77%	1.85%	1
2024	志聯	"510,396.00"	"461,078"	"32,030"	"8,782"	"26,070"		"26,070"		0.27	5.11%	9.66%	3.39%	1.29%	0.96%	-1.58%	0
2025	千興	"902,798.00"	"753,217"	"25,317"	"7,415"	"130,422"	"512,544"	"642,966"		0.76	14.45%	16.57%	13.76%	-5.64%	-5.14%	-7.01%	0
2027	大成鋼	"67,172,372.00"	"47,678,908"	"6,242,617"	"-735,192"	"8,931,705"	"1,074,470"	"10,006,175"	"8,646,105"	3.1	13.30%	29.02%	19.73%	1.70%	1.65%	2.03%	1
2028	威致	"4,741,494.00"	"4,490,105"	"109,318"	"3,672"	"120,517"	"2,222"	"122,739"		0.37	2.54%	5.30%	3.00%	0.25%	0.07%	0.48%	1
2029	盛餘	"6,713,601.00"	"5,673,866"	"691,870"	"50,108"	"325,384"	"6,568"	"331,952"	"317,742"	0.98	4.85%	15.49%	5.18%	1.34%	0.52%	0.33%	1
2030	彰源	"5,824,707.00"	"4,829,351"	"393,669"	"-15,410"	"457,594"	"104,206"	"561,800"	"561,800"	1.66	7.86%	17.09%	10.33%	2.02%	2.42%	1.47%	1
2031	新光鋼	"9,410,970.00"	"8,136,945"	"401,739"	"1,002,014"	"1,721,683"	"-644,978"	"1,076,705"	"1,034,748"	5.23	18.29%	13.54%	9.27%	1.16%	-0.06%	16.56%	0
2032	新鋼	"1,665,543.00"	"1,473,275"	"65,641"	"31,659"	"133,702"	"-14,056"	"119,646"		1.02	8.03%	11.54%	7.60%	-0.36%	-0.17%	-0.14%	0
2033	佳大	"343,779.00"	"291,828"	"36,546"	"1,281"	"12,303"		"12,303"		0.15	3.58%	15.11%	4.48%	-0.43%	-0.44%	-0.67%	0
2034	允強	"6,293,155.00"	"5,681,652"	"412,193"	"-131,875"	"72,884"	"-222,271"	"-149,387"	"-149,387"	0.14	1.16%	9.72%	3.17%	1.30%	1.90%	1.10%	1
2038	海光	"3,983,958.00"	"3,928,782"	"96,125"	"37,689"	"-3,181"	"9,506"	"6,325"	"14,164"	0.02	-0.08%	1.38%	-1.03%	-0.52%	-0.56%	-1.46%	0
2049	上銀	"13,887,696.00"	"9,284,750"	"2,938,524"	"134,399"	"1,365,493"	"1,106,037"	"2,471,530"	"2,532,985"	4.03	9.83%	33.14%	11.98%	1.20%	2.10%	1.23%	1
2059	川湖	"16,279,766.00"	"2,575,266"	"1,160,355"	"926,109"	"10,573,871"	"14,159"	"10,588,030"	"10,588,030"	110.96	64.95%	84.18%	77.05%	6.44%	10.00%	0.99%	1
2062	橋椿	"3,486,742.00"	"3,098,600"	"278,019"	"-53,123"	"38,998"	"215,058"	"254,056"	"254,359"	0.2	1.12%	11.13%	3.16%	0.53%	0.84%	1.10%	1
2069	運錩	"4,999,074.00"	"4,265,999"	"352,581"	"-39,657"	"276,579"	"128,011"	"404,590"	"404,590"	1.66	5.53%	14.66%	7.61%	2.61%	1.62%	0.92%	1
2072	世紀風電	"8,846,285.00"	"6,614,723"	"191,311"	"97,861"	"1,692,402"		"1,692,402"	"1,691,578"	9.3	19.13%	25.23%	23.06%	-5.69%	-5.26%	-3.74%	0
2101	南港	"13,049,685.00"	"7,501,053"	"1,288,284"	"-1,098,586"	"2,941,415"	"183,759"	"3,125,174"	"3,125,174"	4.07	22.54%	42.52%	32.65%	1.26%	2.24%	-2.24%	0
2102	泰豐	"89,730.00"	"72,816"	"106,343"	"69,203"	"-40,761"	"2,724"	"-38,037"	"-38,037"	-0.09	-45.43%	18.85%	-99.66%	3.77%	14.10%	-59.59%	0
2103	台橡	"22,212,066.00"	"18,433,120"	"1,483,421"	"533,947"	"2,052,192"	"542,497"	"2,594,689"	"2,348,905"	2.26	9.24%	17.01%	10.33%	4.76%	4.88%	4.38%	1
2104	國際中橡	"6,759,902.00"	"7,534,380"	"606,004"	"-67,067"	"-1,560,142"	"194,418"	"-1,372,850"	"-1,098,074"	-1.32	-23.08%	-11.46%	-20.42%	5.43%	4.90%	5.08%	1
2105	正新	"48,618,807.00"	"36,544,028"	"7,233,614"	"-159,824"	"3,404,701"	"2,585,114"	"5,989,815"	"5,975,998"	1.05	7.00%	24.84%	9.96%	-0.01%	0.03%	-0.92%	0
2106	建大	"18,245,318.00"	"14,645,648"	"3,052,860"	"-103,639"	"311,357"	"596,365"	"907,722"	"907,722"	0.33	1.71%	19.73%	3.00%	-0.02%	0.06%	0.43%	0
2107	厚生	"748,158.00"	"455,863"	"95,359"	"206,693"	"345,956"	"1,715,949"	"2,061,905"	"2,061,905"	1.14	46.24%	39.07%	26.32%	5.80%	7.46%	24.83%	1
2108	南帝	"6,046,460.00"	"4,208,325"	"834,386"	"164,943"	"845,547"	"177,617"	"1,023,164"	"807,664"	1.28	13.98%	30.40%	16.60%	3.16%	4.19%	3.22%	1
2109	華豐	"2,287,199.00"	"1,785,482"	"289,792"	"123,566"	"250,210"	"-113,759"	"136,451"	"144,895"	0.72	10.94%	21.94%	9.27%	-0.82%	-1.69%	-2.22%	0
2114	鑫永銓	"809,822.00"	"493,042"	"61,988"	"40,470"	"240,092"		"240,092"		3.08	29.65%	39.12%	31.46%	-1.15%	-0.73%	1.24%	0
2115	六暉-KY	"1,741,262.00"	"1,404,890"	"194,459"	"52,674"	"127,049"	"85,602"	"212,651"	"215,740"	1.24	7.30%	19.32%	8.15%	0.92%	1.24%	3.83%	1
2201	裕隆	"34,369,539.00"	"23,112,456"	"7,931,588"	"-526,655"	"2,011,449"	"1,585,866"	"3,597,315"	"1,783,673"	0.5	5.85%	32.75%	9.68%	-0.24%	0.67%	-0.36%	0
2204	中華	"18,057,256.00"	"15,436,715"	"1,658,186"	"796,028"	"1,757,140"	"832,510"	"2,589,650"	"2,474,388"	3.19	9.73%	14.51%	5.33%	0.60%	0.38%	3.15%	1
2206	三陽工業	"30,564,233.00"	"24,159,267"	"3,743,116"	"602,286"	"2,485,331"	"696,037"	"3,181,368"	"3,021,626"	3.14	8.13%	20.96%	8.71%	-0.25%	-0.71%	0.76%	0
2208	台船	"9,588,436.00"	"10,154,660"	"348,011"	"1,277,563"	"348,025"	"53,454"	"401,479"	"408,336"	0.28	3.63%	-5.91%	-9.53%	-5.95%	-5.73%	1.81%	0
2211	長榮鋼	"7,667,496.00"	"5,694,816"	"438,427"	"375,658"	"1,577,697"	"1,693,020"	"3,270,717"	"3,057,837"	3.26	20.58%	25.73%	20.01%	2.57%	1.39%	4.94%	1
2227	裕日車	"6,716,356.00"	"6,156,372"	"913,338"	"-635,790"	"-780,613"	"680,019"	"-100,594"	"-100,594"	-2.6	-11.62%	8.34%	-5.26%	-2.74%	-1.08%	-3.20%	0
2228	劍麟	"2,441,123.00"	"1,910,356"	"341,438"	"4,584"	"139,325"	"141,808"	"281,133"	"281,133"	1.75	5.71%	21.74%	7.76%	-0.64%	-0.64%	0.07%	0
2231	為升	"1,486,678.00"	"952,693"	"515,441"	"10,358"	"-25,373"	"24,846"	-527	"80,321"	0.39	-1.71%	35.92%	1.25%	-0.79%	-1.76%	-3.93%	0
2233	宇隆	"1,695,564.00"	"1,193,514"	"299,046"	"43,431"	"216,733"	"123,795"	"340,528"	"329,605"	3.4	12.78%	29.61%	11.97%	2.02%	1.48%	-0.44%	0
2237	華德動能-創	"1,838,155.00"	"1,452,075"	"140,656"	"-20,992"	"251,426"	"6,717"	"258,143"	"258,143"	2.09	13.68%	21.00%	13.35%				0
2241	艾姆勒	"472,595.00"	"428,636"	"82,987"	"1,229"	"-37,300"	"15,263"	"-22,037"	"-35,325"	-0.42	-7.89%	9.30%	-8.26%	-1.90%	-2.39%	-3.01%	0
2247	汎德永業	"20,624,972.00"	"18,225,749"	"1,786,563"	"27,281"	"528,441"		"528,441"	"528,441"	6.55	2.56%	11.63%	2.97%	-0.33%	0.55%	0.44%	0
2250	IKKA-KY	"1,573,401.00"	"1,317,918"	"219,272"	"34,360"	"30,633"	"-11,225"	"19,408"	"19,408"	0.84	1.95%	16.24%	2.30%	-0.83%	-1.33%	-0.95%	0
2254	巨鎧精密-創	"62,568.00"	"103,384"	"85,282"	"-8,750"	"-134,861"		"-134,861"	"-134,861"	-2.12	-215.54%	-65.23%	-201.54%	7.95%	2.75%	3.55%	1
2258	鴻華先進-創	"2,304,967.00"	"2,040,185"	"2,253,857"	"-23,831"	"-2,013,293"	"2,139"	"-2,011,154"	"-2,011,154"	-1.15	-87.35%	11.49%	-86.30%	-2.18%	20.47%	22.44%	0
2301	光寶科	"96,110,746.00"	"72,359,356"	"11,449,535"	"2,036,325"	"10,894,546"	"1,919,222"	"12,813,768"	"12,808,633"	4.8	11.34%	24.71%	12.80%	3.05%	3.36%	2.64%	1
2302	麗正	"500,767.00"	"322,606"	"107,214"	"54,504"	"100,213"	"-12,931"	"87,282"	"87,282"	0.6	20.01%	35.58%	14.17%	2.86%	6.74%	0.85%	1
2303	聯電	"129,770,564.00"	"89,629,284"	"15,004,154"	"35,603,550"	"58,340,799"	"40,671,988"	"99,012,787"	"99,103,359"	4.68	44.96%	30.93%	19.37%	1.74%	1.81%	18.55%	1
2305	全友	"632,462.00"	"343,634"	"179,410"	"92,185"	"162,682"	"51,505"	"214,187"	"149,336"	0.51	25.72%	45.67%	17.30%	3.45%	9.78%	5.54%	1
2308	台達電	"342,608,732.00"	"218,339,911"	"65,281,476"	"7,105,092"	"51,003,600"	"3,340,412"	"54,344,012"	"49,830,610"	17.59	14.89%	36.27%	17.22%	-0.73%	-0.62%	-0.07%	0
2312	金寶	"75,059,518.00"	"69,892,093"	"3,054,489"	"-66,071"	"1,493,671"	"1,843,828"	"3,337,499"	"2,467,887"	0.7	1.99%	6.88%	2.82%	0.01%	0.35%	-0.02%	0
2313	華通	"39,540,030.00"	"32,324,210"	"3,326,090"	"-349,223"	"2,982,832"	"1,070,024"	"4,052,856"	"4,052,856"	2.5	7.54%	18.25%	9.84%	0.27%	-0.08%	-0.15%	0
2314	台揚	"828,731.00"	"749,947"	"326,092"	"72,968"	"-179,623"	"43,380"	"-136,243"	"-136,243"	-1.69	-21.67%	9.51%	-29.84%	-4.94%	-2.02%	5.09%	0
2316	楠梓電	"2,154,260.00"	"2,130,871"	"281,057"	"1,793,214"	"1,187,159"	"820,864"	"2,008,023"	"2,008,023"	6.54	55.11%	1.09%	-11.96%	-5.11%	-4.82%	-7.46%	0
2317	鴻海	"4,645,427,824.00"	"4,359,913,943"	"115,062,160"	"-1,554,101"	"127,012,192"	"113,901,137"	"240,913,329"	"217,186,782"	7.84	2.73%	6.15%	3.67%	-0.03%	0.10%	0.05%	0
2321	東訊	"372,148.00"	"242,056"	"105,904"	"-1,364"	"20,740"	"-12,168"	"8,572"	"-3,869"	0.27	5.57%	34.96%	6.50%	2.25%	4.64%	4.37%	1
2323	中環	"3,955,572.00"	"2,930,380"	"837,978"	"1,300,974"	"1,085,529"	"-51,220"	"1,034,309"	"1,019,388"	0.99	27.44%	25.92%	4.73%	-0.46%	-1.48%	48.99%	0
2324	仁寶	"439,598,212.00"	"417,979,659"	"16,119,715"	"2,231,175"	"5,999,461"	"9,401,200"	"15,400,661"	"14,460,993"	1.18	1.36%	4.92%	1.25%	-0.35%	-0.06%	0.18%	0
2327	國巨*	"82,621,975.00"	"50,963,891"	"10,296,460"	"1,185,481"	"17,493,881"	"2,611,068"	"20,104,949"	"20,027,216"	8.48	21.17%	38.32%	25.85%	0.21%	0.67%	0.11%	1
2328	廣宇	"9,633,793.00"	"8,842,265"	"791,426"	"-49,110"	"-159,099"	"328,703"	"169,604"	"167,994"	-0.24	-1.65%	8.22%	0.00%	0.43%	0.34%	0.88%	1
2329	華泰	"10,336,694.00"	"8,989,432"	"729,295"	"126,940"	"642,824"	"5,051,133"	"5,693,957"	"5,693,957"	0.96	6.22%	13.03%	5.98%	0.24%	0.37%	1.39%	1
2330	台積電	"2,404,483,690.00"	"792,877,574"	"192,987,740"	"124,660,980"	"1,279,582,227"	"71,282,249"	"1,350,864,476"	"1,350,950,974"	49.33	53.22%	67.03%	59.00%	0.78%	1.04%	2.71%	1
2331	精英	"10,752,250.00"	"9,869,495"	"848,359"	"291,630"	"293,767"	"-243,867"	"49,900"	"49,720"	0.53	2.73%	8.21%	0.32%	-0.48%	-0.11%	1.48%	0
2332	友訊	"7,127,361.00"	"5,369,657"	"1,659,800"	"-26,319"	"-6,271"	"-73,809"	"-80,080"	"-85,992"	-0.07	-0.09%	24.66%	1.37%	-0.61%	0.46%	0.48%	0
2337	旺宏	"29,593,392.00"	"13,002,018"	"5,691,266"	"366,105"	"9,515,162"	"5,502,522"	"15,017,684"	"15,010,433"	4.82	32.15%	56.06%	36.83%	15.26%	18.37%	15.16%	1
2338	光罩	"3,052,495.00"	"2,558,894"	"491,465"	"210,501"	"185,319"	"19,586"	"204,905"	"208,531"	0.61	6.07%	16.17%	0.07%	-1.38%	-0.86%	-4.22%	0
2340	台亞	"2,163,511.00"	"2,204,483"	"438,135"	"55,840"	"-462,667"	"156,163"	"-306,504"	"-252,336"	-0.93	-21.39%	-1.89%	-22.14%	2.07%	4.60%	3.56%	1
2342	茂矽	"1,008,161.00"	"854,346"	"200,784"	"11,481"	"-35,488"	154	"-35,334"	"-35,740"	-0.23	-3.52%	15.26%	-4.66%	-0.60%	0.38%	-0.03%	0
2344	華邦電	"98,096,329.00"	"38,036,047"	"18,530,452"	"1,177,000"	"34,316,577"	"22,617,970"	"56,934,547"	"57,036,262"	7.65	34.98%	61.23%	42.34%	7.86%	9.53%	8.53%	1
2345	智邦	"165,658,435.00"	"133,132,194"	"8,143,626"	"550,063"	"19,380,206"	"491,110"	"19,871,316"	"19,885,960"	34.7	11.70%	19.63%	14.72%	0.08%	0.38%	-0.19%	0
2347	聯強	"327,367,601.00"	"315,114,418"	"4,099,810"	"1,012,922"	"7,143,226"	"6,470,934"	"13,614,160"	"13,502,590"	4.12	2.18%	3.74%	2.49%	-0.55%	-0.18%	-0.26%	0
2348	海悅	"3,116,285.00"	"2,304,847"	"326,164"	"-153,825"	"194,050"	"-25,476"	"168,574"	"191,699"	1.06	6.23%	26.04%	15.57%	-2.08%	-0.93%	4.99%	0
2349	錸德	"3,781,493.00"	"3,132,005"	"624,884"	"109,827"	"122,001"	"419,467"	"541,468"	"255,131"	0.05	3.23%	17.18%	0.65%	-4.04%	-2.84%	4.38%	0
2351	順德	"6,364,416.00"	"5,090,557"	"585,181"	"17,531"	"554,866"	"70,899"	"625,765"	"595,693"	2.82	8.72%	20.02%	10.82%	0.89%	1.13%	0.42%	1
2352	佳世達	"104,271,746.00"	"86,570,733"	"16,357,140"	"769,911"	"1,420,375"	"12,157,418"	"13,577,793"	"12,859,655"	0.58	1.36%	16.98%	1.29%	0.30%	-0.05%	0.63%	0
2353	宏碁	"157,726,373.00"	"139,939,963"	"15,233,355"	"3,067,547"	"4,135,130"	"2,530,418"	"6,665,548"	"5,281,709"	0.96	2.62%	11.28%	1.62%	0.11%	0.53%	0.77%	1
2354	鴻準	"55,616,127.00"	"53,168,367"	"1,731,663"	"1,598,263"	"1,532,040"	"6,998,158"	"8,530,198"	"8,561,212"	1.1	2.75%	4.40%	1.29%	-0.44%	-0.19%	0.16%	0
2355	敬鵬	"8,297,117.00"	"7,290,264"	"625,356"	"223,293"	"426,464"	"229,500"	"655,964"	"656,064"	1.07	5.14%	12.13%	4.60%	0.05%	-0.20%	-0.94%	0
2356	英業達	"470,167,600.00"	"448,574,830"	"13,236,460"	"-32,415"	"6,334,194"	"2,355,989"	"8,690,183"	"8,666,652"	1.76	1.35%	4.59%	1.78%	-0.49%	-0.03%	0.13%	0
2357	華碩	"466,101,713.00"	"390,887,653"	"42,342,324"	"7,247,167"	"31,494,261"	"36,162,960"	"67,657,221"	"64,809,487"	38.83	6.76%	16.14%	7.05%	1.27%	1.34%	1.40%	1
2359	所羅門	"2,333,384.00"	"1,858,576"	"484,519"	"908,526"	"873,797"	"15,993"	"889,790"	"798,000"	4.55	37.45%	20.35%	-0.42%	-1.09%	3.61%	21.39%	0
2360	致茂	"25,389,128.00"	"9,779,881"	"5,570,478"	"1,569,114"	"9,177,808"	"557,326"	"9,735,134"	"9,537,927"	21.27	36.15%	61.48%	39.54%	-1.12%	-0.91%	2.86%	0
2362	藍天	"11,470,739.00"	"9,317,665"	"1,472,844"	"1,958,389"	"2,340,274"	"2,379,225"	"4,719,499"	"4,719,499"	4.05	20.40%	18.77%	5.93%	-2.11%	-0.92%	13.30%	0
2363	矽統	"2,211,081.00"	"1,582,746"	"506,356"	"53,429"	"106,329"	"30,974,721"	"31,081,050"	"31,078,777"	0.2	4.81%	28.42%	5.52%	-0.38%	-1.68%	-3.55%	0
2364	倫飛	"858,259.00"	"500,940"	"215,531"	"19,321"	"160,901"	"1,653"	"162,554"	"162,158"	3.06	18.75%	41.63%	16.52%	3.17%	7.49%	5.74%	1
2365	昆盈	"488,411.00"	"298,682"	"163,032"	"39,576"	"55,682"	"38,144"	"93,826"	"94,489"	0.26	11.40%	38.85%	5.47%	-0.42%	-1.82%	-1.26%	0
2367	燿華	"8,008,524.00"	"7,488,165"	"1,040,902"	"65,706"	"-451,410"	"45,058"	"-406,352"	"-406,352"	-0.64	-5.64%	6.50%	-6.50%	0.73%	1.21%	1.66%	1
2368	金像電	"43,592,084.00"	"28,456,475"	"3,832,631"	"-215,118"	"8,267,039"	"430,032"	"8,697,071"	"8,697,071"	16.17	18.96%	34.72%	25.93%	-0.09%	-0.94%	0.93%	0
2369	菱生	"3,537,444.00"	"3,225,718"	"198,267"	"23,855"	"109,297"	"5,951"	"115,248"	"115,246"	0.29	3.09%	8.81%	3.21%	1.56%	1.65%	1.07%	1
2371	大同	"24,501,702.00"	"20,352,960"	"3,032,467"	"1,098,592"	"2,048,230"	"113,081"	"2,161,311"	"1,947,647"	0.91	8.36%	16.93%	4.56%	0.50%	0.79%	9.04%	1
2373	震旦行	"5,122,499.00"	"2,808,627"	"2,046,566"	"162,643"	"383,046"	"447,370"	"830,416"	"767,914"	1.63	7.48%	45.17%	5.22%	0.05%	0.60%	0.88%	1
2374	佳能	"5,791,792.00"	"4,391,062"	"831,481"	"55,639"	"515,247"	"203,804"	"719,051"	"702,152"	1.55	8.90%	24.18%	9.83%	-0.13%	0.74%	-0.07%	0
2375	凱美	"3,009,457.00"	"2,465,570"	"319,970"	"92,637"	"200,644"	"691,806"	"892,450"	"892,450"	1.85	6.67%	18.07%	7.44%	1.11%	1.44%	0.75%	1
2376	技嘉	"249,271,763.00"	"222,784,004"	"10,953,806"	"971,278"	"13,108,902"	"3,558,291"	"16,667,193"	"15,429,440"	17.73	5.26%	10.63%	6.23%	-1.38%	-0.83%	-0.11%	0
2377	微星	"106,169,557.00"	"89,760,168"	"9,252,146"	"609,269"	"6,415,854"	"587,762"	"7,003,616"	"7,003,616"	7.59	6.04%	15.46%	6.74%	0.45%	-0.15%	-0.03%	0
2379	瑞昱	"73,975,769.00"	"38,237,359"	"27,681,282"	"1,290,631"	"8,135,122"	"2,543,606"	"10,678,728"	"10,678,659"	15.86	11.00%	48.31%	10.89%	-1.35%	-1.00%	-0.89%	0
2380	虹光	"1,502,032.00"	"1,065,821"	"398,483"	"-56,327"	"26,444"	"5,025"	"31,469"	"31,422"	0.43	1.76%	29.04%	2.51%	-9.57%	-5.90%	-1.83%	0
2382	廣達	"1,845,813,767.00"	"1,755,037,883"	"33,507,805"	"3,829,916"	"50,093,575"	"10,647,885"	"60,741,460"	"60,310,359"	12.93	2.71%	4.92%	3.10%	0.14%	0.26%	0.08%	1
2383	台光電	"80,342,455.00"	"54,610,311"	"5,869,991"	"117,256"	"15,210,423"	"1,624,477"	"16,834,900"	"16,837,963"	42.46	18.93%	32.03%	24.72%	2.61%	3.16%	2.79%	1
2385	群光	"45,259,478.00"	"38,517,327"	"4,466,273"	"2,188,922"	"4,298,272"	"1,625,679"	"5,923,951"	"5,117,476"	5.06	9.50%	14.90%	5.03%	-1.25%	-2.52%	2.25%	0
2387	精元	"8,511,385.00"	"7,531,203"	"845,098"	"126,609"	"166,309"	"466,584"	"632,893"	"546,727"	0.66	1.95%	11.52%	1.59%	-0.13%	-0.54%	-0.94%	0
2388	威盛	"5,607,361.00"	"4,341,980"	"2,118,102"	"1,012,359"	"123,896"	"815,521"	"939,417"	"944,926"	0.34	2.21%	22.57%	-15.21%	-1.38%	8.82%	1.99%	0
2390	云辰	"322,952.00"	"257,723"	"90,629"	"49,809"	"20,412"	"11,219"	"31,631"	"31,631"	0.11	6.32%	20.20%	-7.86%	-3.03%	-1.08%	-63.92%	0
2392	正崴	"37,925,181.00"	"33,261,169"	"3,990,963"	"7,879,118"	"6,201,032"	"1,284,089"	"7,485,121"	"7,048,489"	12.56	16.35%	12.30%	1.77%	-7.02%	-8.21%	7.55%	0
2393	億光	"10,400,996.00"	"7,859,147"	"1,653,974"	"379,695"	"992,812"	"291,115"	"1,283,927"	"1,241,795"	2.14	9.55%	24.44%	8.54%	-0.29%	1.12%	1.29%	0
2395	研華	"46,511,554.00"	"28,686,490"	"8,969,289"	"802,495"	"7,821,490"	"1,572,644"	"9,394,134"	"9,423,507"	9.05	16.82%	38.32%	19.04%	-0.82%	0.75%	0.54%	0
2397	友通	"6,738,375.00"	"5,050,985"	"1,232,520"	"-20,390"	"326,753"	"31,456"	"358,209"	"248,814"	2.05	4.85%	25.04%	6.75%	0.15%	1.18%	0.88%	1
2399	映泰	"963,211.00"	"837,344"	"243,599"	"833,678"	"631,283"	"-1,092"	"630,191"	"630,191"	3.54	65.54%	13.07%	-12.22%	-3.40%	-3.48%	5.00%	0
2401	凌陽	"3,882,273.00"	"1,996,826"	"1,504,195"	"175,641"	"453,738"	"27,181"	"480,919"	"219,712"	0.35	11.69%	48.57%	9.82%	-1.17%	1.99%	6.36%	0
2402	毅嘉	"6,081,265.00"	"5,257,136"	"559,020"	"-63,329"	"141,337"	"343,554"	"484,891"	"484,891"	0.46	2.32%	13.55%	4.36%	0.73%	1.49%	1.59%	1
2404	漢唐	"46,368,948.00"	"35,472,950"	"1,720,655"	"866,737"	"6,852,024"	"11,285"	"6,863,309"	"6,844,470"	36.23	14.78%	23.50%	19.79%	0.18%	0.22%	-0.44%	0
2405	輔信	"901,546.00"	"512,955"	"384,591"	"4,599"	"9,122"	"-18,580"	"-9,458"	"-9,181"	0.03	1.01%	43.10%	0.44%	-1.83%	0.86%	0.92%	0
2406	國碩	"5,542,970.00"	"4,703,426"	"564,605"	"160,258"	"359,580"	"-85,745"	"273,835"	"95,925"	0.33	6.49%	15.15%	4.96%	-4.04%	-5.45%	-4.26%	0
2408	南亞科	"131,636,005.00"	"32,693,063"	"7,997,773"	"3,109,911"	"76,250,023"	"1,664,384"	"77,914,407"	"77,915,130"	23.38	57.92%	75.16%	69.09%	7.27%	7.73%	4.84%	1
2409	友達	"139,922,549.00"	"122,490,911"	"17,848,917"	"2,666,872"	"1,080,601"	"5,605,877"	"6,686,478"	"5,488,017"	0.03	0.77%	12.46%	-0.30%	0.60%	0.62%	2.28%	1
2412	中華電	"121,351,909.00"	"75,566,838"	"19,423,637"	"767,574"	"21,873,887"	"-100,149"	"21,773,738"	"20,593,145"	2.68	18.03%	37.73%	21.72%	-0.19%	-0.12%	0.34%	0
2413	環科	"1,800,569.00"	"1,495,008"	"243,470"	"278,985"	"304,847"	"6,236"	"311,083"	"311,082"	2.39	16.93%	16.97%	3.45%	1.39%	1.49%	9.11%	1
2414	精技	"20,333,244.00"	"18,890,488"	"862,418"	"-8,256"	"459,341"	"1,814"	"461,155"	"409,237"	2.53	2.26%	7.10%	2.85%	-1.07%	-0.29%	-0.28%	0
2415	錩新	"1,237,521.00"	"952,845"	"159,344"	"-13,108"	"42,810"	"54,233"	"97,043"	"77,963"	0.47	3.46%	23.00%	10.13%	-1.89%	-1.61%	-3.44%	0
2417	圓剛	"1,871,573.00"	"792,686"	"945,085"	"35,841"	"140,945"	"4,163"	"145,108"	"78,076"	0.6	7.53%	57.65%	7.15%	-0.33%	1.47%	-0.08%	0
2419	仲琦	"4,119,381.00"	"3,350,318"	"706,911"	"46,474"	"78,714"	"30,606"	"109,320"	"75,779"	0.14	1.91%	18.67%	1.51%	-0.49%	0.18%	-0.07%	0
2420	新巨	"1,144,301.00"	"581,956"	"190,605"	"69,698"	"352,020"	"23,212"	"375,232"	"374,763"	2.3	30.76%	49.14%	32.49%	1.39%	2.64%	1.62%	1
2421	建準	"10,438,117.00"	"7,155,364"	"1,658,323"	"92,804"	"1,339,139"	"96,904"	"1,436,043"	"1,436,043"	4.78	12.83%	31.45%	15.56%	-0.21%	-0.14%	-0.10%	0
2423	固緯	"1,708,577.00"	"756,071"	"527,181"	"43,796"	"361,883"	"26,984"	"388,867"	"388,867"	2.49	21.18%	55.75%	24.89%	-0.44%	-1.07%	-1.76%	0
2424	隴華	"86,587.00"	"72,235"	"80,378"	"3,568"	"-62,458"	-95	"-62,553"	"-58,902"	-0.99	-72.13%	16.58%	-76.25%	18.50%	38.03%	33.28%	1
2425	承啟	"1,656,969.00"	"1,538,195"	"108,586"	"17,926"	"11,696"	"56,446"	"174,533"	"102,378"	0.68	0.71%	7.17%	0.61%	-0.54%	0.60%	0.07%	0
2426	鼎元	"1,237,137.00"	"974,505"	"191,076"	"12,212"	"83,159"	"12,279"	"95,438"	"95,438"	0.28	6.72%	21.23%	5.78%	1.59%	2.72%	3.67%	1
2427	三商電	"3,143,801.00"	"2,386,294"	"598,125"	"19,368"	"145,392"	"120,339"	"265,731"	"265,731"	0.73	4.62%	24.10%	5.07%	5.18%	1.50%	1.68%	1
2428	興勤	"4,751,446.00"	"3,041,663"	"634,049"	"245,647"	"969,224"	"424,698"	"1,393,922"	"1,391,701"	7.55	20.40%	35.98%	22.64%	2.01%	2.74%	6.55%	1
2429	銘旺科	"200,442.00"	"191,252"	"69,468"	"-4,868"	"-65,572"	"3,979"	"-61,593"	"-61,088"	-0.76	-32.71%	4.58%	-30.07%	0.34%	0.96%	2.41%	1
2430	燦坤	"8,671,133.00"	"7,405,635"	"1,232,214"	"-21,317"	"10,283"	"-4,382"	"5,901"	"5,901"	0.09	0.12%	14.59%	0.38%	-0.20%	-0.15%	-0.08%	0
2431	聯昌	"121,386.00"	"122,688"	"47,280"	"12,934"	"-35,645"	"26,845"	"-8,800"	"-8,800"	-0.32	-29.37%	-1.07%	-40.02%	5.30%	3.89%	6.55%	1
2432	倚天酷碁-創	"2,246,753.00"	"2,008,186"	"199,845"	"22,602"	"50,884"	"32,259"	"83,143"	"83,143"	0.82	2.26%	10.62%	1.72%	-0.30%	-0.20%	0.56%	0
2433	互盛電	"1,366,908.00"	"878,845"	"293,522"	"9,237"	"161,758"	"184,925"	"346,683"	"305,738"	1.06	11.83%	35.71%	14.23%	0.83%	0.48%	0.52%	1
2434	統懋	"26,784.00"	"38,139"	"29,201"	"18,403"	"-24,129"	"1,168"	"-22,961"	"-22,961"	-0.65	-90.09%	-42.39%	-151.42%	-16.17%	3.46%	-46.54%	0
2436	偉詮電	"2,207,387.00"	"1,493,633"	"454,021"	"440,949"	"597,751"	"222,297"	"820,048"	"818,061"	3.02	27.08%	32.33%	11.77%	-1.20%	-1.91%	13.96%	0
2438	翔耀	"291,676.00"	"262,758"	"101,537"	"-10,243"	"-82,862"	"-1,966"	"-84,828"	"-63,342"	-0.94	-28.41%	9.91%	-24.90%	-5.10%	-9.25%	-10.26%	0
2439	美律	"21,408,429.00"	"19,068,968"	"2,129,390"	"379,749"	"637,646"	"265,882"	"903,528"	"628,458"	1.54	2.98%	10.93%	0.98%	-0.90%	-0.90%	-0.53%	0
2440	太空梭	"2,215,546.00"	"2,111,983"	"63,133"	"-8,434"	"23,650"	"207,012"	"230,662"	"230,662"	0.17	1.07%	4.67%	1.82%	-1.20%	-0.68%	-0.92%	0
2441	超豐	"10,005,945.00"	"7,609,096"	"389,995"	"111,534"	"1,692,497"	"3,347,575"	"5,040,072"	"5,040,110"	2.98	16.91%	23.95%	20.06%	0.33%	0.50%	0.02%	1
2442	新美齊	"3,557,300.00"	"2,623,005"	"247,417"	"76,260"	"610,981"	"-16,127"	"594,854"	"358,439"	1.16	17.18%	26.26%	19.31%	-2.58%	-3.31%	-1.29%	0
2444	兆勁	"433,549.00"	"455,953"	"115,003"	-154	"-137,561"	"2,118"	"-135,443"	"-135,443"	-1.35	-31.73%	-5.17%	-31.69%	-6.02%	-4.08%	-6.11%	0
2449	京元電子	"21,333,559.00"	"12,882,853"	"2,850,946"	"284,446"	"4,778,188"	"8,679,293"	"13,457,481"	"13,457,490"	3.91	22.40%	39.61%	26.25%	-0.13%	-0.95%	-0.04%	0
2450	神腦	"17,234,568.00"	"15,527,561"	"1,552,561"	"53,813"	"172,709"	"2,343"	"175,052"	"175,295"	0.67	1.00%	9.90%	0.90%	0.23%	0.18%	0.26%	1
2451	創見	"32,443,888.00"	"7,538,847"	"992,874"	"940,547"	"20,019,710"	"466,394"	"20,486,104"	"20,486,104"	46.63	61.71%	76.76%	73.70%	0.37%	1.90%	2.11%	1
2453	凌群	"3,380,233.00"	"2,539,749"	"664,574"	"18,404"	"150,543"	"11,068"	"161,611"	"163,452"	1.53	4.45%	24.86%	5.20%	0.15%	-1.64%	-1.19%	0
2454	聯發科	"301,333,121.00"	"161,970,152"	"93,604,343"	"9,222,453"	"48,981,437"	"12,902,151"	"61,883,588"	"61,348,301"	30.44	16.25%	46.25%	15.19%	-0.05%	-0.16%	-0.09%	0
2455	全新	"1,924,683.00"	"1,186,546"	"287,673"	"29,836"	"408,673"		"408,673"		2.2	21.23%	38.35%	23.40%	0.26%	-0.22%	0.90%	0
2457	飛宏	"4,329,208.00"	"3,352,400"	"1,232,445"	"33,259"	"-278,879"	"174,391"	"-104,488"	"-104,488"	-0.65	-6.44%	22.56%	-5.90%	1.38%	0.59%	0.48%	1
2458	義隆	"6,429,625.00"	"3,374,074"	"1,580,046"	"355,548"	"1,521,655"	"27,929"	"1,549,584"	"1,611,682"	5.53	23.67%	47.52%	22.95%	-0.10%	-1.18%	2.71%	0
2459	敦吉	"2,583,740.00"	"1,807,675"	"369,224"	"71,445"	"333,940"	"352,983"	"686,923"	"672,453"	3.19	12.92%	30.04%	15.75%	-0.47%	0.80%	0.95%	0
2460	建通	"2,394,267.00"	"2,140,337"	"184,010"	"7,425"	"43,603"	"76,648"	"120,251"	"120,251"	0.26	1.82%	10.61%	2.92%	-0.83%	-0.28%	0.15%	0
2461	光群雷	"2,671,688.00"	"1,949,006"	"526,183"	"-59,710"	"91,936"	"111,568"	"203,504"	"200,527"	0.64	3.44%	27.05%	7.35%	0.44%	0.17%	0.36%	1
2462	良得電	"2,021,443.00"	"1,827,667"	"227,657"	"33,864"	"-27,113"	"99,500"	"72,387"	"53,350"	-0.19	-1.34%	9.59%	-1.68%	0.89%	0.54%	-1.48%	0
2464	盟立	"4,033,517.00"	"3,204,556"	"657,603"	"-21,098"	"135,698"	"111,730"	"247,428"	"246,983"	0.66	3.36%	20.55%	4.25%	1.88%	2.13%	0.71%	1
2465	麗臺	"4,074,873.00"	"3,599,926"	"209,676"	"40,097"	"261,923"	"14,808"	"276,731"	"276,731"	2.79	6.43%	11.66%	6.51%	1.01%	0.64%	-0.44%	0
2466	冠西電	"397,988.00"	"315,338"	"131,076"	"74,252"	"8,673"	"-78,900"	"-70,227"	"-70,227"	0.05	2.18%	20.77%	-12.17%	13.58%	20.24%	-1.11%	0
2467	志聖	"5,044,062.00"	"2,568,235"	"1,161,387"	"177,520"	"1,151,072"	"7,289,036"	"8,440,108"	"8,374,801"	7.16	22.82%	49.08%	26.06%	-0.39%	1.69%	1.49%	0
2468	華經	"1,290,969.00"	"1,151,542"	"92,410"	"7,025"	"42,767"	264	"43,031"	"43,031"	0.61	3.31%	10.80%	3.64%	0.07%	0.16%	-0.08%	0
2471	資通	"474,859.00"	"294,003"	"127,016"	"29,306"	"75,591"	"1,840"	"77,431"	"77,491"	1.6	15.92%	38.09%	11.34%	6.95%	8.85%	5.91%	1
2472	立隆電	"6,625,090.00"	"4,580,230"	"695,430"	"21,586"	"960,721"	"571,449"	"1,532,170"	"1,027,610"	3.98	14.50%	30.87%	20.37%	0.85%	1.69%	0.97%	1
2474	可成	"6,455,149.00"	"4,594,281"	"1,569,629"	"3,227,114"	"2,946,102"	"6,306,809"	"9,252,911"	"9,146,659"	5.14	45.64%	28.83%	4.51%	0.03%	-1.94%	4.95%	0
2476	鉅祥	"4,734,678.00"	"3,276,223"	"543,794"	"50,470"	"718,416"	"162,714"	"881,130"	"798,294"	2.98	15.17%	30.80%	19.32%	0.88%	1.49%	2.46%	1
2477	美隆電	"1,084,161.00"	"826,843"	"247,357"	"29,676"	"19,210"	"61,034"	"80,244"	"100,095"	0.17	1.77%	23.73%	0.92%	-2.88%	-0.63%	-1.81%	0
2478	大毅	"3,129,590.00"	"2,283,986"	"347,014"	"-12,359"	"418,468"	"130,065"	"548,533"	"544,401"	2.91	13.37%	27.02%	15.93%	2.01%	2.83%	1.92%	1
2480	敦陽科	"4,882,885.00"	"3,765,048"	"526,598"	"50,608"	"522,614"	"62,354"	"584,968"	"584,968"	4.91	10.70%	22.89%	12.11%	-0.57%	-0.30%	-0.84%	0
2481	強茂	"7,376,723.00"	"4,942,625"	"1,747,302"	"361,671"	"836,142"	"295,219"	"1,131,361"	"1,057,559"	2.03	11.33%	33.00%	9.31%	0.26%	2.81%	2.29%	1
2482	連宇	"233,542.00"	"138,421"	"158,025"	"16,338"	"-35,855"	"62,787"	"26,932"	"26,643"	-0.46	-15.35%	40.73%	-26.93%	2.49%	5.05%	0.46%	1
2483	百容	"1,046,073.00"	"897,810"	"133,834"	"28,699"	"44,467"	"165,733"	"210,200"	"207,293"	0.4	4.25%	14.17%	1.38%	0.95%	1.68%	0.79%	1
2484	希華	"1,214,333.00"	"915,120"	"174,683"	"46,727"	"137,897"	"304,863"	"442,760"	"442,741"	0.86	11.36%	24.64%	10.26%	2.44%	3.42%	2.08%	1
2485	兆赫	"1,954,758.00"	"1,588,271"	"256,998"	"91,005"	"181,408"	"47,713"	"229,121"	"223,673"	0.55	9.28%	18.75%	5.60%	-3.74%	-3.79%	-3.54%	0
2486	一詮	"3,682,920.00"	"2,909,336"	"477,241"	"-33,401"	"206,885"	"89,657"	"296,542"	"301,646"	0.91	5.62%	21.00%	8.05%	-0.05%	1.05%	1.81%	0
2488	漢平	"1,543,276.00"	"1,202,081"	"165,561"	"45,504"	"176,477"	"33,071"	"209,548"	"209,548"	2.21	11.44%	22.11%	11.38%	-2.40%	-0.12%	-0.86%	0
2489	瑞軒	"13,171,088.00"	"12,108,035"	"960,574"	"234,114"	"276,191"	"304,737"	"580,928"	"572,389"	0.44	2.10%	8.07%	0.78%	-0.62%	-0.30%	0.45%	0
2491	吉祥全	"81,616.00"	"64,220"	"156,304"	"3,307,165"	"3,168,302"	"690,510"	"3,858,812"	"3,148,942"	29.98	3881.96%	21.31%	-170.20%	6.46%	-43.40%	3555.47%	0
2492	華新科	"20,848,667.00"	"16,807,291"	"2,160,726"	"1,831,283"	"2,785,686"	"14,263,920"	"17,049,606"	"15,429,584"	4.93	13.36%	19.38%	9.02%	1.08%	1.48%	3.01%	1
2493	揚博	"2,014,306.00"	"1,432,165"	"231,101"	"65,107"	"338,272"	"7,270"	"345,542"	"345,542"	2.67	16.79%	28.90%	17.43%	-0.29%	-0.54%	-0.22%	0
2495	普安	"779,004.00"	"454,518"	"213,829"	"77,345"	"165,622"	324	"165,946"	"165,946"	0.61	21.26%	41.65%	14.20%	1.84%	1.64%	-3.14%	0
2496	卓越	"415,574.00"	"188,383"	"163,547"	"-3,842"	"46,842"	-123	"46,719"	"47,273"	2.48	11.27%	54.67%	15.31%	-0.84%	-2.34%	-3.54%	0
2497	怡利電	"2,575,334.00"	"1,905,123"	"446,490"	"57,407"	"202,926"	"-33,082"	"169,844"	"169,844"	1.59	7.88%	26.02%	8.69%	-0.27%	0.56%	-0.98%	0
2498	宏達電	"1,266,828.00"	"732,807"	"1,669,444"	"646,879"	"-521,137"	"553,331"	"32,194"	"32,194"	-0.62	-41.14%	42.15%	-89.63%	0.45%	-3.39%	-4.11%	0
2501	國建	"14,436,110.00"	"10,821,001"	"1,308,552"	"-22,158"	"1,915,293"	"1,109,041"	"3,024,334"	"2,762,969"	1.43	13.27%	25.04%	15.98%	0.89%	-1.46%	-1.23%	0
2504	國產	"10,249,436.00"	"7,610,365"	"503,971"	"106,395"	"1,795,204"	"140,418"	"1,935,622"	"1,873,548"	1.47	17.52%	25.75%	20.83%	-0.87%	-1.02%	0.57%	0
2505	國揚	"597,159.00"	"418,934"	"154,419"	"109,152"	"121,955"	"114,316"	"236,271"	"233,533"	0.31	20.42%	29.85%	3.99%	2.92%	-4.04%	5.28%	0
2506	太設	"807,775.00"	"433,204"	"238,977"	"30,108"	"132,575"	"115,894"	"248,469"	"234,892"	0.33	16.41%	46.37%	16.79%	-5.68%	0.65%	0.00%	0
2509	全坤建	"126,622.00"	"98,864"	"88,773"	"-58,756"	"-120,756"	"59,309"	"-61,447"	"-66,613"	-0.52	-95.37%	21.92%	-48.19%	-5.65%	-9.56%	66.52%	0
2511	太子	"4,679,293.00"	"3,315,149"	"1,076,340"	"-8,501"	"233,145"	"180,099"	"413,244"	"437,296"	0.16	4.98%	29.15%	6.15%	-1.33%	-0.44%	0.63%	0
2514	龍邦	"10,550,595.00"	"9,203,291"	"755,792"	"-699,065"	"-554,422"	"-81,955"	"-636,377"	"-307,990"	-0.65	-5.25%	12.77%	5.61%	-0.59%	-0.76%	-10.45%	0
2515	中工	"12,963,688.00"	"11,885,081"	"503,305"	"-29,655"	"418,428"	"246,676"	"665,104"	"618,350"	0.25	3.23%	8.32%	4.44%	-0.40%	-0.51%	-0.44%	0
2516	新建	"3,679,250.00"	"3,477,398"	"76,578"	"23,748"	"149,022"	"8,892"	"157,914"	"157,914"	0.66	4.05%	5.49%	3.40%	-0.15%	0.38%	0.57%	0
2520	冠德	"13,225,628.00"	"9,757,919"	"1,054,442"	"5,710"	"1,871,020"	453	"1,871,473"	"1,109,756"	1.87	14.15%	26.22%	18.25%	2.74%	4.71%	5.15%	1
2524	京城	"1,308,517.00"	"645,664"	"236,337"	"-150,671"	"231,474"		"231,474"	"231,474"	0.63	17.69%	50.66%	32.60%	2.11%	-2.99%	-2.39%	0
2527	宏璟	"4,774,291.00"	"3,465,725"	"215,044"	"100,329"	"1,032,405"	"19,044,790"	"20,077,195"	"20,085,298"	3.99	21.62%	27.41%	22.90%	-0.09%	-1.66%	2.06%	0
2528	皇普	"1,668,766.00"	"1,122,831"	"155,071"	"-29,350"	"284,641"		"284,641"		0.57	17.06%	32.71%	23.42%	24.80%	422.09%	461.35%	1
2530	華建	"208,839.00"	"177,413"	"73,048"	"-49,967"	"-93,409"	340	"-93,069"	"-89,527"	-0.11	-44.73%	15.05%	-19.93%	-4.63%	-17.84%	-27.18%	0
2534	宏盛	"506,501.00"	"140,012"	"250,566"	"-179,367"	"-86,733"	"63,532"	"-23,201"	"-23,201"	-0.18	-17.12%	72.36%	22.89%	-1.64%	-7.34%	-11.67%	0
2535	達欣工	"13,418,087.00"	"11,784,141"	"410,001"	"682,068"	"1,642,213"	"30,869"	"1,673,082"	"1,668,067"	6.32	12.24%	12.18%	9.12%	-2.13%	-1.49%	1.79%	0
2536	宏普	"4,990,851.00"	"3,924,864"	"155,208"	"-115,044"	"735,472"		"735,472"	"732,334"	2.2	14.74%	21.36%	18.25%	-1.10%	4.15%	8.96%	0
2537	聯上發	"1,464,948.00"	"1,131,389"	"120,260"	"-49,242"	"123,890"		"123,890"		0.41	8.46%	22.77%	14.56%	1.39%	0.75%	-1.38%	0
2538	基泰	"156,160.00"	"14,589"	"90,501"	"-60,660"	"-9,183"	0	"-9,183"	"-9,183"	-0.02	-5.88%	90.66%	32.70%	-5.64%	-13.93%	-16.01%	0
2539	櫻花建	"8,550,277.00"	"4,716,286"	"362,414"	"37,759"	"2,818,192"		"2,818,192"	"2,818,192"	2.36	32.96%	44.84%	40.60%	-0.52%	0.11%	0.07%	0
2540	愛山林	"3,743,147.00"	"3,048,500"	"597,225"	"-78,339"	"15,038"		"15,038"	"15,038"	0.02	0.40%	18.56%	2.60%	1.90%	1.63%	1.06%	1
2542	興富發	"33,236,853.00"	"22,933,838"	"2,072,271"	"279,461"	"7,010,005"	"1,123"	"7,011,128"	"5,168,880"	2.45	21.09%	31.00%	24.76%	0.89%	0.60%	1.20%	1
2543	皇昌	"7,743,874.00"	"6,495,090"	"294,881"	"-64,758"	"724,188"	0	"724,188"	"707,652"	1.34	9.35%	16.13%	12.32%	2.81%	3.30%	2.59%	1
2545	皇翔	"3,563,099.00"	"2,582,461"	"529,561"	"410,069"	"772,985"		"772,985"	"772,985"	2.04	21.69%	27.52%	12.66%	10.66%	6.95%	21.92%	1
2546	根基	"11,254,443.00"	"9,631,846"	"252,376"	"92,873"	"1,159,888"	"2,896"	"1,162,784"	"1,162,773"	8.89	10.31%	14.42%	12.17%	6.66%	6.85%	5.94%	1
2547	日勝生	"3,868,922.00"	"2,222,099"	"960,686"	"-386,507"	"39,816"	0	"39,816"	"15,143"	0.01	1.03%	42.57%	17.73%	-8.01%	-4.09%	-4.16%	0
2548	華固	"5,707,481.00"	"4,166,293"	"390,917"	"42,891"	"943,374"	"1,329"	"944,703"	"944,350"	2.81	16.53%	27.00%	20.15%	1.00%	-0.54%	-0.76%	0
2597	潤弘	"16,111,432.00"	"13,338,545"	"653,247"	"36,301"	"1,743,972"	"-223,805"	"1,520,167"	"1,375,958"	5.08	10.82%	17.21%	13.16%	-0.49%	-0.33%	-0.29%	0
2601	益航	"975,305.00"	"752,254"	"58,495"	"-302,444"	"-145,355"	"149,248"	"3,893"	"-14,960"	-0.2	-14.90%	22.87%	16.87%	-4.08%	-5.33%	-16.87%	0
2603	長榮	"191,672,454.00"	"154,308,221"	"9,354,138"	"3,197,580"	"25,033,097"	"7,781,885"	"32,814,982"	"31,789,680"	11.24	13.06%	19.49%	14.61%	4.02%	4.45%	3.01%	1
2605	新興	"2,697,089.00"	"1,511,259"	"282,616"	"1,456,976"	"2,148,442"	"302,041"	"2,450,483"	"2,450,483"	3.67	79.66%	43.97%	33.49%	1.32%	-1.83%	51.32%	0
2606	裕民	"8,905,279.00"	"5,888,435"	"471,464"	"483,412"	"2,963,563"	"838,676"	"3,802,239"	"3,802,239"	3.51	33.28%	33.88%	28.58%	1.91%	3.20%	7.90%	1
2607	榮運	"9,044,200.00"	"7,156,453"	"807,966"	"779,573"	"1,451,618"	"846,927"	"2,298,545"	"2,276,667"	2.68	16.05%	20.87%	11.94%	-0.89%	0.23%	2.01%	0
2608	嘉里大榮	"6,211,575.00"	"5,085,858"	"388,960"	"-32,413"	"563,528"	"17,066"	"580,594"	"465,095"	0.96	9.07%	18.12%	11.86%	-0.47%	-0.11%	0.20%	0
2609	陽明	"84,583,500.00"	"73,703,908"	"4,585,659"	"2,444,176"	"7,315,606"	"1,321,648"	"8,637,254"	"8,511,112"	2.05	8.65%	12.86%	7.44%	5.56%	5.72%	4.78%	1
2610	華航	"120,815,551.00"	"101,972,191"	"9,742,049"	"220,353"	"7,695,303"	"-97,911"	"7,597,392"	"6,475,321"	1.08	6.37%	15.60%	7.53%	-5.00%	-3.76%	-3.89%	0
2611	志信	"623,739.00"	"451,354"	"117,464"	"150,391"	"178,818"	"-11,032"	"167,786"	"159,082"	0.9	28.67%	27.64%	8.81%	1.12%	-1.16%	12.12%	0
2612	中航	"2,579,936.00"	"1,660,406"	"260,059"	"-67,479"	"540,661"	"239,121"	"779,782"	"780,254"	2.74	20.96%	35.64%	25.56%	2.25%	2.44%	1.24%	1
2613	中櫃	"1,745,660.00"	"1,468,736"	"107,371"	"-51,409"	"94,798"	"-5,685"	"89,113"	"86,981"	0.68	5.43%	15.86%	9.71%	2.41%	2.45%	2.41%	1
2614	東森	"2,544,856.00"	"1,720,918"	"659,668"	"111,419"	"248,916"	"15,296"	"264,212"	"287,817"	0.83	9.78%	32.38%	6.45%	2.50%	2.98%	2.96%	1
2615	萬海	"76,541,362.00"	"55,854,096"	"3,908,890"	"8,943,574"	"19,218,091"	"2,473,300"	"21,691,391"	"21,688,654"	6.84	25.11%	27.03%	21.92%	4.27%	4.83%	2.29%	1
2616	山隆	"4,373,408.00"	"4,086,639"	"639,294"	"11,895"	"-356,595"	"246,416"	"-110,179"	"-112,631"	-2.63	-8.15%	6.56%	-8.06%	-0.81%	0.82%	1.16%	0
2617	台航	"2,370,150.00"	"1,338,583"	"82,268"	"-103,118"	"646,481"	"94,831"	"741,312"	"741,312"	1.55	27.28%	43.52%	40.05%	1.53%	1.28%	-0.23%	0
2618	長榮航	"128,285,547.00"	"102,844,203"	"8,442,403"	"-624,714"	"13,208,337"	"-272,581"	"12,935,756"	"11,842,568"	2.24	10.30%	19.83%	13.25%	-6.39%	-5.39%	-4.35%	0
2630	亞航	"2,095,551.00"	"1,917,670"	"134,517"	"-12,849"	"24,186"	"4,177"	"28,363"	"28,363"	0.12	1.15%	8.49%	2.07%	-0.62%	-0.55%	-0.49%	0
2633	台灣高鐵	"27,812,094.00"	"15,542,614"	"1,097,315"	"-6,781,502"	"3,754,246"		"3,754,246"		0.67	13.50%	44.12%	40.17%	-2.73%	-3.06%	-1.60%	0
2634	漢翔	"16,782,863.00"	"14,444,822"	"665,852"	"-84,128"	"1,226,061"	"31,926"	"1,257,987"	"1,257,987"	1.3	7.31%	13.93%	9.96%	6.13%	6.37%	3.87%	1
2636	台驊控股	"11,419,993.00"	"9,728,128"	"1,350,269"	"314,165"	"519,250"	"-8,496"	"510,754"	"508,379"	3.84	4.55%	14.81%	2.99%	-0.85%	0.39%	1.48%	0
2637	慧洋-KY	"9,679,888.00"	"6,343,231"	"106,970"	"-161,577"	"3,057,173"	"931,632"	"3,988,805"	"3,988,805"	4.1	31.58%	34.47%	33.36%	5.79%	5.76%	4.03%	1
2642	宅配通	"1,594,336.00"	"1,527,554"	"198,020"	"12,920"	"-120,256"	"-56,895"	"-177,151"	"-177,151"	-1.26	-7.54%	4.19%	-8.23%	0.01%	0.05%	1.17%	1
2645	長榮航太	"9,960,855.00"	"7,542,627"	"398,914"	"129,363"	"1,718,942"	"6,191"	"1,725,133"		4.59	17.26%	24.28%	20.27%	-3.26%	-3.55%	-3.12%	0
2646	星宇航空	"28,552,856.00"	"25,214,032"	"2,821,384"	"-862,960"	"-345,520"	"-290,041"	"-635,561"		-0.11	-1.21%	11.69%	1.81%	-8.47%	-8.06%	-7.82%	0
2701	萬企	"128,931.00"	"25,711"	"17,819"	"78,440"	"131,329"	"109,803"	"241,132"		0.29	101.86%	80.06%	66.24%	-0.53%	-1.32%	25.39%	0
2702	華園	"738,866.00"	"80,328"	"582,299"	"-27,536"	"48,162"	"24,143"	"72,305"	"72,305"	0.31	6.52%	89.13%	10.32%	-0.23%	0.75%	-1.77%	0
2704	國賓	"705,490.00"	"493,309"	"190,685"	"802,436"	"611,991"	"6,540,294"	"7,152,285"	"7,151,982"	1.67	86.75%	30.08%	3.05%	0.19%	-0.06%	71.20%	0
2705	六福	"1,037,572.00"	"751,671"	"289,998"	"-82,299"	"-86,396"	444	"-85,952"	"-85,952"	-0.45	-8.33%	27.55%	-0.39%	-0.72%	-0.54%	-0.53%	0
2706	第一店	"178,161.00"	"42,143"	"15,970"	"101,592"	"176,266"	"150,959"	"327,225"		0.35	98.94%	76.35%	67.38%	-1.15%	-0.56%	22.04%	0
2707	晶華	"3,610,518.00"	"2,353,886"	"271,832"	"399,776"	"1,109,142"	"19,638"	"1,128,780"	"1,118,480"	8.62	30.72%	34.80%	27.28%	-1.15%	-1.62%	-6.93%	0
2712	遠雄來	"257,541.00"	"212,117"	"69,176"	"1,837"	"-22,042"		"-22,042"		-0.21	-8.56%	17.64%	-9.22%	1.76%	2.32%	3.10%	1
2722	夏都	"278,754.00"	"202,266"	"132,953"	"-1,543"	"-58,617"	"310,544"	"251,927"	"117,586"	-0.35	-21.03%	27.44%	-20.26%	4.85%	4.31%	4.97%	1
2727	王品	"12,917,657.00"	"6,765,165"	"5,113,852"	"-11,360"	"825,794"	"77,574"	"903,368"	"879,756"	9.86	6.39%	47.63%	8.04%	-0.01%	-0.21%	-0.10%	0
2731	雄獅	"16,461,055.00"	"13,971,962"	"1,759,276"	"135,814"	"687,555"	"-2,171"	"685,384"	"677,145"	7.27	4.18%	15.12%	4.43%	-0.82%	-0.66%	-0.67%	0
2739	寒舍	"2,691,736.00"	"1,604,479"	"790,015"	"-38,773"	"250,262"	"9,127"	"259,389"	"259,389"	2.73	9.30%	40.39%	11.04%	-0.22%	-1.82%	0.93%	0
2748	雲品	"1,312,985.00"	"894,939"	"266,840"	68	"120,760"	"-20,144"	"100,616"	"100,616"	1.14	9.20%	31.84%	11.52%	-1.82%	-4.55%	-3.58%	0
2753	八方雲集	"4,596,176.00"	"2,940,028"	"1,099,776"	"-5,702"	"436,237"	"13,374"	"449,611"	"475,167"	7.01	9.49%	36.03%	12.11%	-0.42%	-0.44%	-0.36%	0
2901	欣欣	"66,647.00"	"8,661"	"46,072"	"8,067"	"15,985"	0	"15,985"		0.22	23.98%	87.00%	17.88%	-0.07%	-1.68%	1.36%	0
2903	遠百	"15,962,920.00"	"6,522,652"	"7,196,885"	"-806,778"	"826,056"	"-101,556"	"724,500"	"699,585"	0.55	5.17%	59.14%	14.05%	1.18%	-0.85%	-2.09%	0
2904	匯僑	"207,979.00"	"155,740"	"43,560"	398	"11,019"	"4,019"	"15,038"	"15,041"	0.14	5.30%	25.12%	4.17%	2.02%	11.51%	12.28%	1
2906	高林	"4,304,162.00"	"2,986,851"	"1,187,444"	"156,702"	"209,824"	"118,781"	"328,605"	"214,069"	0.49	4.87%	30.61%	3.02%	0.92%	-0.82%	1.63%	0
2908	特力	"17,875,548.00"	"12,336,519"	"5,035,981"	"196,884"	"560,774"	"135,330"	"696,104"	"643,979"	1.02	3.14%	30.99%	2.81%	1.41%	-0.13%	1.26%	0
2910	統領	"279,786.00"	"37,891"	"88,680"	"50,615"	"178,788"	"13,504"	"192,292"	"192,292"	1.02	63.90%	86.46%	54.76%	-4.05%	-4.24%	25.93%	0
2911	麗嬰房	"859,389.00"	"494,036"	"506,807"	"124,334"	"-6,761"	"556,276"	"549,515"	"539,029"	-0.17	-0.79%	42.51%	-16.46%	-1.18%	-5.81%	-16.34%	0
2912	統一超	"180,703,389.00"	"118,211,845"	"54,873,023"	"1,710,046"	"7,319,192"	"1,430,421"	"8,749,613"	"7,772,692"	6.03	4.05%	34.58%	4.22%	0.01%	-0.05%	0.02%	0
2913	農林	"220,707.00"	"140,452"	"97,224"	"-62,827"	"-79,770"		"-79,770"		-0.1	-36.14%	36.36%	-7.69%	-1.49%	-6.12%	-8.98%	0
2915	潤泰全	"985,891.00"	"519,152"	"399,388"	"9,433,440"	"9,438,880"	"62,097,593"	"71,536,473"	"71,780,292"	8.96	957.40%	47.34%	6.83%	2.65%	8.79%	308.11%	1
2923	鼎固-KY	"4,272,973.00"	"1,976,098"	"326,143"	"38,328"	"159,470"	"2,459,119"	"2,618,589"	"2,261,202"	-0.11	3.73%	53.75%	46.12%	-5.40%	-6.76%	2.33%	0
2945	三商家購	"8,915,469.00"	"6,527,606"	"2,324,497"	"-15,909"	"35,932"		"35,932"	"38,341"	0.57	0.40%	26.78%	0.71%	-0.18%	-0.54%	-0.55%	0
3002	歐格	"413,953.00"	"377,951"	"81,886"	"31,755"	"-7,769"	"35,059"	"27,290"	"33,339"	0.03	-1.88%	8.70%	-11.08%	0.26%	2.09%	1.78%	1
3003	健和興	"2,876,806.00"	"2,198,400"	"389,378"	"54,696"	"238,077"	"28,419"	"266,496"	"258,675"	1.46	8.28%	23.58%	10.05%	0.51%	1.18%	1.92%	1
3004	豐達科	"2,590,139.00"	"1,964,615"	"284,602"	"-26,399"	"258,363"	"33,968"	"292,331"	"292,331"	4.01	9.97%	24.15%	13.16%	-1.09%	-0.78%	-0.29%	0
3005	神基	"20,820,908.00"	"14,281,823"	"3,345,561"	"241,830"	"2,836,483"	"901,152"	"3,737,635"	"3,506,603"	4.27	13.62%	31.41%	15.34%	0.35%	1.83%	1.00%	1
3006	晶豪科	"21,213,118.00"	"8,179,056"	"3,606,465"	"257,265"	"7,968,955"	"9,329"	"7,978,284"	"7,980,945"	27.58	37.57%	61.44%	44.44%	13.92%	13.41%	9.17%	1
3008	大立光	"29,208,838.00"	"14,776,335"	"3,472,280"	"2,426,892"	"10,902,020"	"3,538,009"	"14,440,029"	"14,327,893"	82.35	37.32%	49.41%	37.52%	0.01%	0.13%	-2.41%	0
3010	華立	"45,683,039.00"	"41,917,374"	"1,919,796"	"412,930"	"1,746,759"	"3,374,932"	"5,121,691"	"4,860,541"	5.93	3.82%	8.24%	4.04%	0.10%	0.21%	0.42%	1
3011	今皓	"267,668.00"	"255,662"	"195,829"	"-26,825"	"-197,920"	"161,006"	"-36,914"	"-54,095"	-1.56	-73.94%	4.49%	-68.68%	2.13%	-12.31%	-11.66%	0
3013	晟銘電	"6,147,745.00"	"4,867,708"	"459,381"	"-62,033"	"570,904"	"25,738"	"596,642"	"596,642"	2.78	9.29%	20.82%	13.35%	-0.33%	0.02%	-0.32%	0
3014	聯陽	"3,569,479.00"	"1,527,287"	"1,025,487"	"90,731"	"946,986"	"652,743"	"1,599,729"	"1,599,729"	5.88	26.53%	57.21%	28.48%	0.00%	-0.25%	0.08%	0
3015	全漢	"6,284,874.00"	"5,143,756"	"1,106,854"	"236,309"	"225,002"	"2,691,231"	"2,916,233"	"2,892,899"	1.08	3.58%	18.16%	0.55%	0.21%	-0.30%	0.98%	0
3016	嘉晶	"2,367,626.00"	"1,872,478"	"161,459"	"20,827"	"288,329"	-180	"288,149"	"288,149"	1	12.18%	20.91%	14.09%	3.14%	3.50%	2.67%	1
3017	奇鋐	"98,158,910.00"	"67,562,811"	"5,099,450"	"417,441"	"18,952,894"	"1,457,445"	"20,410,339"	"18,733,276"	44.54	19.31%	31.17%	25.97%	1.40%	1.47%	1.62%	1
3018	隆銘綠能	"155,900.00"	"181,884"	"75,901"	"-61,312"	"-163,435"	-437	"-163,872"	"-163,872"	-2.17	-104.83%	-16.67%	-65.35%	-14.08%	-8.43%	-42.38%	0
3019	亞光	"14,237,685.00"	"11,687,129"	"1,261,412"	"-59,328"	"977,303"	"514,320"	"1,491,623"	"1,274,673"	2.98	6.86%	17.91%	9.05%	0.62%	1.29%	1.16%	1
3021	鴻名	"1,469,618.00"	"1,175,223"	"207,295"	"-9,833"	"38,704"	"11,554"	"50,258"	"57,400"	0.46	2.63%	20.03%	5.93%	0.61%	1.33%	0.38%	1
3022	威強電	"4,081,564.00"	"2,943,764"	"873,453"	"316,138"	"583,659"	"257,669"	"841,328"	"839,376"	3.29	14.30%	27.88%	6.48%	-0.28%	4.19%	3.82%	0
3023	信邦	"17,311,456.00"	"13,065,616"	"2,350,784"	"309,943"	"1,772,982"	"589,453"	"2,362,435"	"2,353,078"	7.37	10.24%	24.53%	10.95%	0.02%	-0.58%	-0.16%	0
3024	憶聲	"460,391.00"	"332,572"	"124,796"	"18,380"	"15,234"	"61,639"	"76,873"	"76,873"	0.05	3.31%	27.76%	0.66%	2.01%	-0.82%	0.98%	0
3025	星通	"258,581.00"	"92,710"	"121,961"	"27,190"	"71,308"	-9	"71,299"	"71,299"	1.26	27.58%	64.15%	16.98%	-2.19%	-3.90%	0.13%	0
3026	禾伸堂	"7,715,738.00"	"5,765,963"	"839,915"	"221,249"	"1,067,920"	"29,891"	"1,097,811"	"1,146,367"	6.73	13.84%	25.27%	14.38%	1.03%	1.03%	1.26%	1
3027	盛達	"702,374.00"	"532,457"	"195,872"	"25,825"	"-16,016"	"2,919"	"-13,097"	"-4,537"	-0.06	-2.28%	24.19%	-3.70%	0.21%	-1.72%	-2.76%	0
3028	增你強	"37,224,984.00"	"34,140,715"	"1,355,908"	"-180,264"	"1,243,336"	"419,558"	"1,662,894"	"1,662,894"	5.24	3.34%	8.29%	4.64%	-0.81%	-0.75%	-0.74%	0
3029	零壹	"14,119,278.00"	"12,377,431"	"849,091"	"67,607"	"764,766"	"-29,243"	"735,523"	"574,413"	3.63	5.42%	12.34%	6.32%	0.54%	0.72%	0.38%	1
3030	德律	"5,387,967.00"	"2,186,726"	"1,121,996"	"77,914"	"1,738,510"	"44,029"	"1,782,539"	"1,782,539"	7.36	32.27%	59.41%	38.59%	-0.86%	0.43%	-1.59%	0
3031	佰鴻	"642,458.00"	"463,136"	"119,815"	"56,694"	"96,814"	"47,547"	"144,361"	"142,254"	0.57	15.07%	27.91%	9.26%	1.70%	3.02%	7.35%	1
3032	偉訓	"5,548,893.00"	"4,235,540"	"763,709"	"-189,927"	"245,140"	"296,584"	"541,724"	"425,716"	1.85	4.42%	23.67%	9.91%	0.50%	-0.24%	0.47%	0
3033	威健	"68,486,502.00"	"64,203,747"	"1,785,071"	"-313,925"	"1,645,796"	"118,312"	"1,764,108"	"1,764,108"	3.38	2.40%	6.25%	3.65%	0.07%	0.24%	0.04%	1
3034	聯詠	"51,805,401.00"	"30,608,699"	"10,703,223"	"1,677,619"	"10,094,972"	"5,122,605"	"15,217,577"	"15,217,577"	16.59	19.49%	40.92%	20.26%	1.86%	2.85%	3.21%	1
3035	智原	"5,902,036.00"	"3,179,056"	"2,356,474"	"194,416"	"420,607"	"4,153,884"	"4,574,491"	"4,436,480"	1.16	7.13%	46.14%	6.21%	-1.17%	2.51%	1.90%	0
3036	文曄	"1,084,966,618.00"	"1,047,780,275"	"14,248,921"	"-1,687,896"	"16,720,292"	"6,329,259"	"23,049,551"	"23,040,758"	13	1.54%	3.43%	2.11%	-0.02%	0.10%	0.13%	0
3037	欣興	"80,336,273.00"	"62,972,093"	"7,999,167"	"12,466,846"	"18,723,125"	"1,392,075"	"20,115,200"	"19,355,632"	11.7	23.31%	21.61%	11.66%	3.65%	4.36%	8.94%	1
3038	全台	"1,448,820.00"	"1,132,254"	"264,087"	"44,979"	"92,355"	"136,755"	"229,110"	"229,030"	0.64	6.37%	21.85%	3.62%	-0.97%	-1.91%	-0.85%	0
3040	遠見	"65,783.00"	"26,006"	"33,893"	"2,012"	"-6,286"	"32,317"	"26,031"	"26,031"	-0.1	-9.56%	60.47%	8.94%	2.34%	-0.38%	-17.02%	0
3041	揚智	"829,827.00"	"405,787"	"580,471"	"-12,707"	"-167,954"	"16,313"	"-151,641"	"-88,504"	-0.69	-20.24%	51.10%	-18.85%	3.72%	20.87%	18.77%	1
3042	晶技	"7,037,996.00"	"4,733,718"	"1,178,383"	"97,421"	"1,008,789"	"460,525"	"1,469,314"	"1,470,677"	2.96	14.33%	32.74%	16.00%	0.41%	0.91%	0.83%	1
3043	科風	"443,864.00"	"333,842"	"101,339"	"10,557"	"17,485"	"-98,789"	"-81,304"	"-77,626"	0.49	3.94%	24.79%	1.96%	1.80%	5.46%	3.57%	1
3044	健鼎	"45,821,630.00"	"32,783,947"	"3,607,233"	"357,300"	"6,842,729"	"1,463,493"	"8,306,222"	"8,306,136"	13.02	14.93%	28.45%	20.58%	1.94%	2.24%	0.88%	1
3045	台灣大	"99,210,679.00"	"77,521,993"	"10,231,352"	"-334,097"	"9,436,955"	"62,990"	"9,499,945"	"8,761,804"	2.86	9.51%	21.86%	11.55%	0.30%	0.26%	0.42%	1
3046	建碁	"4,291,920.00"	"3,918,152"	"139,856"	"25,629"	"215,030"	"24,539"	"239,569"	"239,934"	2.75	5.01%	8.71%	5.45%	-0.36%	0.24%	-0.15%	0
3047	訊舟	"1,542,782.00"	"1,153,667"	"542,836"	"34,032"	"-133,410"	"24,985"	"-108,425"	"-42,203"	-0.31	-8.65%	25.22%	-9.96%	2.16%	1.28%	-0.32%	0
3048	益登	"73,004,165.00"	"69,946,420"	"1,415,061"	"-571,981"	"848,836"	"1,198,468"	"2,047,304"	"2,047,304"	3.15	1.16%	4.19%	2.25%	0.20%	0.23%	0.18%	1
3049	精金	"198,992.00"	"110,160"	"74,362"	"746,116"	"695,005"	"770,110"	"1,399,909"	"1,152,747"	0.51	349.26%	44.64%	7.27%	5.05%	0.11%	139.62%	1
3050	鈺德	"582,184.00"	"396,898"	"203,648"	"87,962"	"58,323"	"-19,732"	"38,591"	"36,395"	0.31	10.02%	31.83%	-3.15%	2.41%	2.94%	13.61%	1
3051	力特	"935,499.00"	"612,611"	"159,207"	"33,176"	"173,296"	783	"174,079"	"174,079"	1.05	18.52%	34.52%	17.50%	4.03%	5.27%	-1.22%	0
3052	夆典	"1,909,647.00"	"1,726,707"	"86,241"	"25,751"	"141,589"	-312	"141,277"	"139,477"	0.69	7.41%	9.58%	5.06%	-0.13%	0.05%	2.92%	0
3054	立萬利	"339,319.00"	"156,421"	"53,920"	"125,660"	"233,983"	"312,454"	"546,437"	"546,437"	2.9	68.96%	53.90%	38.01%	-21.73%	-15.70%	-14.77%	0
3055	蔚華科	"246,507.00"	"168,191"	"205,349"	"112,877"	"-7,061"	"-3,434"	"-10,495"	"-7,179"	-0.03	-2.86%	31.77%	-51.53%	-0.11%	12.93%	16.75%	0
3056	富華新	"525,881.00"	"441,230"	"134,594"	"45,695"	"-22,810"		"-22,810"	"-22,810"	-0.05	-4.34%	16.10%	-9.50%	-0.33%	-2.23%	-5.53%	0
3057	喬鼎	"292,482.00"	"163,297"	"158,258"	-577	"-30,063"	344	"-29,719"	"-29,678"	-0.46	-10.28%	44.17%	-9.94%	-0.91%	-9.32%	-10.89%	0
3058	立德	"1,640,138.00"	"1,420,174"	"301,324"	"54,248"	"-32,857"	"52,361"	"19,504"	"23,995"	-0.14	-2.00%	13.41%	-4.96%	0.14%	1.04%	3.05%	1
3059	華晶科	"4,380,242.00"	"3,269,930"	"827,359"	"111,842"	"307,677"	"275,080"	"582,757"	"469,252"	0.64	7.02%	25.35%	6.46%	1.40%	1.49%	0.96%	1
3060	銘異	"2,245,627.00"	"1,902,053"	"237,414"	"23,954"	"99,991"	"31,850"	"131,841"	"125,707"	0.68	4.45%	15.30%	4.73%	-0.10%	0.36%	-0.11%	0
3062	建漢	"2,001,161.00"	"1,949,512"	"341,746"	"-4,117"	"-287,526"	"22,840"	"-264,686"	"-264,686"	-0.88	-14.37%	2.58%	-14.50%	1.41%	-0.48%	1.68%	0
3090	日電貿	"9,646,164.00"	"7,822,199"	"655,225"	"483,307"	"1,411,494"	"4,728,779"	"6,140,273"	"6,115,602"	4.91	14.63%	18.91%	12.12%	-0.94%	-1.20%	3.69%	0
3092	鴻碩	"831,202.00"	"747,272"	"292,250"	"-3,246"	"-238,613"	"35,217"	"-203,396"	"-198,205"	-2.19	-28.71%	10.10%	-25.06%	0.85%	-0.18%	-3.88%	0
3094	聯傑	"110,894.00"	"28,121"	"68,869"	"22,913"	"32,478"	"1,546"	"34,024"	"34,024"	0.39	29.29%	74.64%	12.54%	-0.34%	7.57%	17.08%	0
3130	一零四	"1,409,168.00"	"179,680"	"912,722"	"51,414"	"318,489"	"24,237"	"342,726"	"342,726"	9.6	22.60%	87.25%	22.48%	0.79%	4.72%	4.18%	1
3135	凌航	"11,262,486.00"	"8,744,150"	"231,357"	"-8,870"	"1,821,749"		"1,821,749"		20.87	16.18%	22.36%	20.31%	-7.99%	-7.13%	-5.45%	0
3138	耀登	"844,886.00"	"478,198"	"359,939"	"12,571"	"20,853"	"37,919"	"58,772"	"59,336"	0.41	2.47%	43.40%	0.80%	1.96%	4.03%	2.87%	1
3149	正達	"1,144,409.00"	"1,186,726"	"157,759"	"7,871"	"-192,205"	"3,854"	"-188,351"	"-188,351"	-0.85	-16.80%	-3.70%	-17.48%	0.44%	-1.69%	-2.47%	0
3150	鈺寶-創	"169,770.00"	"93,712"	"78,901"	"3,817"	"1,353"	"2,628"	"3,981"		0.03	0.80%	44.80%	-1.67%	0.58%	1.58%	1.68%	1
3164	景岳	"192,502.00"	"83,165"	"101,821"	"15,426"	"14,662"	"33,577"	"48,239"	"48,230"	0.23	7.62%	56.80%	3.90%	2.72%	11.96%	5.59%	1
3167	大量	"4,805,427.00"	"2,717,545"	"911,553"	"25,121"	"825,205"	"99,514"	"924,719"	"924,753"	9.26	17.17%	43.45%	24.48%	1.11%	3.44%	2.68%	1
3168	眾福科	"1,889,565.00"	"1,456,051"	"287,548"	-56	"137,386"	"23,432"	"160,818"	"131,344"	1.43	7.27%	22.94%	7.72%	0.13%	0.95%	0.61%	1
3189	景碩	"23,601,219.00"	"17,990,900"	"3,041,042"	"179,497"	"2,559,246"	"125,159"	"2,684,405"	"1,965,869"	3.74	10.84%	23.77%	10.89%	2.61%	2.87%	2.96%	1
3209	全科	"34,331,720.00"	"32,575,391"	"742,531"	"96,188"	"765,875"	"46,736"	"812,611"	"818,007"	3.28	2.23%	5.12%	2.95%	0.09%	0.10%	0.17%	1
3229	晟鈦	"755,934.00"	"656,273"	"32,997"	"15,173"	"82,274"		"82,274"	"82,274"	1.28	10.88%	13.18%	8.82%	2.22%	2.64%	0.59%	1
3231	緯創	"1,741,745,642.00"	"1,646,988,066"	"32,173,027"	"-7,992,733"	"41,764,953"	"6,033,415"	"47,798,368"	"29,461,235"	7.78	2.40%	5.44%	3.59%	0.23%	0.15%	0.27%	1
3257	虹冠電	"302,276.00"	"173,398"	"115,086"	"51,794"	"51,489"	"14,617"	"66,106"	"66,246"	0.65	17.03%	42.64%	4.56%	-2.34%	3.34%	5.41%	0
3266	昇陽	"1,024,116.00"	"848,726"	"130,869"	"6,419"	"32,208"	0	"32,208"	"26,621"	0.08	3.14%	17.13%	4.35%	-8.25%	-7.60%	-5.73%	0
3296	勝德	"821,179.00"	"685,096"	"151,085"	"-1,648"	"-19,754"	"41,163"	"21,409"	"21,409"	-0.2	-2.41%	16.57%	-1.83%	2.17%	6.65%	8.38%	1
3305	昇貿	"7,960,699.00"	"6,484,064"	"562,007"	"-113,053"	"539,016"	"97,311"	"636,327"	"634,852"	3.84	6.77%	18.55%	11.49%	0.28%	0.14%	0.36%	1
3308	聯德	"3,132.00"	"1,167"	"23,821"	"56,963"	"30,608"	"7,663"	"38,271"	"38,271"	0.51	977.27%	62.74%	-697.83%	0.11%	-26.78%	922.80%	0
3311	閎暉	"1,184,848.00"	"1,054,313"	"134,644"	"90,462"	"84,432"	"-7,483"	"76,949"	"76,949"	0.84	7.13%	11.02%	-0.35%	-0.04%	0.49%	-2.33%	0
3312	弘憶股	"12,216,684.00"	"11,576,858"	"295,920"	"52,945"	"336,461"	"12,379"	"348,840"	"348,840"	1.84	2.75%	5.24%	2.82%	-0.09%	-0.02%	-0.56%	0
3321	同泰	"1,133,355.00"	"1,037,155"	"152,966"	"-7,471"	"-67,534"	"20,973"	"-46,561"	"-46,561"	-0.78	-5.96%	8.49%	-5.01%	6.80%	8.29%	7.60%	1
3338	泰碩	"1,887,922.00"	"1,550,672"	"287,163"	"-3,916"	"40,280"	"47,665"	"87,945"	"87,945"	0.46	2.13%	17.86%	2.65%	-1.12%	-0.46%	-0.57%	0
3346	麗清	"3,613,739.00"	"3,271,135"	"488,561"	"44,576"	"-103,158"	"121,569"	"18,411"	"18,411"	-0.86	-2.85%	9.48%	-4.04%	0.59%	1.03%	1.92%	1
3356	奇偶	"561,321.00"	"287,924"	"256,911"	"639,710"	"623,107"	"4,210"	"627,317"	"627,614"	7.8	111.01%	48.71%	2.94%	-0.92%	-0.70%	48.06%	0
3376	新日興	"4,984,069.00"	"4,390,607"	"685,408"	"177,916"	"91,640"	"42,417"	"134,057"	"134,057"	0.47	1.84%	11.91%	-1.84%	-2.37%	-1.41%	0.58%	0
3380	明泰	"10,480,123.00"	"8,588,899"	"1,952,451"	"99,293"	"29,719"	"270,870"	"300,589"	"320,124"	0.11	0.28%	18.05%	-0.58%	-0.31%	-0.67%	-0.23%	0
3406	玉晶光	"11,823,117.00"	"7,877,983"	"1,784,870"	"-103,336"	"1,585,286"	"888,458"	"2,473,744"	"2,467,715"	13.99	13.41%	33.37%	18.27%	-0.19%	-1.28%	-1.11%	0
3413	京鼎	"11,861,137.00"	"9,131,392"	"1,233,264"	"-42,114"	"1,073,294"	"167,864"	"1,241,158"	"1,149,046"	8.89	9.05%	23.01%	12.62%	-0.83%	-0.46%	-0.28%	0
3416	融程電	"2,123,231.00"	"1,304,786"	"444,656"	"40,229"	"344,284"	"126,330"	"470,614"	"470,918"	4.28	16.22%	38.55%	17.60%	2.03%	2.52%	0.84%	1
3419	譁裕	"898,415.00"	"786,949"	"204,736"	"5,026"	"-88,743"	"17,010"	"-71,733"	"-71,733"	-0.74	-9.88%	12.41%	-10.38%	0.21%	-0.15%	-0.96%	0
3432	台端	"145,764.00"	"122,038"	"40,420"	-485	"-17,179"	"3,666"	"-13,513"	"-13,513"	-0.41	-11.79%	16.28%	-11.45%	2.06%	3.67%	2.54%	1
3437	榮創	"703,897.00"	"695,249"	"209,442"	"39,191"	"-168,868"	"349,293"	"180,425"	"165,973"	-1.25	-23.99%	1.23%	-28.53%	-2.69%	-2.94%	-3.18%	0
3443	創意	"25,344,369.00"	"19,237,045"	"2,606,800"	"180,169"	"3,201,497"	"31,252"	"3,232,749"	"3,232,749"	23.89	12.63%	24.10%	13.81%	-3.10%	-2.12%	-1.75%	0
3447	展達	"1,678,251.00"	"1,522,092"	"165,709"	"47,047"	"30,867"	"4,289"	"35,156"	"35,156"	0.4	1.84%	9.30%	-0.57%	-0.09%	-1.52%	0.22%	0
3450	聯鈞	"5,063,522.00"	"3,582,305"	"558,934"	"42,268"	"679,953"	"151,535"	"831,488"	"474,396"	2.78	13.43%	29.25%	18.21%	4.45%	5.47%	4.83%	1
3481	群創	"130,344,196.00"	"111,449,945"	"15,762,390"	"1,081,957"	"6,445,921"	"5,431,607"	"11,877,528"	"11,542,169"	0.77	4.95%	14.50%	2.40%	0.06%	0.15%	2.26%	1
3494	誠研	"499,914.00"	"430,839"	"92,844"	"-31,781"	"-55,550"	515	"-55,035"	"-51,463"	-0.55	-11.11%	13.82%	-4.75%	-1.03%	-0.52%	0.71%	0
3501	維熹	"2,620,394.00"	"2,162,994"	"321,299"	"-22,305"	"85,332"	"233,145"	"318,477"	"318,477"	0.72	3.26%	17.46%	5.19%	2.08%	2.45%	1.89%	1
3504	揚明光	"1,423,232.00"	"1,177,005"	"268,593"	"30,405"	"11,121"	"39,531"	"50,652"	"50,652"	0.1	0.78%	17.30%	-1.57%	-0.93%	-0.18%	-0.09%	0
3515	華擎	"23,475,447.00"	"19,458,542"	"2,129,092"	"85,239"	"1,647,822"	"82,327"	"1,730,149"	"958,817"	7.1	7.02%	17.11%	8.04%	2.15%	0.82%	0.65%	1
3518	柏騰	"115,321.00"	"141,645"	"98,448"	"419,840"	"283,599"	"27,583"	"307,183"	"307,183"	2.78	245.92%	-22.83%	-108.20%	-9.71%	-2.21%	-217.42%	0
3528	安馳	"6,702,604.00"	"5,864,613"	"266,155"	"-118,333"	"365,512"	"71,820"	"437,332"		5.48	5.45%	12.50%	8.53%	-1.38%	-1.50%	0.07%	0
3530	晶相光	"1,140,324.00"	"886,225"	"177,031"	"23,458"	"83,669"	"2,999"	"86,668"	"86,668"	1.08	7.34%	22.28%	6.76%	1.82%	2.43%	1.02%	1
3532	台勝科	"6,918,905.00"	"6,642,344"	"286,283"	"-12,051"	"-20,274"	"-5,543"	"-25,817"	"-25,817"	-0.05	-0.29%	4.00%	-0.14%	3.16%	3.04%	1.77%	1
3533	嘉澤	"18,896,408.00"	"9,924,040"	"4,161,174"	"789,916"	"4,404,897"	"1,102,122"	"5,507,019"	"5,477,185"	39.04	23.31%	47.48%	25.46%	-2.07%	-3.58%	-2.76%	0
3535	晶彩科	"528,731.00"	"289,166"	"164,920"	"13,302"	"88,462"	"1,181"	"89,643"	"89,643"	1.12	16.73%	45.31%	14.12%	-0.78%	-6.85%	-7.25%	0
3543	州巧	"1,663,462.00"	"1,487,961"	"278,604"	"57,932"	"-63,765"	"76,268"	"12,503"	"10,831"	-0.54	-3.83%	10.55%	-6.20%	1.14%	-0.17%	-1.03%	0
3545	敦泰	"5,228,560.00"	"4,045,919"	"1,492,404"	"382,954"	"136,380"	"292,907"	"429,287"	"429,347"	0.64	2.61%	22.62%	-5.92%	-0.40%	-0.04%	2.41%	0
3550	聯穎	"2,217,952.00"	"1,824,345"	"319,621"	"13,296"	"70,573"	"128,936"	"199,509"	"201,088"	0.67	3.18%	17.75%	3.34%	0.34%	1.37%	1.05%	1
3557	嘉威	"2,395,301.00"	"1,544,499"	"714,339"	"-60,512"	"57,038"	"38,695"	"95,733"	"95,733"	0.68	2.38%	35.52%	5.70%	1.19%	-0.50%	-0.46%	0
3563	牧德	"1,910,611.00"	"754,907"	"412,800"	"59,653"	"632,566"	"13,523"	"646,089"	"638,438"	9.8	33.11%	60.49%	38.88%	-0.09%	0.20%	-1.21%	0
3576	聯合再生	"1,278,115.00"	"1,567,289"	"424,494"	"2,241,554"	"1,516,419"	"165,576"	"1,681,995"	"1,681,522"	0.93	118.64%	-22.63%	-55.84%	23.02%	30.81%	-217.09%	0
3583	辛耘	"6,115,365.00"	"3,861,812"	"1,348,693"	"50,136"	"758,935"	"2,745,252"	"3,504,187"	"3,486,988"	9.16	12.41%	36.85%	14.80%	3.27%	1.89%	1.42%	1
3588	通嘉	"831,442.00"	"538,870"	"229,834"	"14,412"	"60,865"	"18,088"	"78,953"	"78,953"	1	7.32%	35.19%	7.55%	1.58%	2.70%	1.60%	1
3591	艾笛森	"1,271,933.00"	"1,000,101"	"225,654"	"2,006"	"32,495"	"59,144"	"91,639"	"78,455"	0.16	2.55%	21.37%	3.63%	-0.88%	-0.15%	-0.76%	0
3592	瑞鼎	"12,258,456.00"	"8,950,238"	"2,667,199"	"88,448"	"633,571"	"342,755"	"976,326"	"976,326"	8.35	5.17%	26.99%	5.23%	-1.59%	-0.05%	-0.16%	0
3593	力銘	"329,421.00"	"356,172"	"57,934"	"-4,729"	"-88,123"	"4,620"	"-83,503"	"-83,503"	-1.45	-26.75%	-8.12%	-25.71%	2.03%	5.73%	5.05%	1
3596	智易	"26,666,428.00"	"22,621,828"	"2,293,787"	"132,475"	"1,432,051"	"61,948"	"1,493,999"	"1,494,129"	6.5	5.37%	15.17%	6.57%	0.01%	0.13%	-0.02%	0
3605	宏致	"6,171,890.00"	"4,619,022"	"1,159,405"	"8,217"	"308,440"	"246,324"	"554,764"	"554,738"	1.89	5.00%	25.16%	6.38%	0.57%	1.15%	1.18%	1
3607	谷崧	"1,431,961.00"	"1,234,555"	"204,587"	"15,456"	"8,196"	"63,339"	"71,535"	"71,535"	0.07	0.57%	13.79%	-0.50%	0.66%	0.35%	0.05%	1
3617	碩天	"6,270,783.00"	"2,591,660"	"2,279,720"	"33,220"	"1,075,922"	"120,601"	"1,196,523"	"1,166,987"	11.12	17.16%	58.67%	22.32%	4.81%	6.05%	3.41%	1
3622	洋華	"785,134.00"	"489,810"	"125,417"	"45,163"	"177,652"	"415,559"	"593,211"	"582,005"	1.1	22.63%	37.61%	21.64%	-0.82%	0.59%	-24.22%	0
3645	達邁	"1,244,699.00"	"774,591"	"205,482"	"15,683"	"200,842"	"2,878"	"203,720"	"211,250"	1.52	16.14%	37.77%	21.26%	2.64%	2.43%	0.62%	1
3652	精聯	"1,381,656.00"	"903,817"	"382,129"	"8,805"	"84,638"	"1,814"	"86,452"	"86,334"	1.12	6.13%	34.58%	6.93%	-0.33%	1.72%	1.26%	0
3653	健策	"12,579,732.00"	"6,958,191"	"1,175,790"	"170,723"	"3,733,245"	"220,921"	"3,954,166"	"3,927,905"	25.33	29.68%	44.69%	35.34%	2.90%	3.36%	3.20%	1
3661	世芯-KY	"11,826,622.00"	"7,063,749"	"1,748,583"	"804,662"	"3,065,057"	"613,992"	"3,679,049"	"3,680,452"	37.57	25.92%	40.27%	25.49%	-9.90%	-7.18%	-8.17%	0
3669	圓展	"1,402,225.00"	"547,092"	"709,276"	"10,166"	"130,241"	"155,794"	"286,035"	"286,035"	1.4	9.29%	60.98%	10.40%	0.37%	0.96%	-0.15%	0
3679	新至陞	"2,081,417.00"	"1,459,389"	"252,356"	"20,560"	"263,118"	"156,110"	"419,228"	"419,228"	4.18	12.64%	29.88%	17.76%	-1.35%	-1.87%	-3.71%	0
3686	達能	"44,879.00"	"44,764"	"12,194"	"2,392"	"-9,687"		"-9,687"	"-9,687"	-0.13	-21.58%	0.26%	-26.91%	0.22%	-2.36%	-17.15%	0
3694	海華	"5,908,275.00"	"5,059,667"	"603,752"	"52,306"	"278,470"	"47,722"	"326,192"	"326,192"	1.82	4.71%	14.36%	4.14%	-0.39%	-0.63%	-0.43%	0
3701	大眾控	"4,055,854.00"	"3,569,773"	"837,196"	"-79,880"	"-368,044"	"263,966"	"-104,078"	"-73,914"	-1.28	-9.07%	11.98%	-8.66%	-2.30%	-3.28%	-1.24%	0
3702	大聯大	"772,711,078.00"	"738,311,086"	"13,975,474"	"-1,922,802"	"14,526,635"	"2,963,524"	"17,490,159"	"17,106,806"	8.42	1.88%	4.45%	2.64%	-0.04%	-0.03%	0.06%	0
3703	欣陸	"13,786,035.00"	"11,804,722"	"1,235,425"	"-68,404"	"492,600"	"-27,954"	"464,646"	"437,958"	0.57	3.57%	14.37%	5.41%	-0.01%	0.31%	-1.07%	0
3704	合勤控	"15,061,489.00"	"11,472,573"	"2,766,730"	"1,590"	"646,636"	"51,979"	"698,615"	"682,675"	1.55	4.29%	23.83%	5.46%	-0.18%	3.63%	2.44%	0
3705	永信	"3,770,546.00"	"2,095,303"	"1,096,362"	"47,550"	"471,642"	53	"471,695"	"433,181"	1.63	12.51%	44.43%	15.35%	0.20%	-0.80%	-1.25%	0
3706	神達	"72,818,194.00"	"66,137,282"	"3,797,756"	"1,118,153"	"3,574,074"	"7,091,962"	"10,666,036"	"10,496,948"	2.58	4.91%	9.17%	3.96%	-0.03%	0.24%	0.08%	0
3708	上緯投控	"587,942.00"	"473,836"	"160,024"	"159,155"	"-94,951"	"8,581,483"	"8,486,532"	"8,497,824"	-0.87	-16.15%	19.41%	-7.81%	3.15%	29.80%	-12.98%	0
3711	日月光投控	"364,725,674.00"	"289,757,480"	"36,341,650"	"5,234,698"	"36,059,433"	"27,513,820"	"63,573,253"	"61,781,509"	8.04	9.89%	20.55%	10.59%	0.49%	0.50%	1.50%	1
3712	永崴投控	"9,520,436.00"	"7,915,210"	"769,504"	"98,928"	"-70,883"	"83,147"	"12,264"	"695,825"	2.11	-0.74%	16.86%	8.78%	-20.88%	-22.83%	-28.53%	0
3714	富采	"11,569,048.00"	"10,298,513"	"1,975,693"	"1,819,776"	"1,117,166"	"1,496,647"	"2,613,813"	"2,548,717"	1.49	9.66%	10.98%	-6.10%	-0.16%	-0.23%	12.29%	0
3715	定穎投控	"12,500,258.00"	"10,629,670"	"1,672,509"	"-935,887"	"-542,248"	"49,477"	"-492,771"	"-396,472"	-1.55	-4.34%	14.96%	1.58%	-1.15%	-0.73%	0.15%	0
3716	中化控股	"4,228,916.00"	"2,540,693"	"1,398,322"	"163,738"	"374,744"	"21,612"	"396,356"	"397,139"	3.02	8.86%	39.92%	6.86%	-0.74%	-2.45%	0.20%	0
3717	聯嘉投控	"3,532,488.00"	"2,843,234"	"416,517"	"-16,052"	"240,010"	"44,823"	"284,833"	"284,841"	1.15	6.79%	19.51%	7.72%	2.24%	1.98%	1.48%	1
4104	佳醫	"4,729,202.00"	"3,712,310"	"640,086"	"338,007"	"582,066"	"-176,347"	"405,719"	"405,033"	2.77	12.31%	21.50%	7.97%	0.19%	0.15%	2.21%	1
4106	雃博	"1,257,114.00"	"636,118"	"487,611"	"4,688"	"110,355"	"-7,885"	"102,470"	"102,470"	1.09	8.78%	49.40%	10.61%	-0.06%	0.63%	0.82%	0
4108	懷特	"70,428.00"	"44,683"	"97,850"	"24,990"	"-47,127"	"106,340"	"59,213"	"70,098"	-0.11	-66.92%	36.56%	-102.38%	1.19%	-6.23%	11.57%	0
4119	旭富	"648,663.00"	"511,469"	"94,708"	"-26,495"	"7,263"	"-11,907"	"-4,644"	"-4,644"	0.06	1.12%	21.15%	6.55%	-0.76%	-2.27%	-4.23%	0
4133	亞諾法	"176,232.00"	"84,728"	"74,112"	"9,217"	"22,848"	653	"23,501"	"23,501"	0.38	12.96%	51.92%	9.87%	-0.58%	-1.81%	-5.99%	0
4142	國光生	"149,074.00"	"286,462"	"234,545"	"-1,483"	"-373,416"	"25,319"	"-348,097"	"-319,947"	-0.82	-250.49%	-92.16%	-249.50%	-1.59%	-7.48%	-6.96%	0
4155	訊映	"819,907.00"	"567,058"	"141,083"	"26,985"	"112,627"	"-5,064"	"107,563"	"99,913"	0.74	13.74%	30.84%	13.63%	-1.12%	-2.03%	-2.83%	0
4164	承業醫	"2,338,249.00"	"1,768,738"	"397,136"	"-37,943"	"99,922"	"7,062"	"106,984"	"95,738"	0.45	4.27%	24.36%	7.37%	1.23%	0.72%	1.15%	1
4169	泰宗	"353,979.00"	"191,471"	"200,849"	"3,572"	"-34,818"	"-37,672"	"-72,490"	"-72,490"	-0.55	-9.84%	45.91%	-10.83%	1.26%	5.26%	5.40%	1
4195	基米-創	"320,093.00"	"237,250"	"166,943"	"57,560"	"-27,153"	384	"-26,769"	"-10,009"	-0.14	-8.48%	25.88%	-26.27%	-3.37%	-5.87%	23.00%	0
4306	炎洲	"7,225,960.00"	"5,951,890"	"828,885"	"297,088"	"568,751"	"1,283,446"	"1,852,197"	"1,771,970"	0.77	7.87%	17.63%	6.16%	0.59%	1.09%	2.26%	1
4414	如興	"7,145,338.00"	"5,995,795"	"1,201,729"	"-197,534"	"-278,374"	"20,954"	"-257,420"	"-263,301"	-1.07	-3.90%	16.09%	-0.73%	0.55%	1.71%	5.56%	1
4426	利勤	"436,961.00"	"462,104"	"89,708"	439	"-135,301"	"4,634"	"-130,667"	"-130,667"	-0.78	-30.96%	-5.75%	-26.28%	-3.93%	-4.04%	-8.45%	0
4438	廣越	"7,939,775.00"	"6,866,793"	"886,003"	"266,975"	"367,075"	"162,945"	"530,020"	"425,225"	2.51	4.62%	13.51%	2.35%	1.60%	5.56%	2.59%	1
4439	冠星-KY	"4,147,280.00"	"3,374,680"	"481,981"	"-23,883"	"209,650"	"69,496"	"279,146"	"279,146"	5.53	5.06%	18.63%	7.01%	-0.74%	-0.58%	-0.39%	0
4440	宜新實業	"533,301.00"	"431,992"	"19,498"	"11,678"	"79,149"	890	"80,039"		1.17	14.84%	19.00%	15.34%	1.68%	1.40%	3.24%	1
4441	振大環球	"3,790,065.00"	"2,798,562"	"323,573"	"113,576"	"619,921"	"34,501"	"654,422"	"653,697"	9.08	16.36%	26.16%	17.62%	0.84%	0.08%	-1.04%	0
4526	東台	"2,626,364.00"	"2,219,851"	"663,082"	"21,420"	"-262,616"	"730,907"	"468,291"	"474,509"	-1.02	-10.00%	15.48%	-9.77%	3.38%	6.25%	5.47%	1
4532	瑞智	"12,356,155.00"	"10,620,483"	"1,029,656"	"57,036"	"519,500"	"541,881"	"1,061,381"	"986,145"	1.01	4.20%	14.05%	5.71%	-0.04%	-0.17%	0.01%	0
4536	拓凱	"4,871,075.00"	"3,277,212"	"803,406"	"51,272"	"641,145"	"161,960"	"803,105"	"739,799"	6.55	13.16%	32.72%	16.23%	-1.59%	-0.88%	-2.61%	0
4540	全球傳動	"1,618,341.00"	"1,335,853"	"275,149"	"69,144"	"28,786"	"13,791"	"42,577"	"42,577"	0.25	1.78%	17.46%	0.45%	3.52%	5.82%	4.56%	1
4545	銘鈺	"1,130,077.00"	"944,054"	"163,179"	"15,026"	"36,218"	"15,313"	"51,531"	"51,531"	0.47	3.20%	16.46%	2.02%	1.23%	1.46%	0.13%	1
4551	智伸科	"4,554,705.00"	"3,460,023"	"438,742"	"38,636"	"549,872"	"229,949"	"779,821"	"779,821"	4.77	12.07%	24.03%	14.40%	0.55%	-0.87%	-1.60%	0
4555	氣立	"897,957.00"	"613,518"	"239,926"	"16,647"	"55,322"	"72,229"	"127,551"	"115,521"	0.69	6.16%	31.68%	4.96%	1.54%	2.90%	4.81%	1
4562	穎漢	"326,079.00"	"184,749"	"164,605"	"21,691"	"-3,528"	"7,271"	"3,743"	"4,523"	-0.04	-1.08%	43.34%	-7.14%	2.65%	-0.40%	-6.51%	0
4564	元翎	"386,878.00"	"487,605"	"76,182"	"7,447"	"-165,079"	429	"-164,650"	"-164,650"	-0.71	-42.67%	-26.04%	-45.73%	-4.59%	-6.43%	-7.15%	0
4566	時碩工業	"2,822,215.00"	"2,167,260"	"534,648"	"21,287"	"109,320"	"69,272"	"178,592"	"178,760"	0.99	3.87%	23.21%	4.26%	1.32%	1.43%	0.71%	1
4572	駐龍	"374,995.00"	"247,135"	"47,505"	"13,126"	"74,435"		"74,435"	"74,435"	1.86	19.85%	34.10%	21.43%	0.71%	1.05%	-0.37%	0
4576	大銀微系統	"1,878,532.00"	"1,165,234"	"387,394"	"-15,939"	"254,607"	"83,711"	"338,318"	"284,543"	1.92	13.55%	37.97%	17.35%	-1.04%	0.70%	-1.75%	0
4582	聚恆-創	"966,567.00"	"757,202"	"127,006"	"27,767"	"79,856"	-193	"79,663"	"79,780"	1.16	8.26%	21.66%	8.52%	-13.74%	-3.61%	-6.35%	0
4583	台灣精銳	"1,760,772.00"	"838,107"	"316,558"	"83,620"	"546,086"		"546,086"	"546,086"	6.81	31.01%	52.40%	34.42%	-0.73%	-1.09%	-2.24%	0
4585	達明	"995,617.00"	"486,720"	"442,051"	"147,837"	"191,231"	"23,491"	"214,722"	"214,722"	1.83	19.21%	51.11%	6.71%	1.23%	1.31%	5.19%	1
4588	玖鼎電力	"433,215.00"	"288,692"	"63,459"	"-7,638"	"58,603"		"58,603"		1.36	13.53%	33.36%	18.71%	1.16%	1.13%	1.24%	1
4590	富田-創	"569,391.00"	"388,041"	"207,580"	"151,955"	"112,677"	-223	"112,454"		2.07	19.79%	31.85%	-4.61%	1.67%	4.35%	-4.48%	0
4720	德淵	"1,975,800.00"	"1,578,001"	"372,832"	"8,538"	"17,413"	"34,310"	"51,723"	"47,554"	0.13	0.88%	20.13%	1.26%	-2.06%	-2.38%	-1.62%	0
4722	國精化	"1,927,958.00"	"1,576,828"	"197,762"	"25,728"	"131,698"	"19,295"	"150,993"	"150,993"	1.29	6.83%	18.21%	7.95%	4.06%	4.85%	4.33%	1
4736	泰博	"2,122,043.00"	"1,156,344"	"550,968"	"1,300,952"	"1,603,574"	"292,806"	"1,896,380"	"1,867,451"	16.6	75.57%	45.51%	19.54%	-3.99%	-5.86%	48.22%	0
4737	華廣	"831,895.00"	"550,631"	"422,237"	"-24,506"	"-132,069"	"-26,483"	"-158,552"	"-159,896"	-1.77	-15.88%	33.81%	-16.95%	3.64%	4.89%	3.68%	1
4739	康普	"5,510,938.00"	"4,589,754"	"229,219"	"-31,838"	"514,674"	"-1,090"	"513,584"	"451,399"	3.51	9.34%	16.72%	12.56%	-1.21%	-0.67%	-0.05%	0
4746	台耀	"2,175,062.00"	"1,283,923"	"654,228"	"-212,175"	"-37,629"	"24,149"	"-13,480"	"29,953"	0.04	-1.73%	40.97%	10.89%	-2.01%	-3.28%	-3.14%	0
4755	三福化	"2,371,319.00"	"1,823,187"	"292,603"	"32,464"	"210,134"	"1,513,715"	"1,723,849"	"1,748,266"	2.33	8.86%	23.12%	10.78%	1.06%	1.27%	0.98%	1
4764	雙鍵	"1,755,748.00"	"1,285,320"	"211,676"	"-8,929"	"193,804"	"105,238"	"299,042"	"298,376"	2.26	11.04%	26.79%	14.74%	0.26%	0.09%	0.32%	1
4766	南寶	"12,419,471.00"	"8,230,843"	"2,116,185"	"313,576"	"1,784,062"	"918,198"	"2,702,260"	"2,565,779"	13.82	14.37%	33.73%	16.69%	-1.38%	-0.95%	-0.09%	0
4770	上品	"2,363,145.00"	"1,528,495"	"324,576"	"43,568"	"450,511"	"183,784"	"634,295"	"634,295"	5.63	19.06%	35.32%	21.58%	0.37%	1.70%	0.02%	1
4771	望隼	"2,226,792.00"	"1,284,405"	"274,046"	"18,453"	"551,073"	"72,862"	"623,935"	"548,526"	8.4	24.75%	42.32%	30.01%	1.33%	1.09%	1.32%	1
4807	日成-KY	"1,260,941.00"	"980,429"	"160,718"	"4,645"	"89,071"	"-41,439"	"47,632"	"50,615"	2	7.06%	22.25%	9.50%	-5.47%	-4.77%	-3.68%	0
4904	遠傳	"56,468,411.00"	"38,199,488"	"8,990,889"	"-49,791"	"7,899,216"	"-34,455"	"7,864,761"	"7,698,761"	2.14	13.99%	32.35%	16.43%	-0.66%	-0.03%	0.41%	0
4906	正文	"6,725,001.00"	"5,963,642"	"1,082,132"	"122,885"	"-162,509"	"-449,870"	"-612,379"	"-631,484"	-0.42	-2.42%	11.32%	-4.77%	0.97%	1.81%	1.80%	1
4915	致伸	"33,130,159.00"	"28,043,564"	"3,752,305"	"150,161"	"1,180,232"	"700,377"	"1,880,609"	"1,880,609"	2.55	3.56%	15.35%	4.03%	-0.55%	-0.31%	-0.21%	0
4916	事欣科	"2,434,357.00"	"1,934,919"	"276,972"	"566,920"	"666,272"	"-70,052"	"596,220"	"604,240"	5.45	27.37%	20.52%	9.14%	0.37%	2.19%	-24.69%	0
4919	新唐	"15,929,419.00"	"9,767,544"	"6,606,744"	"495,493"	"-241,817"	"23,223"	"-218,594"	"-218,594"	-0.57	-1.52%	38.68%	-2.79%	-0.66%	-1.39%	-1.61%	0
4930	燦星網	"2,731,514.00"	"2,508,526"	"435,231"	"-7,590"	"-174,283"	"233,390"	"59,107"	"10,566"	-1.2	-6.38%	8.16%	-7.77%	-2.09%	-1.74%	-1.30%	0
4934	太極	"91,257.00"	"138,822"	"156,104"	"34,782"	"-170,054"	"29,498"	"-140,556"	"-53,702"	-0.37	-186.35%	-52.12%	-223.18%	22.56%	35.67%	39.98%	1
4938	和碩	"518,553,263.00"	"495,595,744"	"15,930,516"	"4,182,144"	"9,172,963"	"3,792,000"	"12,964,963"	"9,692,539"	2.26	1.77%	4.43%	1.36%	0.00%	0.20%	0.60%	1
4942	嘉彰	"2,705,762.00"	"2,193,954"	"387,844"	"11,534"	"109,720"	"319,606"	"429,326"	"429,572"	0.77	4.06%	18.92%	4.58%	-0.86%	-1.01%	-1.41%	0
4949	有成精密	"1,744,012.00"	"1,080,930"	"436,814"	"9,485"	"180,576"	"13,427"	"194,003"	"194,003"	2.67	10.35%	38.02%	12.97%	-1.02%	0.52%	0.16%	0
4952	凌通	"1,419,349.00"	"872,977"	"363,256"	"15,649"	"183,326"	"25,157"	"208,483"	"208,483"	1.68	12.92%	38.49%	12.90%	1.48%	4.26%	3.60%	1
4956	光鋐	"723,542.00"	"597,681"	"105,936"	"14,248"	"28,070"	"42,072"	"70,142"	"70,142"	0.28	3.88%	17.40%	2.75%	-2.73%	-2.31%	-2.71%	0
4958	臻鼎-KY	"89,158,843.00"	"69,161,054"	"13,733,254"	"1,067,004"	"5,774,290"	"9,953,587"	"15,727,877"	"10,853,548"	3.55	6.48%	22.43%	7.03%	0.79%	0.88%	1.45%	1
4960	誠美材	"3,871,059.00"	"3,889,350"	"471,338"	"152,161"	"-338,116"	"65,441"	"-272,675"	"-272,675"	-0.6	-8.73%	-0.47%	-12.65%	3.29%	3.51%	-0.22%	0
4961	天鈺	"9,887,088.00"	"7,188,502"	"1,910,449"	"244,797"	"892,869"	"569,540"	"1,462,409"	"954,768"	5.07	9.03%	27.29%	7.97%	-0.50%	1.43%	1.93%	0
4967	十銓	"16,633,210.00"	"9,949,597"	"705,226"	"-35,399"	"4,706,349"	"1,573"	"4,707,922"	"4,707,922"	53.44	28.29%	40.18%	35.94%	2.17%	3.82%	2.93%	1
4968	立積	"1,907,539.00"	"1,265,137"	"580,055"	"42,769"	"92,389"	"2,809"	"95,198"	"95,198"	1	4.84%	33.68%	3.27%	0.22%	1.13%	-0.91%	0
4976	佳凌	"528,620.00"	"698,881"	"97,037"	"20,026"	"-225,617"	0	"-225,617"		-1.63	-42.68%	-32.21%	-50.57%	-18.08%	-16.81%	-16.05%	0
4989	榮科	"2,049,930.00"	"2,043,057"	"111,594"	"10,564"	"-92,323"	"-4,323"	"-96,646"	"-96,646"	-0.67	-4.50%	0.34%	-5.11%	-4.59%	-6.36%	-6.38%	0
4994	傳奇	"602,464.00"	"195,434"	"345,127"	"-9,001"	"45,540"	98	"45,638"	"45,638"	0.69	7.56%	67.56%	10.27%	0.54%	-1.07%	-1.52%	0
4999	鑫禾	"820,128.00"	"741,179"	"177,711"	"7,919"	"-90,608"	"32,358"	"-58,250"	"-58,250"	-1.23	-11.05%	9.63%	-12.04%	-0.66%	0.28%	-0.86%	0
5007	三星	"3,133,113.00"	"2,249,686"	"264,152"	"50,990"	"539,227"	"4,541"	"543,768"	"537,846"	1.82	17.21%	28.20%	19.77%	0.62%	0.17%	-0.52%	0
5203	訊連	"1,113,464.00"	"167,577"	"849,334"	"78,550"	"131,674"	"23,014"	"154,688"	"154,688"	1.66	11.83%	84.95%	8.67%	0.44%	-4.76%	-6.28%	0
5222	全訊	"406,260.00"	"203,179"	"135,241"	"5,448"	"56,668"	"565,320"	"621,988"		0.63	13.95%	49.99%	16.70%	-3.99%	-0.72%	2.58%	0
5225	東科-KY	"4,999,304.00"	"4,342,266"	"526,383"	"47,844"	"151,121"	"68,292"	"219,413"	"219,413"	1.92	3.02%	13.14%	2.61%	-1.75%	-2.31%	-2.21%	0
5234	達興材料	"2,483,006.00"	"1,415,299"	"568,836"	"31,495"	"455,847"	-433	"455,414"	"455,414"	4.44	18.36%	43.00%	20.09%	-0.10%	0.00%	-0.54%	0
5236	凌陽創新	"1,167,421.00"	"459,927"	"319,948"	"24,593"	"351,530"		"351,530"		5.86	30.11%	60.60%	33.20%	-1.07%	-1.84%	-0.20%	0
5244	弘凱	"376,452.00"	"283,669"	"155,678"	"12,894"	"-49,519"	"55,181"	"5,662"	"5,662"	-0.73	-13.15%	24.65%	-16.71%	0.49%	8.86%	7.07%	1
5258	虹堡	"3,959,526.00"	"2,775,642"	"1,047,522"	"15,910"	"80,023"	"8,220"	"88,243"	"60,062"	0.48	2.02%	29.90%	3.44%	-2.09%	4.98%	5.59%	0
5269	祥碩	"6,220,554.00"	"3,072,553"	"1,689,653"	"2,665,188"	"3,871,274"	"871,932"	"4,743,206"	"4,743,206"	52.07	62.23%	50.61%	23.44%	-0.23%	0.32%	9.23%	0
5283	禾聯碩	"3,333,175.00"	"2,223,891"	"867,156"	"76,021"	"253,724"	"-3,799"	"249,925"	"249,925"	2.9	7.61%	33.28%	7.26%	4.37%	7.87%	6.49%	1
5285	界霖	"2,981,953.00"	"2,441,875"	"248,786"	"-8,307"	"205,314"	"69,448"	"274,762"	"274,762"	2.01	6.89%	18.11%	9.77%	-0.57%	-0.11%	-0.63%	0
5288	豐祥-KY	"4,471,477.00"	"3,417,667"	"409,115"	"95,386"	"553,838"	"56,522"	"610,360"	"613,729"	8.03	12.39%	23.57%	14.42%	0.33%	-0.05%	0.47%	0
5292	華懋	"1,275,985.00"	"948,399"	"90,475"	"34,299"	"212,929"	"7,353"	"220,282"	"220,282"	4.6	16.69%	25.67%	18.58%	-2.22%	-1.62%	-0.76%	0
5306	桂盟	"2,777,067.00"	"1,604,942"	"539,663"	"33,983"	"497,030"	"357,838"	"854,868"	"854,899"	3.94	17.90%	42.21%	22.77%	0.38%	0.78%	1.07%	1
5388	中磊	"37,262,555.00"	"32,451,954"	"3,642,826"	"-177,389"	"776,056"	"196,397"	"972,453"	"970,864"	2.59	2.08%	12.91%	3.13%	-0.75%	0.19%	0.27%	0
5434	崇越	"39,362,103.00"	"34,033,796"	"2,414,452"	"848,221"	"2,876,827"	"1,418,158"	"4,294,985"	"4,275,895"	14.79	7.31%	13.54%	7.40%	-0.04%	-0.31%	0.11%	0
5469	瀚宇博	"32,539,077.00"	"27,460,417"	"2,685,515"	"269,830"	"1,636,379"	"32,303,110"	"33,939,489"	"26,854,586"	2.05	5.03%	15.61%	7.35%	-0.59%	-0.53%	-1.70%	0
5471	松翰	"1,708,141.00"	"996,807"	"537,047"	"61,365"	"201,769"	"26,595"	"228,364"	"228,364"	1.2	11.81%	41.64%	10.20%	-0.92%	1.13%	1.28%	0
5484	慧友	"447,204.00"	"377,298"	"102,341"	"90,311"	"57,819"	794	"58,613"	"58,613"	0.87	12.93%	15.63%	-7.25%	-0.80%	2.31%	0.52%	0
5515	建國	"4,019,401.00"	"3,241,066"	"273,360"	"902,088"	"1,225,091"	"32,933"	"1,258,024"	"1,258,024"	6.08	30.48%	19.36%	12.56%	-0.04%	-0.77%	10.92%	0
5519	隆大	"1,129,296.00"	"788,402"	"122,611"	"12,837"	"176,070"	386	"176,456"	"176,456"	0.76	15.59%	30.19%	19.33%	-2.60%	-5.51%	-3.30%	0
5521	工信	"5,420,687.00"	"4,961,883"	"191,377"	"21,214"	"283,061"	"6,280"	"289,341"	"289,341"	0.58	5.22%	8.46%	4.93%	3.19%	2.96%	2.80%	1
5522	遠雄	"8,531,058.00"	"5,505,328"	"1,006,372"	"-14,647"	"1,557,314"	"-89,123"	"1,468,191"	"1,468,191"	1.99	18.25%	35.47%	23.67%	-1.38%	-3.02%	-6.08%	0
5525	順天	"3,884,131.00"	"2,570,970"	"298,977"	"-23,543"	"716,995"		"716,995"	"717,114"	2.33	18.46%	33.81%	26.11%	1.07%	1.69%	0.44%	1
5531	鄉林	"323,105.00"	"270,425"	"480,864"	"195,697"	"-218,681"	"103,594"	"-115,087"	"-2,343"	-0.12	-67.68%	16.30%	-132.52%	9.80%	33.14%	-72.67%	0
5533	皇鼎	"710,094.00"	"510,308"	"88,521"	"24,363"	"111,854"		"111,854"	"111,854"	0.39	15.75%	28.14%	15.67%	-0.50%	-0.47%	2.62%	0
5534	長虹	"2,321,400.00"	"1,660,696"	"255,603"	"3,308"	"323,673"	0	"323,673"	"319,920"	1.05	13.94%	28.46%	17.45%	3.29%	8.84%	7.48%	1
5607	遠雄港	"2,583,659.00"	"1,214,956"	"184,191"	"-173,298"	"807,877"		"807,877"	"807,877"	2.18	31.27%	52.98%	45.85%	1.64%	1.61%	1.34%	1
5608	四維航	"1,621,931.00"	"1,323,147"	"157,681"	"-72,215"	"87,188"	"178,072"	"265,260"	"301,045"	0.32	5.38%	18.42%	8.70%	6.90%	7.50%	13.99%	1
5706	鳳凰	"1,530,809.00"	"1,325,232"	"126,683"	"109,950"	"152,783"	"88,254"	"241,037"	"237,793"	1.79	9.98%	13.43%	5.15%	-1.53%	-2.12%	2.31%	0
5906	台南-KY	"827,288.00"	"375,550"	"442,998"	"-5,350"	"-4,092"	"-64,511"	"-68,603"	"-64,114"	0.01	-0.49%	54.60%	1.06%	-1.28%	-2.01%	-1.12%	0
6108	競國	"2,413,390.00"	"2,328,989"	"278,477"	"269,265"	"49,851"	"74,105"	"123,956"	"123,956"	0.32	2.07%	3.50%	-8.04%	9.28%	10.66%	18.65%	1
6112	邁達特	"12,570,260.00"	"10,764,804"	"1,348,995"	"26,870"	"369,201"	"-6,204"	"362,997"	"335,392"	1.85	2.94%	14.36%	3.63%	0.49%	0.84%	2.24%	1
6115	鎰勝	"4,021,415.00"	"3,422,204"	"235,116"	"13,405"	"273,716"	"130,987"	"404,703"	"407,912"	1.48	6.81%	14.90%	9.05%	0.27%	0.12%	-0.24%	0
6116	彩晶	"6,085,329.00"	"6,282,570"	"730,233"	"883,035"	"-45,809"	"3,302,101"	"3,256,292"	"3,256,292"	-0.02	-0.75%	-3.24%	-15.24%	-2.35%	-4.28%	5.31%	0
6117	迎廣	"1,647,214.00"	"1,085,594"	"325,606"	"4,200"	"167,908"	"14,036"	"181,944"	"182,005"	1.81	10.19%	34.10%	14.33%	-3.46%	-2.58%	-4.45%	0
6120	達運	"8,756,244.00"	"8,423,120"	"646,131"	"1,230,815"	"853,225"	"402,785"	"1,256,010"	"1,256,010"	1.42	9.74%	3.80%	-3.57%	0.24%	-1.33%	11.77%	0
6128	上福	"2,618,075.00"	"1,540,547"	"936,938"	"-33,124"	"84,096"	"27,786"	"111,882"	"111,882"	0.66	3.21%	41.16%	5.37%	1.23%	0.57%	0.52%	1
6133	金橋	"693,708.00"	"517,160"	"96,708"	"-3,936"	"58,300"	"-11,848"	"46,452"	"46,452"	0.5	8.40%	25.45%	11.51%	1.48%	2.97%	3.80%	1
6136	富爾特	"334,055.00"	"235,181"	"117,218"	"12,357"	"-10,205"	"1,465,145"	"1,454,940"	"1,459,937"	-0.04	-3.05%	29.60%	-5.49%	-0.50%	-0.60%	1.25%	0
6139	亞翔	"45,982,606.00"	"36,710,734"	"909,471"	"1,548,484"	"7,942,680"	"670,425"	"8,613,105"	"6,638,359"	25.91	17.27%	20.16%	18.19%	1.43%	0.98%	2.61%	1
6141	柏承	"1,090,986.00"	"976,886"	"209,969"	"-71,766"	"-198,056"	"-18,878"	"-216,934"	"-155,712"	-1.23	-18.15%	10.46%	-8.79%	3.49%	4.13%	0.71%	1
6142	友勁	"921,198.00"	"821,936"	"166,626"	"-26,593"	"-93,957"	"21,165"	"-72,792"	"-72,792"	-0.28	-10.20%	10.78%	-7.31%	4.29%	4.57%	3.48%	1
6152	百一	"956,530.00"	"698,962"	"273,040"	"61,031"	"45,559"	"33,927"	"79,486"	"79,034"	0.27	4.76%	26.93%	-1.62%	6.45%	20.91%	15.94%	1
6153	嘉聯益	"2,730,910.00"	"2,863,942"	"526,667"	"111,342"	"-550,151"	"-28,818"	"-578,969"	"-578,969"	-0.86	-20.15%	-4.87%	-24.16%	3.83%	6.41%	10.01%	1
6155	鈞寶	"373,725.00"	"272,985"	"67,542"	"47,661"	"71,875"	"16,566"	"88,441"	"88,441"	0.82	19.23%	26.96%	8.88%	0.18%	1.67%	9.56%	1
6164	華興	"398,491.00"	"271,637"	"123,424"	"15,022"	"12,963"	"23,420"	"36,383"	"35,759"	0.16	3.25%	31.83%	0.86%	1.56%	3.46%	1.07%	1
6165	浪凡	"1,722,724.00"	"1,204,716"	"316,174"	"-16,182"	"142,324"	"4,536"	"146,860"	"145,470"	1.91	8.26%	30.07%	11.72%	0.16%	0.02%	-1.30%	0
6166	凌華	"7,903,289.00"	"5,172,648"	"1,831,047"	"18,444"	"667,007"	"107,347"	"774,354"	"786,989"	3.12	8.44%	34.55%	11.38%	-3.00%	-0.74%	-1.42%	0
6168	宏齊	"1,084,715.00"	"823,040"	"266,224"	"44,349"	"40,853"	"566,957"	"607,810"	"564,361"	0.17	3.77%	24.12%	-0.42%	0.40%	1.88%	2.36%	1
6176	瑞儀	"23,124,544.00"	"18,057,856"	"2,857,818"	"-111,390"	"1,291,904"	"732,413"	"2,024,317"	"2,024,317"	2.81	5.59%	21.91%	9.55%	-0.48%	-1.71%	-3.15%	0
6177	達麗	"8,310,140.00"	"4,745,922"	"600,431"	"-5,802"	"2,386,830"	"29,735"	"2,416,565"	"2,405,565"	5.03	28.72%	42.89%	35.66%	-7.17%	-7.47%	-5.83%	0
6183	關貿	"1,359,348.00"	"734,830"	"222,727"	"27,329"	"361,942"	"30,027"	"391,969"	"391,969"	2.41	26.63%	45.94%	29.56%	0.78%	0.40%	2.51%	1
6184	大豐電	"1,096,635.00"	"505,827"	"259,677"	"30,769"	"291,489"	"18,676"	"310,165"	"240,817"	1.51	26.58%	53.87%	30.20%	-0.35%	-1.92%	1.49%	0
6189	豐藝	"14,965,914.00"	"13,583,784"	"665,686"	"30,049"	"602,226"	"7,225"	"609,451"	"537,320"	2.01	4.02%	9.24%	4.79%	0.08%	0.18%	0.00%	0
6191	精成科	"19,292,828.00"	"16,230,958"	"1,596,488"	"465,929"	"1,149,483"	"10,682,032"	"11,831,515"	"11,838,307"	2.32	5.96%	15.87%	7.60%	-0.60%	-0.61%	-2.59%	0
6192	巨路	"3,849,908.00"	"2,557,491"	"634,534"	"46,423"	"509,402"	"63,585"	"572,987"	"573,565"	5.3	13.23%	33.57%	17.09%	-0.45%	-0.01%	-0.82%	0
6196	帆宣	"35,508,124.00"	"30,715,150"	"1,721,644"	"526,893"	"2,900,848"	"78,072"	"2,978,920"	"2,990,925"	13.26	8.17%	13.50%	8.65%	-0.07%	0.40%	0.42%	0
6197	佳必琪	"4,534,628.00"	"2,907,208"	"594,869"	"82,266"	"888,919"	"450,481"	"1,339,400"	"1,310,705"	7	19.60%	35.89%	22.77%	0.12%	0.14%	-0.64%	0
6201	亞弘電	"1,507,800.00"	"1,153,855"	"190,357"	964	"135,490"	"16,608"	"152,098"	"152,098"	1.52	8.99%	23.47%	10.85%	0.00%	0.43%	0.75%	1
6202	盛群	"1,808,704.00"	"1,038,806"	"562,613"	"64,775"	"224,366"	"68,135"	"292,501"	"281,812"	0.94	12.40%	42.57%	11.46%	2.55%	4.05%	3.76%	1
6205	詮欣	"665,770.00"	"416,375"	"188,287"	"51,130"	"94,557"	"50,123"	"144,680"	"143,934"	1.16	14.20%	37.46%	9.18%	-1.86%	0.14%	3.52%	0
6206	飛捷	"3,391,835.00"	"1,848,799"	"537,518"	"31,182"	"837,637"	"8,228"	"845,865"	"855,839"	5.93	24.70%	45.49%	29.65%	-0.13%	1.56%	1.25%	0
6209	今國光	"2,414,494.00"	"1,736,974"	"354,774"	"37,640"	"274,609"	"116,604"	"391,213"	"391,213"	1.53	11.37%	28.06%	13.37%	-2.86%	-2.65%	-1.06%	0
6213	聯茂	"20,673,078.00"	"17,089,749"	"1,311,037"	"44,935"	"1,593,884"	"808,307"	"2,402,191"	"2,402,191"	4.39	7.71%	17.33%	10.99%	5.91%	6.35%	4.27%	1
6214	精誠	"27,367,791.00"	"22,285,547"	"3,915,125"	"979,802"	"1,797,064"	"57,709"	"1,854,773"	"1,730,302"	6.15	6.57%	18.57%	4.26%	-1.83%	-0.68%	0.10%	0
6215	和椿	"1,675,306.00"	"1,219,090"	"270,319"	"17,298"	"159,273"	"15,697"	"174,970"	"174,970"	1.92	9.51%	27.23%	11.10%	-2.68%	-2.97%	-2.69%	0
6216	居易	"284,856.00"	"163,034"	"145,459"	"18,731"	"-13,539"		"-13,539"		-0.14	-4.75%	42.77%	-8.30%	0.69%	6.25%	3.79%	1
6224	聚鼎	"1,476,301.00"	"978,879"	"392,448"	"40,764"	"109,427"	"56,109"	"165,536"	"171,558"	1.37	7.41%	33.69%	7.11%	1.37%	1.14%	0.42%	1
6225	天瀚	"26,757.00"	"14,662"	"20,581"	"5,990"	"-2,496"	"1,009"	"-1,487"	"-1,487"	-0.09	-9.33%	45.20%	-31.72%	31.94%	117.17%	41.37%	1
6226	光鼎	"326,898.00"	"226,840"	"113,496"	"23,435"	"3,579"	"126,712"	"130,291"	"130,291"	0.03	1.09%	30.61%	-4.11%	0.46%	2.26%	0.33%	1
6230	尼得科超眾	"4,678,093.00"	"3,866,037"	"780,196"	"-196,448"	"-156,827"	"228,415"	"71,588"	"71,588"	-1.82	-3.35%	17.36%	0.68%	-0.46%	-0.06%	0.18%	0
6235	華孚	"3,231,976.00"	"2,438,855"	"604,724"	"-64,349"	"80,248"	"195,479"	"275,727"	"275,727"	0.4	2.48%	24.54%	5.83%	0.11%	-0.74%	-1.21%	0
6239	力成	"44,429,999.00"	"35,254,988"	"2,883,720"	"526,950"	"5,236,499"	"157,579"	"5,394,078"	"4,253,548"	5.5	11.79%	20.65%	14.16%	1.21%	1.21%	0.59%	1
6243	迅杰	"168,376.00"	"82,842"	"141,876"	"11,916"	"-46,124"		"-46,124"		-1.02	-27.39%	50.80%	-33.46%	-8.96%	-15.44%	-25.73%	0
6257	矽格	"11,174,473.00"	"7,485,101"	"997,267"	"263,402"	"2,480,027"	"3,462,428"	"5,942,455"	"5,693,779"	4.65	22.19%	33.02%	24.09%	1.36%	1.73%	1.00%	1
6269	台郡	"10,847,066.00"	"10,692,495"	"1,854,929"	"80,323"	"-1,344,457"	"521,741"	"-822,716"	"-843,451"	-4.27	-12.39%	1.43%	-15.68%	2.81%	2.61%	2.56%	1
6271	同欣電	"5,972,201.00"	"4,203,418"	"803,486"	"152,255"	"915,829"	"249,542"	"1,165,371"	"1,164,166"	4.37	15.33%	29.62%	16.16%	1.65%	2.21%	1.33%	1
6272	驊陞	"1,567,070.00"	"1,239,255"	"313,251"	"-8,058"	"9,240"	"62,761"	"72,001"	"66,844"	0.13	0.59%	20.92%	0.93%	-0.09%	-1.56%	-0.95%	0
6277	宏正	"2,635,317.00"	"1,018,500"	"1,208,339"	"-4,162"	"304,535"	"-26,477"	"278,058"	"273,688"	2.5	11.56%	61.35%	15.50%	1.12%	1.08%	1.37%	1
6278	台表科	"25,785,584.00"	"22,806,019"	"1,437,771"	"162,396"	"1,428,502"	"682,538"	"2,111,040"	"2,111,761"	4.93	5.54%	11.56%	5.98%	0.25%	0.21%	0.54%	1
6281	全國電	"9,673,563.00"	"7,727,186"	"1,670,634"	"7,441"	"224,002"		"224,002"		2.26	2.32%	20.12%	2.85%	-1.13%	-0.27%	-0.22%	0
6282	康舒	"18,095,950.00"	"13,982,105"	"3,722,802"	"64,113"	"305,289"	"514,363"	"819,652"	"814,292"	0.37	1.69%	22.73%	2.16%	-1.66%	-0.77%	-1.01%	0
6283	淳安	"871,970.00"	"803,441"	"181,936"	"23,406"	"-85,390"	"59,667"	"-25,723"	"-28,572"	-0.53	-9.79%	7.86%	-13.01%	-2.75%	-5.25%	-7.30%	0
6285	啟碁	"68,594,467.00"	"59,456,233"	"5,707,587"	"22,453"	"2,761,644"	"629,485"	"3,391,129"	"3,391,129"	5.75	4.03%	13.32%	5.00%	-0.44%	0.33%	0.14%	0
6405	悅城	248	"22,169"	"29,588"	"59,912"	"7,419"	"637,779"	"645,198"		0.11	2991.53%	-8839.11%	-20769.76%	3327.12%	11362.71%	25527.90%	1
6409	旭隼	"9,759,001.00"	"7,257,644"	"733,522"	"-464,791"	"1,103,723"	"513,358"	"1,617,081"	"1,617,081"	12.58	11.31%	25.63%	18.11%	-0.47%	0.01%	2.00%	0
6412	群電	"16,227,361.00"	"13,883,596"	"1,813,730"	"799,791"	"1,218,548"	"434,684"	"1,653,232"	"1,653,232"	3.04	7.51%	14.44%	3.27%	-1.49%	-1.03%	2.32%	0
6414	樺漢	"85,491,428.00"	"68,680,532"	"12,133,695"	"1,196,414"	"4,621,502"	"10,448"	"4,631,950"	"2,074,486"	12.31	5.41%	19.66%	5.47%	-0.45%	0.10%	0.44%	0
6416	瑞祺電通	"2,391,053.00"	"1,797,160"	"319,073"	"7,964"	"212,946"	"-2,812"	"210,134"	"212,821"	2.9	8.91%	24.84%	11.49%	-0.83%	-1.03%	-0.34%	0
6426	統新	"362,047.00"	"184,402"	"83,251"	"13,721"	"114,043"	-133	"113,910"	"113,910"	2.96	31.50%	49.07%	26.07%	9.61%	13.56%	13.06%	1
6438	迅得	"3,568,453.00"	"2,635,907"	"531,528"	"-6,315"	"303,920"	"826,307"	"1,130,227"	"1,138,478"	3.79	8.52%	26.13%	11.24%	-0.28%	0.12%	0.37%	0
6442	光聖	"6,386,649.00"	"2,586,444"	"1,905,988"	"78,331"	"1,496,641"	"-2,052,184"	"-555,543"	"-555,006"	19.07	23.43%	59.50%	29.66%	4.09%	3.26%	1.03%	1
6443	元晶	"673,833.00"	"837,404"	"135,934"	"-4,674"	"-306,799"	"2,524"	"-304,275"	"-304,265"	-0.6	-45.53%	-24.27%	-44.45%	-19.13%	-25.80%	-20.75%	0
6446	藥華藥	"11,976,809.00"	"1,016,735"	"5,717,584"	"291,693"	"4,679,591"	"230,323"	"4,909,914"	"4,909,914"	11.35	39.07%	91.51%	43.77%	3.64%	3.02%	-2.90%	0
6449	鈺邦	"2,498,324.00"	"1,612,390"	"453,082"	"51,362"	"367,220"	"2,018,927"	"2,386,147"	"2,409,139"	4.42	14.70%	35.46%	17.33%	-1.33%	-1.88%	-1.40%	0
6456	GIS-KY	"26,579,610.00"	"25,428,905"	"2,275,085"	"373,494"	"-1,257,187"	"1,170,525"	"-86,662"	"-87,234"	-3.76	-4.73%	4.33%	-4.23%	-0.65%	-2.23%	-3.46%	0
6464	台數科	"2,145,010.00"	"1,063,489"	"486,739"	"-80,049"	"398,354"	"-7,775"	"390,579"	"383,444"	2.91	18.57%	50.42%	27.73%	-1.20%	-0.03%	1.05%	0
6472	保瑞	"9,890,685.00"	"6,017,832"	"2,477,606"	"-360,992"	"654,414"	"55,253"	"684,693"	"655,092"	4.56	6.62%	39.16%	14.11%	3.10%	3.89%	5.44%	1
6477	安集	"449,527.00"	"302,844"	"58,149"	"-53,876"	"23,476"	"-11,011"	"12,465"	"7,630"	0.15	5.22%	32.63%	19.69%	7.86%	6.82%	5.33%	1
6491	晶碩	"4,000,172.00"	"1,874,215"	"998,580"	"88,853"	"1,026,961"	"20,186"	"1,047,147"	"1,035,414"	13.13	25.67%	53.15%	28.18%	-0.18%	-0.60%	0.33%	0
6504	南六	"3,329,596.00"	"2,883,490"	"345,630"	"-60,013"	968	"98,852"	"99,820"	"99,836"	0.01	0.03%	13.40%	3.02%	-0.38%	-1.27%	-0.43%	0
6505	台塑化	"344,972,366.00"	"292,351,170"	"5,223,969"	"4,187,977"	"41,181,868"	"101,424,223"	"142,606,091"	"142,550,278"	4.32	11.94%	15.25%	13.74%	-1.53%	-1.39%	-0.66%	0
6515	穎崴	"6,503,650.00"	"3,871,464"	"1,030,333"	"119,804"	"1,370,770"	"66,207"	"1,436,977"	"1,436,977"	38.24	21.08%	40.47%	24.63%	-2.53%	-1.43%	-2.36%	0
6525	捷敏-KY	"3,008,421.00"	"2,176,200"	"194,378"	"-6,580"	"495,141"	"168,747"	"663,888"	"663,888"	3.84	16.46%	27.66%	21.20%	1.52%	2.08%	1.08%	1
6526	達發	"11,744,071.00"	"5,650,115"	"4,334,729"	"162,741"	"1,631,987"	"137,745"	"1,769,732"	"1,765,894"	9.72	13.90%	51.89%	14.98%	-0.84%	0.02%	0.23%	0
6531	愛普*	"4,462,828.00"	"2,333,634"	"815,273"	"346,663"	"1,327,145"	"47,884"	"1,375,029"	"1,404,021"	8.33	29.74%	47.71%	29.44%	1.52%	1.43%	-1.69%	0
6533	晶心科	"892,623.00"	"1,156"	"1,198,446"	"9,703"	"-233,886"	"3,390"	"-230,496"	"-230,496"	-4.62	-26.20%	99.87%	-34.39%	-0.01%	27.80%	24.73%	0
6534	正瀚-創	"1,328,929.00"	"189,625"	"450,410"	"9,947"	"577,826"	"4,205"	"582,031"	"582,031"	5.65	43.48%	85.73%	51.84%	-0.46%	-7.76%	-5.59%	0
6552	易華電	"576,929.00"	"630,541"	"78,953"	"56,736"	"-75,022"	"1,033,405"	"958,383"		-0.9	-13.00%	-9.29%	-22.98%	-0.43%	0.26%	5.70%	0
6558	興能高	"518,067.00"	"460,368"	"140,255"	"10,030"	"-71,055"	"24,778"	"-46,277"	"-46,277"	-0.76	-13.72%	11.14%	-15.94%	-1.66%	2.23%	0.53%	0
6579	研揚	"5,227,560.00"	"3,422,946"	"1,271,525"	"511,974"	"896,077"	"55,226"	"951,303"	"824,422"	6.15	17.14%	34.52%	10.20%	-0.31%	1.50%	-4.46%	0
6581	鋼聯	"1,282,106.00"	"534,615"	"132,724"	"-4,482"	"486,086"		"486,086"	"486,086"	4.37	37.91%	58.30%	47.95%	5.25%	9.32%	7.98%	1
6582	申豐	"260,740.00"	"255,124"	"58,567"	"46,124"	"-1,254"	"543,344"	"542,090"	"542,090"	-0.01	-0.48%	2.15%	-20.31%	14.71%	23.78%	25.62%	1
6585	鼎基	"1,657,000.00"	"1,039,138"	"203,057"	"30,238"	"346,632"	"7,900"	"354,532"	"354,532"	4.81	20.92%	37.29%	25.03%	2.60%	4.57%	2.44%	1
6589	台康生技	"620,746.00"	"417,926"	"612,180"	"73,539"	"-336,199"	"-46,949"	"-383,148"	"-383,148"	-1.12	-54.16%	32.67%	-65.95%	11.61%	1.24%	-8.04%	0
6591	動力-KY	"544,167.00"	"415,946"	"162,279"	"49,660"	"29,059"	"46,071"	"75,130"	"76,249"	0.73	5.34%	23.56%	-6.26%	-0.86%	-4.87%	-4.00%	0
6592	和潤企業	"11,564,100.00"	"4,436,223"	"4,833,376"	"193,344"	"1,890,530"	"4,181"	"1,894,711"	"1,695,678"	2.22	16.35%	61.64%	19.84%	-0.19%	0.68%	0.45%	0
6605	帝寶	"9,610,386.00"	"6,546,983"	"1,458,473"	"66,023"	"1,281,892"	"5,428"	"1,287,320"	"1,263,298"	7.71	13.34%	31.88%	16.70%	-1.63%	-1.60%	-2.16%	0
6606	建德工業	"484,805.00"	"274,474"	"66,744"	"6,962"	"89,468"	"50,908"	"140,181"	"139,966"	0.82	18.45%	43.38%	29.62%	2.55%	5.03%	3.09%	1
6614	資拓宏宇	"2,489,421.00"	"2,195,651"	"248,984"	"7,255"	"42,740"		"42,740"	"42,740"	0.53	1.72%	11.80%	1.80%	0.65%	0.62%	0.68%	1
6625	必應	"2,158,509.00"	"1,641,395"	"139,014"	"22,842"	"268,467"	"21,944"	"290,411"	"289,727"	4.63	12.44%	23.96%	17.52%	3.98%	4.33%	1.82%	1
6641	基士德-KY	"943,519.00"	"647,246"	"319,595"	"16,471"	"3,696"	"49,976"	"53,672"	"57,239"	0.19	0.39%	31.40%	-2.47%	0.49%	4.48%	1.24%	1
6645	金萬林-創	"278,377.00"	"236,739"	"118,745"	"-1,912"	"-79,394"	172	"-79,222"	"-76,149"	-1.26	-28.52%	14.96%	-27.70%	3.30%	6.59%	10.08%	1
6655	科定	"1,507,518.00"	"762,369"	"509,273"	"23,085"	"207,295"	"902,042"	"1,109,337"	"1,108,468"	2.62	13.75%	49.43%	15.65%	-0.08%	1.55%	2.79%	0
6657	華安	"3,243.00"	911	"194,173"	"7,030"	"-184,811"	62	"-184,749"	"-184,749"	-2.1	-5698.77%	71.91%	-5915.54%	-3.00%	-2263.35%	-2369.65%	0
6658	聯策	"1,324,146.00"	"1,011,853"	"174,427"	"6,597"	"106,029"	"41,519"	"147,548"	"152,450"	3.05	8.01%	23.58%	10.41%	-0.41%	-1.18%	-0.87%	0
6668	中揚光	"586,221.00"	"502,996"	"180,112"	"7,817"	"-89,546"	"166,297"	"76,751"	"76,722"	-0.83	-15.28%	14.20%	-16.53%	2.92%	7.52%	9.53%	1
6669	緯穎	"554,660,326.00"	"508,016,209"	"8,967,941"	"-768,187"	"29,083,507"	"1,767,192"	"30,850,699"	"30,850,699"	156.38	5.24%	8.41%	6.79%	0.86%	0.48%	0.14%	1
6670	復盛應用	"16,543,124.00"	"12,438,111"	"1,582,748"	"29,364"	"1,950,613"	"368,391"	"2,319,004"	"2,164,010"	13.1	11.79%	24.81%	15.25%	0.81%	0.31%	-0.42%	0
6672	騰輝電子-KY	"2,859,714.00"	"1,855,224"	"588,354"	"8,192"	"357,469"	"110,344"	"467,813"	"467,814"	4.75	12.50%	35.13%	14.55%	1.11%	2.88%	2.58%	1
6674	鋐寶科技	"217,063.00"	"189,308"	"151,338"	"-4,386"	"-132,969"	-150	"-133,119"	"-133,119"	-1.97	-61.26%	12.79%	-56.93%	-2.50%	-0.89%	1.20%	0
6689	伊雲谷	"6,120,700.00"	"5,536,007"	"544,913"	"26,165"	"54,125"	"19,576"	"73,701"	"67,651"	0.71	0.88%	9.55%	0.65%	-0.33%	-0.25%	-0.26%	0
6691	洋基工程	"18,111,362.00"	"14,807,058"	"365,881"	"15,970"	"2,316,715"	"37,539"	"2,354,254"	"2,354,254"	17.46	12.79%	18.24%	16.22%	-0.15%	0.48%	0.37%	0
6695	芯鼎	"507,145.00"	"316,561"	"373,706"	"56,338"	"-126,784"		"-126,784"	"-126,784"	-1.28	-25.00%	37.58%	-36.11%	-0.30%	-2.68%	0.72%	0
6698	旭暉應材	"327,242.00"	"344,673"	"125,570"	"5,625"	"-132,300"	"17,722"	"-114,578"	"-72,289"	-1.3	-40.43%	-5.33%	-43.70%	-25.89%	-27.23%	-25.83%	0
6706	惠特	"337,458.00"	"365,958"	"258,218"	"47,840"	"-223,930"	"74,926"	"-149,004"	"-149,004"	-2.85	-66.36%	-8.45%	-84.96%	-6.44%	-7.87%	-19.26%	0
6715	嘉基	"921,018.00"	"621,423"	"237,241"	"11,055"	"43,564"	"5,210"	"48,774"	"64,738"	0.89	4.73%	32.53%	6.77%	-7.48%	-9.12%	-6.90%	0
6719	力智	"2,100,786.00"	"1,257,329"	"468,413"	"160,611"	"442,965"	"55,994"	"498,959"	"498,959"	4.2	21.09%	40.15%	17.85%	-1.52%	-0.59%	-1.49%	0
6722	輝創	"2,413,123.00"	"1,893,961"	"460,393"	"41,227"	"70,110"	"7,786"	"77,896"	"77,896"	0.8	2.91%	21.51%	2.44%	0.93%	0.82%	0.50%	1
6742	澤米	"180,916.00"	"203,118"	"48,289"	"6,897"	"-61,624"	"1,333"	"-60,291"	"-60,291"	-0.87	-34.06%	-12.27%	-38.96%	-3.40%	-3.06%	-5.53%	0
6743	安普新	"2,441,106.00"	"2,011,996"	"327,144"	"-64,003"	129	"51,092"	"51,221"	"51,221"	0	0.01%	17.58%	4.18%	-1.11%	2.25%	2.56%	0
6753	龍德造船	"2,849,125.00"	"1,732,688"	"142,125"	"1,648"	"767,623"	"2,639"	"770,262"		6.55	26.94%	39.19%	34.20%	6.08%	5.22%	3.01%	1
6754	匯僑設計	"1,394,388.00"	"1,077,532"	"275,738"	"11,046"	"45,616"	"31,731"	"77,347"	"77,347"	0.69	3.27%	22.72%	2.95%	-0.14%	2.87%	1.91%	0
6756	威鋒電子	"948,111.00"	"527,655"	"453,974"	"122,563"	"72,209"	"131,210"	"203,419"	"216,010"	1.24	7.62%	44.35%	-3.54%	-0.26%	8.68%	-1.62%	0
6757	台灣虎航	"10,324,864.00"	"7,298,684"	"908,819"	"-17,824"	"1,678,163"	"1,566"	"1,679,729"		3.65	16.25%	29.31%	20.51%	-11.37%	-10.00%	-7.85%	0
6768	志強-KY	"10,786,046.00"	"8,976,853"	"1,170,034"	"96,627"	"534,075"	"176,498"	"710,573"	"710,573"	2.67	4.95%	16.77%	5.93%	0.24%	-0.21%	0.46%	0
6770	力積電	"30,862,646.00"	"24,585,508"	"4,837,192"	"309,699"	"17,522,350"	"34,578"	"17,556,928"	"17,556,928"	4.08	56.78%	20.34%	4.67%	10.11%	13.08%	-48.08%	0
6771	平和環保-創	"277,707.00"	"147,692"	"58,351"	"-12,324"	"45,743"	0	"45,743"	"45,903"	1.47	16.47%	46.82%	25.81%	-0.01%	1.25%	0.21%	0
6776	展碁國際	"18,872,616.00"	"17,405,764"	"1,090,470"	"-43,631"	"247,851"	"43,997"	"291,848"	"249,901"	2.45	1.31%	7.77%	1.99%	1.51%	-0.07%	-0.05%	0
6782	視陽	"2,496,453.00"	"1,314,855"	"456,876"	"-21,955"	"533,551"	"13,109"	"546,660"	"545,710"	8.45	21.37%	47.33%	29.03%	1.51%	0.92%	1.79%	1
6789	采鈺	"4,790,531.00"	"3,287,962"	"742,297"	"76,053"	"936,147"		"936,147"		2.95	19.54%	31.37%	15.87%	-0.87%	-1.07%	-0.72%	0
6790	永豐實	"5,356,690.00"	"3,855,081"	"1,026,048"	"38,274"	"407,139"	"114,524"	"521,663"	"521,663"	1.52	7.60%	28.03%	8.88%	-0.52%	-1.01%	-0.86%	0
6792	詠業	"716,906.00"	"461,225"	"166,462"	"5,741"	"78,527"	"101,065"	"179,592"	"179,592"	1.68	10.95%	35.66%	12.45%	3.42%	4.62%	3.66%	1
6794	向榮生技	"10,873.00"	"4,124"	"62,277"	"7,403"	"-48,125"		"-48,125"		-0.76	-442.61%	62.07%	-510.70%	-0.70%	-87.82%	-74.75%	0
6796	晉弘	"308,894.00"	"193,822"	"143,977"	"4,291"	"-21,598"	480	"-21,118"	"-21,118"	-0.54	-6.99%	37.25%	-9.36%	0.71%	3.81%	1.62%	1
6799	來頡	"503,896.00"	"271,014"	"124,969"	"19,384"	"104,401"	-235	"104,166"	"104,166"	2.41	20.72%	46.22%	21.42%	-0.60%	0.93%	0.46%	0
6805	富世達	"7,923,593.00"	"5,298,555"	"461,334"	"77,055"	"1,766,401"	"249,169"	"2,015,570"	"2,015,570"	25.77	22.29%	33.13%	27.31%	0.82%	0.53%	0.37%	1
6830	汎銓	"1,213,881.00"	"930,413"	"276,183"	"-16,418"	"-13,251"	"45,844"	"32,593"	"32,593"	-0.25	-1.09%	23.35%	0.60%	1.77%	2.13%	4.41%	1
6831	邁科	"1,901,151.00"	"1,520,982"	"211,770"	"-21,731"	"112,155"	"16,942"	"129,097"	"129,097"	1.66	5.90%	20.00%	8.86%	1.80%	2.31%	0.68%	1
6834	天二科技	"1,003,495.00"	"742,548"	"152,107"	"54,431"	"141,365"	"2,784"	"144,149"	"144,149"	1.6	14.09%	26.00%	10.85%	2.96%	2.34%	4.62%	1
6835	圓裕	"1,174,128.00"	"984,796"	"193,732"	"-8,506"	"-15,177"	"-11,976"	"-27,153"	"-26,965"	-0.23	-1.29%	16.13%	-0.37%	-0.45%	-1.16%	-1.90%	0
6838	台新藥	"48,448.00"	"13,599"	"121,189"	"5,968"	"-82,874"	"-2,561"	"-85,435"	"-85,439"	-0.55	-171.06%	71.93%	-178.21%	-15.01%	-154.76%	-137.48%	0
6854	錼創科技-KY創	"286,923.00"	"374,017"	"465,024"	"98,957"	"-486,174"	"17,390"	"-468,784"	"-468,784"	-4.13	-169.44%	-30.35%	-192.43%	-3.32%	-3.68%	16.03%	0
6861	睿生光電	"1,548,068.00"	"1,124,288"	"240,889"	"39,866"	"184,757"	565	"185,322"	"185,322"	4.44	11.93%	27.37%	11.81%	1.11%	0.71%	0.81%	1
6863	永道-KY	"2,682,365.00"	"2,083,666"	"340,707"	"-10,917"	"144,784"	"242,298"	"387,082"	"386,976"	1.93	5.40%	22.32%	9.62%	3.00%	3.71%	1.43%	1
6869	雲豹能源	"3,497,941.00"	"2,928,866"	"461,447"	"-321,475"	"-215,877"	"-25,942"	"-241,819"	"-269,726"	-1.89	-6.17%	16.27%	3.08%	-3.22%	-5.68%	-0.08%	0
6873	泓德能源	"3,077,835.00"	"2,153,569"	"646,050"	"-274,371"	"-219,039"	"6,811"	"-212,228"	"-212,471"	-1.32	-7.12%	30.03%	9.04%	-10.44%	-12.71%	-9.49%	0
6885	全福生技	"6,790.00"	"7,956"	"168,188"	"-34,533"	"-203,920"	"27,617"	"-176,303"	"-155,017"	-1.39	-3003.24%	-17.17%	-2494.17%	-5.84%	462.62%	-311.25%	0
6901	鑽石投資	"3,129,314.00"		"73,605"	"26,826"	"3,082,535"		"3,082,535"		3.62	98.51%			0.00%	0.00%	-7.34%	0
6902	GOGOLOOK	"612,824.00"	"65,327"	"428,900"	"2,703"	"117,627"	"-3,304"	"114,323"	"114,323"	3.33	19.19%	89.34%	19.35%	0.26%	1.26%	0.05%	1
6906	現觀科	"149,922.00"	"22,513"	"113,943"	"14,381"	"24,353"	398	"24,751"	"24,751"	0.76	16.24%	84.98%	8.98%	-1.25%	-6.48%	-8.18%	0
6908	宏碁遊戲-創	"2,350,091.00"	"2,025,151"	"317,782"	"-25,117"	"-21,080"	"48,790"	"27,710"	"45,775"	0.45	-0.90%	13.83%	0.30%	-0.29%	0.20%	0.50%	0
6909	創控	"203,269.00"	"87,209"	"109,899"	"5,440"	"11,154"		"11,154"		0.17	5.49%	57.10%	3.03%	-0.40%	0.28%	0.79%	0
6914	阜爾運通	"2,934,928.00"	"2,304,871"	"194,129"	"-54,065"	"308,048"	"1,141"	"309,189"	"309,189"	4.65	10.50%	21.47%	14.85%	-0.51%	-0.70%	-0.31%	0
6916	華凌	"1,141,208.00"	"878,518"	"281,490"	"-8,793"	"-24,467"	"30,484"	"6,017"	"5,478"	-0.37	-2.14%	23.02%	-1.65%	2.90%	5.55%	4.28%	1
6918	愛派司	"462,323.00"	"155,779"	"192,408"	"12,201"	"103,683"	"9,061"	"112,744"	"112,460"	3.03	22.43%	66.31%	24.69%	0.07%	0.59%	0.69%	1
6919	康霈*	"3,568.00"	"1,240"	"511,244"	"178,646"	"-330,270"	"-42,632"	"-372,902"	"-372,902"	-0.21	-9256.45%	65.25%	-14263.34%	15.25%	12277286.66%	5378443.55%	1
6921	嘉雨思-創	"45,036.00"	"24,085"	"46,247"	"2,154"	"-23,142"		"-23,142"		-0.73	-51.39%	46.52%	-56.17%	-9.03%	-19.31%	-21.23%	0
6923	中台	"671,537.00"	"422,085"	"45,598"	"50,170"	"216,431"	"-15,945"	"200,486"	"200,486"	2.37	32.23%	37.15%	30.36%	6.30%	7.05%	7.10%	1
6924	榮惠-KY創	"986,992.00"	"742,544"	"124,567"	"-4,861"	"88,962"	"-3,120"	"85,842"	"85,842"	4.31	9.01%	24.77%	12.15%	-1.70%	-0.43%	-0.86%	0
6928	攸泰科技	"941,716.00"	"674,460"	"318,440"	"15,368"	"-29,417"	"4,044"	"-25,373"	"-25,373"	-0.34	-3.12%	28.38%	-5.44%	0.39%	-3.92%	-2.51%	0
6931	青松健康	"630,374.00"	"531,022"	"53,115"	"154,648"	"185,751"	-530	"185,221"	"176,898"	2.68	29.47%	15.76%	7.33%	0.52%	-0.70%	18.41%	0
6934	心誠鎂	"19,814.00"	"52,681"	"64,821"	"2,242"	"-95,434"	-61	"-95,495"	"-95,495"	-2.69	-481.65%	-165.88%	-493.03%	280.45%	874.93%	877.43%	1
6936	永鴻生技	"744,081.00"	"465,930"	"174,190"	420	"83,142"		"83,142"		1.14	11.17%	37.38%	13.97%	0.07%	-0.88%	-0.70%	0
6937	天虹	"1,300,864.00"	"758,326"	"351,725"	"14,014"	"166,045"	"11,628"	"177,673"	"182,612"	2.54	12.76%	41.71%	14.67%	-0.07%	1.70%	2.16%	0
6944	兆聯實業	"9,787,323.00"	"7,064,473"	"452,567"	"29,161"	"1,645,220"	"20,469"	"1,665,689"	"1,665,689"	16.5	16.81%	27.82%	23.20%	0.67%	0.68%	0.39%	1
6947	台鎔科技	"852,914.00"	"529,479"	"98,370"	"-71,777"	"135,433"		"135,433"	"135,433"	1.44	15.88%	37.92%	26.39%				0
6949	沛爾生醫-創	"15,318.00"	"18,321"	"195,043"	"10,441"	"-187,605"	322	"-187,283"	"-165,162"	-2.54	-1224.74%	-19.60%	-1292.90%	-0.68%	100.87%	144.20%	0
6951	青新-創	"441,516.00"	"176,713"	"84,072"	"2,973"	"147,271"		"147,271"	"147,271"	2.83	33.36%	59.98%	40.93%	-0.92%	0.62%	0.73%	0
6952	大武山	"1,140,330.00"	"980,030"	"181,623"	"-4,349"	"37,293"		"37,293"	"35,820"	0.53	3.27%	14.06%	-1.87%	1.97%	1.95%	-0.23%	0
6955	邦睿生技-創	"176,715.00"	"39,817"	"80,919"	"4,762"	"52,338"	172	"52,510"	"52,510"	2.11	29.62%	77.47%	31.68%	1.09%	1.50%	1.24%	1
6958	日盛台駿	"5,095,330.00"	"3,659,686"	"1,156,676"	"24,016"	"186,475"	"150,861"	"337,336"	"343,350"	0.46	3.66%	28.18%	5.47%	-0.18%	0.87%	0.44%	0
6962	奕力-KY	"8,720,612.00"	"7,162,931"	"1,693,051"	"174,806"	"293,394"	"81,396"	"374,790"	"374,790"	0.61	3.36%	17.86%	-1.55%	-9.47%	-5.31%	-3.76%	0
6969	成信實業*-創	"145,313.00"	"97,246"	"41,806"	"-8,175"	"-1,876"		"-1,876"	"-1,876"	-0.04	-1.29%	33.08%	4.31%	1.86%	1.01%	1.51%	1
6988	威力暘-創	"359,857.00"	"253,763"	"114,544"	-737	"-9,538"	"15,516"	"5,978"	"5,978"	-0.2	-2.65%	29.48%	-2.35%	-1.71%	-1.23%	-1.14%	0
6994	富威電力	"1,420,411.00"	"1,209,202"	"119,724"	"-52,514"	"-10,378"	474	"-9,904"	"-6,117"	-0.09	-0.73%	14.87%	6.44%	-4.32%	-5.74%	-4.93%	0
7610	聯友金屬-創	"2,929,338.00"	"883,685"	"193,501"	"2,018"	"1,472,323"		"1,472,323"	"1,471,307"	25.37	50.26%	69.83%	63.23%	-4.05%	-3.38%	-2.19%	0
7631	聚賢研發-創	"899,750.00"	"631,426"	"91,618"	303	"126,228"	"2,012"	"128,240"	"128,240"	6.26	14.03%	29.82%	19.64%	6.84%	8.01%	5.34%	1
7689	大鵬科CLMX	"2,956,346.00"	"2,047,144"	"452,089"	"-19,812"	"344,566"	54	"344,620"	"344,620"	6.51	11.66%	30.75%	15.46%				0
7705	三商餐飲	"3,267,465.00"	"2,118,585"	"1,080,944"	-824	"59,263"	-244	"59,019"	"59,025"	0.9	1.81%	35.16%	2.08%	0.58%	0.21%	0.36%	1
7711	永擎	"15,711,594.00"	"13,318,364"	"880,568"	"-25,097"	"1,224,925"	1	"1,224,926"	"1,224,926"	17.44	7.80%	15.23%	9.63%	2.85%	1.81%	1.73%	1
7721	微程式	"328,376.00"	"125,632"	"158,953"	"2,119"	"36,596"	"13,656"	"50,252"	"50,252"	0.66	11.14%	61.74%	13.34%	-2.42%	3.95%	3.17%	0
7722	LINEPAY	"4,227,205.00"	"3,201,039"	"755,391"	"140,607"	"295,623"	"-8,449"	"287,174"	"287,174"	4.35	6.99%	24.28%	6.41%	1.08%	1.22%	0.60%	1
7730	暉盛-創	"191,025.00"	"104,004"	"69,518"	"7,970"	"20,386"	-139	"20,247"	"20,247"	0.55	10.67%	45.55%	9.16%	-0.29%	-2.93%	-4.18%	0
7732	金興精密	"533,138.00"	"392,636"	"90,194"	"25,656"	"63,184"	"-25,879"	"37,305"	"37,305"	0.99	11.85%	26.35%	9.44%	-2.40%	-4.36%	-5.57%	0
7736	虎山	"722,156.00"	"518,071"	"83,381"	"87,548"	"183,258"	"-16,685"	"166,573"	"166,573"	2.42	25.38%	28.26%	16.71%	-0.54%	-2.74%	0.69%	0
7740	熙特爾-創	"7,274,083.00"	"6,590,354"	"177,717"	"-41,377"	"381,658"	"-11,944"	"369,714"	"336,225"	5.8	5.25%	9.40%	6.96%	-2.23%	-2.08%	-1.53%	0
7750	新代	"13,124,660.00"	"7,110,428"	"2,370,537"	"264,388"	"2,969,494"	"239,514"	"3,209,008"	"3,209,008"	42.53	22.63%	45.82%	27.76%	-2.94%	1.98%	0.55%	0
7760	享溫馨	"657,531.00"	"404,507"	"207,737"	"-10,444"	"33,956"		"33,956"		0.55	5.16%	38.48%	6.89%	-4.39%	-7.33%	-5.41%	0
7765	中華資安	"1,181,763.00"	"638,567"	"251,316"	"21,262"	"250,502"	"5,410"	"255,912"		6.16	21.20%	45.96%	24.70%	-3.06%	-2.84%	-1.81%	0
7768	頌勝科技	"1,129,571.00"	"520,665"	"399,202"	"81,646"	"218,835"	"10,672"	"229,507"	"223,339"	3.32	19.37%	53.91%	18.56%	-1.87%	-2.12%	0.99%	0
7769	鴻勁	"24,518,966.00"	"10,750,662"	"1,722,048"	"644,391"	"10,100,517"	"177,209"	"10,277,726"	"10,277,719"	56.14	41.19%	56.15%	49.13%	-0.08%	-0.85%	-1.92%	0
7780	大研生醫*	"1,080,185.00"	"418,901"	"474,142"	"122,936"	"230,894"	"94,232"	"325,126"	"325,126"	0.29	21.38%	61.22%	17.32%	1.13%	3.92%	-1.12%	0
7786	東方風能	"6,066,813.00"	"4,759,539"	"170,474"	"-14,801"	"864,139"	-143	"863,996"	"863,996"	4.92	14.24%	21.55%	18.74%	1.74%	2.95%	2.36%	1
7788	松川精密	"4,117,008.00"	"2,917,248"	"683,318"	"69,047"	"438,370"	"53,464"	"491,834"	"487,794"	5.52	10.65%	29.14%	12.54%	2.21%	2.91%	1.14%	1
7791	皇家可口	"1,160,131.00"	"754,512"	"277,868"	"78,694"	"216,501"	"-353,906"	"-137,405"		2.71	18.66%	34.96%	11.01%	-0.90%	2.30%	-12.03%	0
7795	長廣	"890,198.00"	"520,469"	"230,541"	"6,660"	"69,062"	"-24,259"	"44,803"	"44,803"	0.88	7.76%	41.53%	15.64%	2.14%	4.64%	3.90%	1
7799	禾榮科	"3,389.00"	"10,998"	"223,234"	"65,846"	"-164,997"	"-170,390"	"-335,387"	"-335,387"	-1.05	-4868.60%	-224.52%	-6811.54%	-223.93%	-3744.15%	-2872.83%	0
7803	雲象科技-創	"32,034.00"	"17,632"	"172,825"	"4,854"	"-153,569"	"-2,563"	"-156,132"	"-156,132"	-1.7	-479.39%	44.96%	-494.55%	-7.68%	196.05%	163.00%	0
7818	溢泰實業	"5,788,627.00"	"4,171,448"	"1,380,443"	"126,152"	"255,126"	"215,228"	"470,354"	"470,354"	1.65	4.41%	27.94%	4.09%	-1.03%	-1.28%	-0.34%	0
7821	神數	"4,795,023.00"	"3,775,782"	"855,107"	"19,325"	"150,397"	"7,555"	"157,952"	"157,952"	1.32	3.14%	21.26%	3.42%	-0.56%	-1.10%	-0.69%	0
7822	倍利科	"1,419,287.00"	"575,975"	"310,234"	"24,143"	"441,157"		"441,157"	"442,360"	10.12	31.08%	59.42%	37.56%	0.24%	-0.09%	1.09%	0
7835	永悅健康-創	"207,475.00"	"145,051"	"173,224"	"7,001"	"-105,829"	-396	"-106,225"	"-106,542"	-2.42	-51.01%	30.09%	-53.40%				0
7855	和運租車	"15,215,795.00"	"13,385,668"	"1,395,383"	"239,523"	"500,327"	"159,185"	"659,512"	"657,712"	2.59	3.29%	12.03%	2.86%				0
8011	台通	"834,838.00"	"664,661"	"111,567"	"-11,691"	"43,185"	"1,489"	"44,674"	"33,550"	0.19	5.17%	20.38%	7.02%	3.32%	2.98%	2.96%	1
8016	矽創	"11,580,606.00"	"7,732,917"	"2,206,333"	"369,928"	"1,734,925"	"1,035,891"	"2,770,816"	"2,399,481"	12.28	14.98%	33.23%	14.17%	1.90%	2.65%	2.20%	1
8021	尖點	"3,165,595.00"	"1,912,667"	"478,586"	"5,909"	"552,098"	"327,534"	"879,632"	"783,898"	3.25	17.44%	39.58%	24.46%	2.99%	4.16%	3.30%	1
8028	昇陽半導體	"2,730,311.00"	"1,699,959"	"327,864"	"-11,469"	"594,721"		"594,721"		3.32	21.78%	37.74%	25.73%	0.16%	0.23%	-0.19%	0
8033	雷虎	"838,890.00"	"530,752"	"310,316"	"98,247"	"96,439"	"-25,411"	"71,028"	"70,600"	0.62	11.50%	36.73%	-0.26%	-1.48%	0.44%	-2.03%	0
8039	台虹	"5,111,593.00"	"3,955,859"	"836,427"	"211,139"	"416,442"	"381,413"	"797,855"	"794,347"	1.56	8.15%	22.61%	6.25%	0.58%	0.18%	0.91%	1
8045	達運光電	"917,730.00"	"670,282"	"216,218"	"1,907"	"23,406"	"2,611"	"26,017"	"26,336"	0.25	2.55%	26.96%	3.40%	-0.10%	0.26%	0.16%	0
8046	南電	"24,752,716.00"	"19,621,661"	"879,450"	"322,224"	"3,570,410"	"859,921"	"4,430,331"	"4,430,331"	5.53	14.42%	20.73%	17.18%	4.88%	5.08%	2.72%	1
8070	長華*	"11,551,609.00"	"9,375,090"	"789,677"	"373,572"	"1,433,813"	"9,823,459"	"11,257,272"	"10,115,297"	1.3	12.41%	18.84%	12.01%	0.32%	-0.12%	1.38%	0
8072	陞泰	"742,809.00"	"619,400"	"77,374"	"36,596"	"64,451"	"7,692"	"72,143"	"62,484"	0.69	8.68%	16.61%	6.20%	0.40%	1.15%	0.96%	1
8081	致新	"4,348,946.00"	"2,608,390"	"918,407"	"91,627"	"799,335"	"954,557"	"1,753,892"	"1,365,865"	9.13	18.38%	40.02%	18.90%	0.41%	1.35%	-0.67%	0
8101	華冠	"186,766.00"	"175,722"	"77,467"	"-11,272"	"-76,490"	"2,157"	"-74,333"	"-70,595"	-1.46	-40.95%	5.91%	-35.56%	4.91%	10.55%	20.37%	1
8103	瀚荃	"2,007,554.00"	"1,255,984"	"444,074"	"-20,299"	"213,537"	"165,439"	"378,976"	"379,675"	2.75	10.64%	37.44%	15.32%	-0.53%	1.08%	0.69%	0
8104	錸寶	"1,265,867.00"	"1,018,569"	"239,223"	"-36,966"	"-32,932"	"220,582"	"187,650"	"196,878"	-0.21	-2.60%	19.54%	0.64%	0.77%	4.15%	8.16%	1
8110	華東	"3,913,114.00"	"3,538,596"	"267,271"	"1,303,301"	"1,322,988"	"6,173,006"	"7,495,994"	"7,501,941"	2.59	33.81%	9.57%	2.74%	-0.47%	-2.51%	21.32%	0
8112	至上	"260,775,359.00"	"250,856,752"	"1,670,748"	"-1,470,888"	"5,136,309"	"200,293"	"5,336,602"	"5,180,790"	9.45	1.97%	3.80%	3.16%	-0.04%	0.06%	-0.01%	0
8114	振樺電	"8,721,791.00"	"5,013,979"	"2,114,665"	"60,763"	"1,278,864"	"69,368"	"1,348,232"	"810,345"	7.09	14.66%	42.51%	18.27%	-4.49%	0.48%	0.02%	0
8131	福懋科	"6,101,868.00"	"4,906,159"	"236,535"	"97,667"	"855,354"	"2,737,993"	"3,593,347"		1.93	14.02%	19.60%	15.72%	0.04%	-0.40%	-0.46%	0
8150	南茂	"14,318,724.00"	"12,037,613"	"938,313"	"157,341"	"1,396,549"	"306,161"	"1,702,710"	"1,702,710"	2	9.75%	15.93%	9.38%	2.15%	2.12%	2.47%	1
8162	微矽電子-創	"616,873.00"	"491,893"	"82,167"	"3,784"	"45,440"	"16,254"	"61,694"		0.66	7.37%	20.26%	6.94%	2.79%	3.39%	4.54%	1
8163	達方	"13,541,859.00"	"11,212,238"	"2,102,376"	"-62,269"	"93,111"	"712,952"	"806,063"	"835,905"	0.51	0.69%	17.20%	1.68%	-0.78%	0.37%	0.15%	0
8201	無敵	"235,995.00"	"170,055"	"82,618"	"10,322"	"-6,356"	"-8,475"	"-14,831"	"-14,831"	-0.1	-2.69%	27.94%	-7.07%	4.26%	3.14%	2.89%	1
8210	勤誠	"14,928,332.00"	"10,041,945"	"1,201,990"	"-9,699"	"2,768,934"	"334,079"	"3,103,013"	"3,052,823"	21.83	18.55%	32.73%	24.68%	-0.09%	-0.22%	-0.66%	0
8213	志超	"10,149,114.00"	"9,031,561"	"757,807"	"7,464"	"249,920"	"871,761"	"1,121,681"	"1,099,407"	0.93	2.46%	11.01%	3.54%	0.42%	1.23%	0.86%	1
8215	明基材	"9,491,823.00"	"8,211,094"	"1,624,254"	"87,219"	"-279,210"	"76,999"	"-202,211"	"-233,765"	-0.96	-2.94%	13.49%	-3.62%	1.61%	1.64%	1.37%	1
8222	寶一	"482,007.00"	"354,766"	"55,728"	"-1,295"	"56,145"		"56,145"		0.82	11.65%	26.40%	14.84%	1.13%	1.85%	0.77%	1
8249	菱光	"1,985,684.00"	"1,667,877"	"179,944"	"-29,293"	"65,451"	"-461,727"	"-396,276"	"-397,050"	0.6	3.30%	16.00%	6.94%	-0.74%	-1.11%	-0.82%	0
8261	富鼎	"1,658,276.00"	"1,060,577"	"201,513"	"62,127"	"365,768"	"2,813"	"368,581"	"368,083"	3.07	22.06%	36.04%	23.89%	-2.03%	-1.77%	-1.85%	0
8271	宇瞻	"16,718,334.00"	"8,289,768"	"2,621,911"	"-16,529"	"4,653,677"	"20,265"	"4,673,942"	"4,596,073"	35.51	27.84%	50.42%	34.73%	1.15%	1.89%	1.21%	1
8341	日友	"2,212,153.00"	"1,169,405"	"383,285"	"1,387"	"449,271"	"155,817"	"605,088"	"542,380"	2.97	20.31%	47.14%	29.81%	-2.18%	-1.78%	-0.25%	0
8367	建新國際	"1,618,422.00"	"1,167,677"	"182,689"	"-77,896"	"152,225"	"-13,016"	"139,209"	"82,157"	0.98	9.41%	27.85%	16.56%	-0.05%	0.82%	-1.96%	0
8374	羅昇	"3,007,497.00"	"2,286,038"	"482,943"	"-7,869"	"174,702"	"25,524"	"200,226"	"123,978"	0.89	5.81%	23.99%	7.93%	-0.98%	0.17%	-0.21%	0
8422	可寧衛*	"3,381,687.00"	"2,124,991"	"320,954"	"-44,370"	"679,520"	"-1,615"	"677,905"	"738,284"	0.55	20.09%	37.16%	27.67%	-11.05%	-6.71%	-2.91%	0
8438	昶昕	"2,491,826.00"	"2,135,012"	"155,195"	"4,998"	"151,074"	"21,253"	"172,327"	"172,327"	2.16	6.06%	14.32%	8.09%	0.00%	-0.11%	-0.05%	0
8443	阿瘦	"520,148.00"	"238,109"	"364,994"	"42,358"	"-40,597"		"-40,597"	"-40,597"	-0.61	-7.80%	54.22%	-15.95%	-0.66%	-4.17%	0.84%	0
8454	富邦媒	"53,686,216.00"	"48,780,074"	"3,363,970"	"34,798"	"1,275,559"	"-24,868"	"1,250,691"	"1,248,486"	4.81	2.38%	9.14%	2.87%	0.09%	-0.03%	-0.05%	0
8462	柏文	"3,401,716.00"	"2,228,947"	"574,301"	"-30,410"	"453,603"	"1,205"	"454,808"	"451,879"	5.68	13.33%	34.48%	17.59%	0.90%	1.42%	1.50%	1
8463	潤泰材	"3,417,484.00"	"2,942,517"	"205,480"	"26,655"	"253,716"	"-35,341"	"218,375"	"126,728"	1.04	7.42%	13.90%	7.89%	1.42%	0.95%	0.61%	1
8464	億豐	"15,232,911.00"	"6,163,498"	"4,855,814"	"302,610"	"3,216,795"	"453,627"	"3,670,422"	"3,499,190"	10.37	21.12%	59.54%	27.66%	0.45%	-0.45%	-2.58%	0
8467	波力-KY	"1,126,286.00"	"724,299"	"209,850"	"-39,954"	"121,253"	"153,509"	"274,762"	"268,047"	2.53	10.77%	35.69%	17.06%	-1.33%	-0.31%	3.68%	0
8473	山林水	"2,370,577.00"	"1,594,145"	"150,309"	"-56,054"	"462,958"	"-18,328"	"444,630"	"424,056"	2.43	19.53%	32.75%	26.41%	-0.12%	-0.27%	0.59%	0
8476	台境*	"664,075.00"	"562,894"	"62,227"	"-4,919"	"20,846"	"3,989"	"24,835"	"23,050"	0.12	3.14%	15.24%	5.87%	2.94%	3.53%	2.75%	1
8478	東哥遊艇	"2,578,067.00"	"1,549,008"	"403,846"	"32,368"	"597,057"	"112,307"	"709,364"	"709,364"	6.35	23.16%	39.92%	24.25%	-2.71%	-1.57%	-1.81%	0
8481	政伸	"585,722.00"	"316,210"	"158,398"	"12,293"	"105,360"	"30,741"	"136,101"	"136,101"	1.58	17.99%	46.01%	18.97%	-0.99%	-0.14%	-0.21%	0
8487	愛爾達-創	"856,244.00"	"668,590"	"81,127"	"2,469"	"87,481"		"87,481"		3.3	10.22%	21.92%	12.44%	-11.65%	-10.07%	-7.49%	0
8488	吉源-KY	"2,101,139.00"	"1,983,806"	"122,435"	"13,536"	"1,113"	"107,293"	"108,406"	"108,406"	0.02	0.05%	5.58%	-0.24%	1.78%	1.67%	1.43%	1
8926	台汽電	"34,488,245.00"	"31,428,353"	"554,048"	"894,262"	"3,176,275"	"6,508"	"3,182,783"	"2,470,064"	3.27	9.21%	8.87%	7.27%	0.35%	1.11%	-3.81%	0
8940	新天地	"925,894.00"	"470,778"	"362,874"	"-3,108"	"71,545"		"71,545"	"64,113"	0.95	7.73%	49.15%	9.96%	-4.12%	-10.68%	-8.02%	0
8996	高力	"5,728,203.00"	"4,135,555"	"585,434"	"45,689"	"806,504"	"342,257"	"1,148,761"	"1,148,761"	8.69	14.08%	27.80%	17.58%	-1.22%	-3.13%	-3.61%	0
9802	鈺齊-KY	"8,933,111.00"	"7,617,831"	"865,509"	"9,423"	"356,669"	"107,777"	"464,446"	"465,161"	1.78	3.99%	14.72%	5.03%	-1.13%	-0.10%	-0.85%	0
9902	台火	"42,773.00"	"32,107"	"17,285"	"105,879"	"99,334"		"99,334"	"99,126"	1.01	232.24%	24.94%	-15.47%	-6.80%	-18.37%	157.81%	0
9904	寶成	"126,089,569.00"	"99,493,251"	"23,754,307"	"6,564,301"	"8,450,619"	"50,685,022"	"59,135,641"	"55,719,610"	2.37	6.70%	21.09%	2.25%	-1.05%	-0.91%	1.84%	0
9905	大華	"5,059,458.00"	"4,485,220"	"255,251"	"53,673"	"272,582"	"478,730"	"751,312"	"738,923"	0.89	5.39%	11.35%	6.30%	1.28%	1.42%	0.59%	1
9906	欣巴巴	"1,136,617.00"	"707,662"	"176,193"	"-21,721"	"171,720"		"171,720"	"171,720"	1.9	15.11%	37.74%	22.24%	0.22%	-2.46%	-2.26%	0
9907	統一實	"21,174,637.00"	"18,893,402"	"1,367,688"	"13,551"	"512,545"	"828,948"	"1,341,493"	"1,342,854"	0.35	2.42%	10.77%	4.31%	0.07%	0.47%	0.10%	1
9908	大台北	"1,790,415.00"	"1,375,548"	"132,397"	"383,065"	"586,009"	"880,585"	"1,466,594"	"1,364,722"	1.1	32.73%	23.17%	15.78%	1.74%	1.36%	14.72%	1
9910	豐泰	"39,614,623.00"	"32,309,748"	"5,329,342"	"393,013"	"1,700,931"	"245,327"	"1,946,258"	"1,896,750"	1.71	4.29%	18.44%	4.99%	1.05%	0.99%	0.82%	1
9911	櫻花	"5,496,579.00"	"3,548,930"	"1,087,552"	"26,169"	"708,640"	"-16,068"	"692,572"	"696,613"	3.26	12.89%	35.43%	15.65%	-0.23%	-0.95%	-1.09%	0
9912	偉聯	"235,956.00"	"131,593"	"129,099"	"-2,043"	"-27,848"	"-3,052"	"-30,900"	"-26,194"	-0.43	-11.80%	44.23%	-10.48%	-0.11%	-0.21%	-0.73%	0
9914	美利達	"12,261,752.00"	"10,130,571"	"1,149,145"	"-166,698"	"665,325"	"181,375"	"846,700"	"819,718"	2.15	5.43%	17.38%	8.01%	0.78%	1.56%	-0.74%	0
9917	中保科	"9,540,819.00"	"6,351,946"	"1,522,571"	"174,834"	"1,521,012"	"-27,835"	"1,493,177"	"1,461,408"	3.35	15.94%	33.42%	17.46%	-0.48%	-0.14%	0.45%	0
9918	欣天然	"1,169,443.00"	"795,717"	"155,499"	"160,585"	"334,953"		"334,953"	"334,953"	1.88	28.64%	31.96%	18.66%	1.22%	-0.52%	11.11%	0
9919	康那香	"1,316,764.00"	"1,227,347"	"346,320"	"-1,198"	"-258,411"	"16,202"	"-242,209"	"-242,209"	-1.32	-19.62%	6.79%	-19.51%	-2.85%	-4.30%	-4.76%	0
9921	巨大	"29,188,289.00"	"22,689,745"	"5,689,588"	"16,324"	"570,090"	"660,778"	"1,230,868"	"982,668"	1.11	1.95%	22.26%	2.77%	2.63%	4.30%	3.13%	1
9924	福興	"3,342,966.00"	"2,693,370"	"470,463"	"37,770"	"171,913"	"42,392"	"214,305"	"210,219"	1.11	5.14%	19.43%	5.36%	-0.49%	0.56%	-0.43%	0
9925	新保	"4,182,224.00"	"2,859,808"	"912,000"	"503,053"	"787,534"	"1,610,126"	"2,397,660"	"2,240,588"	1.93	18.83%	31.62%	9.81%	-0.55%	-0.86%	9.85%	0
9926	新海	"1,320,847.00"	"966,852"	"116,247"	"105,881"	"288,427"	"292,992"	"581,419"	"581,419"	1.61	21.84%	26.80%	18.00%	0.62%	-0.55%	4.42%	0
9927	泰銘	"4,748,442.00"	"4,330,838"	"113,573"	"34,788"	"273,062"	"12,485"	"285,547"	"284,603"	2.27	5.75%	8.79%	6.40%	-0.22%	0.00%	-0.44%	0
9928	中視	"429,253.00"	"426,355"	"84,197"	"21,956"	"-59,343"	"-4,092"	"-63,435"	"-63,435"	-0.84	-13.82%	0.68%	-18.94%	2.10%	0.91%	1.91%	1
9929	秋雨	"336,728.00"	"258,406"	"42,761"	"8,003"	"43,564"	"32,260"	"75,824"	"72,790"	0.4	12.94%	23.26%	10.56%	-1.52%	-1.48%	-1.49%	0
9930	中聯資源	"6,669,038.00"	"5,719,832"	"296,603"	"27,500"	"547,647"	"51,782"	"599,429"	"585,014"	2.16	8.21%	14.23%	9.79%	-0.78%	-0.81%	-0.27%	0
9931	欣高	"856,889.00"	"702,703"	"52,918"	"122,021"	"183,273"	"637,879"	"821,152"	"794,485"	1.48	21.39%	17.99%	11.82%	1.30%	0.30%	1.35%	1
9933	中鼎	"37,719,993.00"	"32,670,985"	"1,087,712"	"288,504"	"2,968,843"	"159,069"	"3,127,912"	"2,613,658"	2.71	7.87%	13.39%	10.50%	0.33%	0.83%	1.24%	1
9934	成霖	"9,508,532.00"	"6,053,498"	"2,972,241"	"-34,275"	"304,781"	"149,886"	"454,667"	"454,667"	0.74	3.21%	36.34%	5.08%	2.13%	0.47%	0.77%	1
9935	慶豐富	"2,557,547.00"	"1,838,148"	"422,194"	"-25,045"	"197,144"	"56,344"	"253,488"	"253,488"	1.12	7.71%	28.13%	11.62%	0.84%	0.93%	0.30%	1
9937	全國	"11,739,956.00"	"10,327,663"	"990,551"	"80,862"	"401,151"	"-4,842"	"396,309"	"396,309"	1.3	3.42%	12.03%	3.59%	-1.31%	-0.64%	-0.33%	0
9938	百和	"7,842,291.00"	"5,428,432"	"1,512,103"	"-240,962"	"422,203"	"339,017"	"761,220"	"611,556"	1.36	5.38%	30.78%	11.50%	-1.03%	-1.39%	-1.93%	0
9939	宏全	"15,483,887.00"	"11,587,904"	"1,385,414"	"-77,944"	"1,978,402"	"-520,898"	"1,457,504"	"1,543,852"	6.55	12.78%	25.16%	16.21%	2.82%	3.01%	2.93%	1
9940	信義	"5,935,881.00"	"4,404,228"	"944,587"	"85,266"	"495,364"	"314,890"	"810,254"	"803,600"	0.66	8.35%	25.80%	9.89%	2.69%	2.61%	2.68%	1
9941	裕融	"19,551,237.00"	"11,129,969"	"5,532,718"	"35,621"	"2,303,702"	"329,832"	"2,633,534"	"2,670,611"	3.86	11.78%	43.07%	14.77%	-0.60%	0.28%	0.51%	0
9942	茂順	"2,289,301.00"	"1,373,745"	"346,243"	"30,720"	"395,732"	"75,503"	"471,235"	"471,463"	4.76	17.29%	39.99%	24.87%	0.04%	0.32%	0.25%	1
9943	好樂迪	"1,173,501.00"	"576,249"	"423,689"	"87,837"	"221,027"		"221,027"	"219,344"	2.59	18.83%	50.89%	14.79%	-2.34%	-4.34%	-6.59%	0
9944	新麗	"1,391,971.00"	"928,052"	"305,331"	"40,822"	"123,960"	"27,305"	"151,265"	"142,758"	1.05	8.91%	33.33%	11.39%	-1.31%	-2.55%	-1.59%	0
9945	潤泰新	"22,517,460.00"	"16,622,733"	"1,368,065"	"7,489,369"	"11,234,382"	"60,160,575"	"71,394,957"	"70,382,136"	3.7	49.89%	26.18%	20.10%	1.44%	2.40%	12.98%	1
9946	三發地產	"2,645,210.00"	"1,229,683"	"217,947"	"-34,183"	"918,289"	"-1,440"	"916,849"	"916,849"	2.84	34.72%	53.51%	45.27%	-0.31%	-1.56%	-1.62%	0
9955	佳龍	"847,802.00"	"781,878"	"65,500"	"100,516"	"100,940"	"3,269"	"104,209"	"104,209"	0.97	11.91%	7.78%	0.05%	-5.83%	-5.83%	10.78%	0
9958	世紀鋼	"10,181,024.00"	"7,543,324"	"430,444"	833	"1,696,573"	"-44,402"	"1,652,171"	"961,403"	4.08	16.66%	25.91%	21.68%	-7.28%	-7.15%	-6.03%	0
2884	玉山金	"24,431,151.00"		"24,265,128"	"29,412,155"	"21,465,427"	"9,644,307"	"31,109,734"	"31,078,893"	1.32	87.86%			0.00%	0.00%	3.01%	0
2891	中信金	"84,427,855.00"	"6,336,971"	"53,922,058"	"34,169,646"	"40,458,382"	"210,563,630"	"251,022,012"	"251,511,670"	1.96	47.92%	92.49%	28.63%	-1.66%	-3.39%	-8.89%	0
2851	中再保	"23,780.00"		"23,780"	"23,780"	"6,328,849"	"22,901"	"6,351,750"			26614.17%	100.00%	0.00%	0.00%	0.00%	18441.02%	0
2867	三商壽	"-1,063,268.00"		"-1,063,268"	"-1,063,268"	"5,125,272"	"50,223,442"	"55,348,714"			-482.03%	100.00%	0.00%	0.00%	0.00%	-108930.68%	0
1409	新纖	"22,040,585.00"		"18,897,302"		"2,497,577"	"5,866,092"	"8,363,669"	"7,812,874"	1.18	11.33%	100.00%	14.26%	0.00%	3.30%	2.46%	0
1718	中纖	"23,541,121.00"		"17,943,637"		"4,606,166"	"2,452,489"	"7,058,655"	"1,634,960"	0.46	19.57%	100.00%	23.78%	0.00%	1.16%	1.21%	0
2207	和泰車	"160,882,752.00"		"143,660,885"		"13,759,770"	"-1,327,629"	"12,432,141"	"10,643,574"	21.57	8.55%	100.00%	10.70%	0.00%	1.54%	1.18%	0
2905	三商	"92,756,941.00"		"86,660,131"		"5,429,825"	"46,020,904"	"51,450,729"	"18,651,840"	1.93	5.85%	100.00%	6.57%	0.00%	6.80%	5.85%	0
5864	致和證	"5,225,386.00"		"255,108"	"42,170"	"4,942,435"	"16,466"	"4,958,901"		9.8	94.59%	100.00%	95.12%	0.00%	1.96%	3.84%	0
6023	元大期貨	"2,478,953.00"		"2,893,349"	"2,375,850"	"1,543,614"	"276,028"	"1,819,642"	"1,819,642"	4.19	62.27%	100.00%	-16.72%	0.00%	0.73%	4.11%	0
6026	福邦證	"954,050.00"		"386,428"	"-60,150"	"427,236"	"299,983"	"727,219"	"727,219"	1.08	44.78%	100.00%	59.50%	0.00%	25.20%	33.76%	0
1240	茂生農經	"1,440,672.00"	"1,267,704"	"131,685"	"54,301"	"126,506"	"4,025"	"130,531"	"130,213"	2.85	8.78%	12.01%	2.87%	-0.02%	-1.00%	3.24%	0
1259	安心	"3,091,195.00"	"2,373,772"	"711,174"	"61,251"	"65,718"	"-232,941"	"-167,223"	"-167,624"	2.02	2.13%	23.21%	0.20%	0.44%	-0.38%	1.99%	0
1264	德麥	"3,512,615.00"	"2,352,398"	"573,111"	"17,243"	"466,021"	"58,966"	"524,987"	"436,421"	11.01	13.27%	33.03%	16.71%	-0.19%	-0.14%	-0.05%	0
1268	漢來美食	"3,675,641.00"	"1,916,952"	"1,301,925"	"19,126"	"389,004"	"46,404"	"435,408"	"435,408"	9.21	10.58%	47.85%	12.43%	-1.04%	-3.46%	-1.89%	0
1294	漢田生技	"455,326.00"	"294,582"	"61,467"	"1,369"	"80,835"		"80,835"	"80,824"	2.22	17.75%	35.30%	21.80%	-1.49%	-1.34%	-0.98%	0
1295	生合	"510,716.00"	"256,589"	"177,696"	"-1,271"	"68,033"	"15,488"	"83,521"	"83,521"	1.97	13.32%	49.76%	14.97%	2.32%	8.14%	7.10%	1
1336	台翰	"1,247,607.00"	"1,064,666"	"150,977"	"14,977"	"32,112"	"27,829"	"59,941"	"59,941"	0.41	2.57%	14.66%	2.56%	2.40%	3.15%	1.23%	1
1565	精華	"1,780,360.00"	"1,444,589"	"164,898"	"22,275"	"151,456"	555	"152,011"	"152,011"	3	8.51%	18.86%	9.60%	-1.46%	1.73%	0.70%	0
1569	濱川	"1,624,996.00"	"1,514,234"	"284,018"	"16,651"	"-220,063"	"72,913"	"-147,150"	"-164,970"	-1.67	-13.54%	6.82%	-10.66%	-0.33%	-1.10%	-1.86%	0
1570	力肯	"288,259.00"	"224,517"	"36,222"	"7,221"	"27,849"	"45,731"	"73,580"	"73,580"	0.54	9.66%	22.11%	9.55%	-0.49%	2.15%	-0.47%	0
1580	新麥	"2,264,808.00"	"1,320,343"	"574,806"	"-4,955"	"243,612"	"91,477"	"335,089"	"314,176"	4.62	10.76%	41.70%	16.32%	-1.66%	-2.97%	-2.28%	0
1584	精剛	"1,084,456.00"	"919,472"	"90,903"	"-23,219"	"43,947"	"-40,279"	"3,668"	"3,114"	0.19	4.05%	15.21%	6.83%	4.41%	3.43%	0.20%	1
1586	和勤	"1,169,445.00"	"978,093"	"155,676"	"3,049"	"32,889"	"58,200"	"91,089"	"91,089"	0.32	2.81%	16.36%	3.05%	-1.38%	-0.64%	-0.37%	0
1593	祺驊	"646,718.00"	"451,598"	"144,013"	"121,543"	"121,906"	"11,153"	"133,059"	"114,945"	2.61	18.85%	30.17%	7.90%	-0.54%	-1.22%	8.70%	0
1595	川寶	"411,957.00"	"330,158"	"163,262"	"29,034"	"-53,274"	"3,810"	"-49,464"	"-49,464"	-0.98	-12.93%	19.86%	-19.77%	5.68%	13.23%	11.30%	1
1599	宏佳騰	"1,083,048.00"	"849,199"	"260,530"	"21,431"	"-11,631"	"-1,614"	"-13,245"	"4,564"	0.09	-1.07%	21.59%	-2.46%	-0.43%	-3.50%	-2.90%	0
1742	台蠟	"41,324.00"	"33,697"	"34,780"	"8,743"	"-18,410"	-647	"-19,057"	"-19,057"	-0.2	-44.55%	18.46%	-65.71%	11.68%	18.82%	25.76%	1
1777	生泰	"611,976.00"	"359,542"	"69,413"	"22,387"	"162,223"	"2,809"	"165,032"		3.64	26.51%	41.25%	29.91%	0.90%	1.70%	0.51%	1
1780	立弘	"498,399.00"	"298,303"	"114,392"	-186	"67,376"	"13,545"	"80,921"	"80,921"	0.69	13.52%	40.15%	17.20%				0
1781	合世	"193,290.00"	"165,568"	"62,491"	"12,157"	"-24,060"	"6,721"	"-17,339"	"-17,339"	-0.51	-12.45%	14.34%	-17.99%	1.82%	1.56%	-3.28%	0
1784	訊聯	"653,052.00"	"288,662"	"362,759"	"16,428"	"11,291"	826	"12,117"	"32,474"	0.64	1.73%	55.80%	0.25%	1.99%	1.87%	2.10%	1
1785	光洋科	"30,242,528.00"	"26,060,715"	"1,062,695"	"-196,338"	"2,301,208"	"121,878"	"2,423,086"	"2,297,978"	3.66	7.61%	13.83%	10.31%	-4.40%	-3.57%	-3.33%	0
1788	杏昌	"2,252,796.00"	"1,611,656"	"390,992"	"7,147"	"206,145"	"6,845"	"212,990"	"212,990"	4.63	9.15%	28.46%	11.10%	-0.07%	-0.34%	0.04%	0
1796	金穎生技	"322,124.00"	"251,800"	"75,919"	300	"-4,420"	691	"-3,729"	"-3,729"	-0.11	-1.37%	21.83%	-1.74%	3.51%	3.19%	3.00%	1
1799	易威	"463,329.00"	"241,743"	"202,483"	"-9,148"	"9,875"	"10,221"	"20,096"	"17,794"	0.06	2.13%	47.82%	4.12%	-4.34%	-3.57%	-7.14%	0
1813	寶利徠	"147,746.00"	"158,671"	"37,955"	"50,473"	"4,269"	"-2,416"	"1,853"	"7,848"	0.21	2.89%	-7.39%	-33.08%	2.70%	2.35%	0.04%	1
1815	富喬	"4,012,631.00"	"2,484,132"	"578,945"	"548,804"	"1,300,461"	"-7,575"	"1,292,886"	"1,292,886"	2.24	32.41%	38.09%	23.66%	2.13%	2.30%	8.07%	1
2035	唐榮公司	"5,291,734.00"	"5,029,860"	"143,959"	"71,816"	"191,680"	"-3,391"	"188,289"		0.55	3.62%	4.95%	2.23%	0.72%	0.98%	-0.99%	0
2061	風青	"672,585.00"	"599,836"	"33,466"	"24,475"	"58,832"	"7,509"	"66,341"	"66,341"	1.03	8.75%	10.82%	5.84%	-1.76%	-1.70%	3.30%	0
2063	世鎧精密	"459,736.00"	"365,389"	"66,874"	"21,349"	"40,905"	"25,296"	"66,201"	"66,201"	0.85	8.90%	20.52%	5.98%	-0.48%	-0.82%	1.73%	0
2064	晉椿	"894,368.00"	"825,983"	"64,677"	"-6,393"	"-2,712"	"-4,404"	"-7,116"	"-7,093"	-0.04	-0.30%	7.65%	0.41%	1.46%	1.22%	-0.26%	0
2065	世豐	"1,092,466.00"	"897,533"	"111,275"	"97,297"	"144,208"	"-19,095"	"125,113"	"125,113"	2.27	13.20%	17.84%	7.66%	-0.25%	-0.34%	2.53%	0
2066	世德	"1,457,915.00"	"949,116"	"394,511"	"45,308"	"130,110"	"6,068"	"136,178"	"136,178"	2.94	8.92%	34.90%	7.84%	-1.04%	-1.55%	-2.94%	0
2067	嘉鋼	"464,880.00"	"452,010"	"78,917"	"-15,561"	"-81,066"	758	"-80,308"	"-69,214"	-1.55	-17.44%	2.77%	-14.21%	-1.80%	-1.24%	-1.42%	0
2070	精湛	"347,768.00"	"173,344"	"128,463"	"11,922"	"50,789"	"3,643"	"54,432"	"54,432"	1.29	14.60%	50.16%	13.22%	3.52%	8.48%	7.94%	1
2073	雄順	"379,587.00"	"355,626"	"32,509"	"-1,663"	"-10,211"	-693	"-10,904"		-0.37	-2.69%	6.31%	-2.25%	0.56%	5.49%	3.97%	1
2221	大甲	"807,160.00"	"630,960"	"74,893"	57	"80,701"	"1,970"	"82,671"	"80,790"	1.86	10.00%	21.83%	12.55%	2.35%	2.36%	1.68%	1
2230	泰茂	"1,160,457.00"	"1,159,458"	"106,234"	"3,523"	"-101,164"	"42,595"	"-58,569"	"-58,015"	-1.48	-8.72%	0.09%	-9.07%	1.78%	1.81%	2.58%	1
2235	謚源	"290,411.00"	"247,326"	"37,970"	"16,100"	"16,702"	0	"16,702"		0.47	5.75%	14.84%	1.76%	0.33%	-0.19%	-1.05%	0
2596	綠意	"750,324.00"	"430,317"	"78,435"	"6,758"	"199,052"		"199,052"	"201,190"	2.01	26.53%	42.65%	32.20%	4.26%	12.41%	11.72%	1
2640	大車隊	"1,665,458.00"	"831,060"	"470,635"	"2,270"	"287,944"	"-1,915"	"286,029"	"285,830"	4.86	17.29%	50.10%	21.84%	-0.21%	0.00%	0.08%	0
2641	正德	"1,177,268.00"	"707,205"	"63,484"	"88,336"	"460,000"	"102,458"	"562,458"	"513,973"	1.25	39.07%	39.93%	34.54%	0.01%	-0.12%	-0.91%	0
2643	捷迅	"3,411,287.00"	"3,122,331"	"162,216"	"2,766"	"97,660"	"20,359"	"118,019"	"118,019"	2.79	2.86%	8.47%	3.72%	1.13%	1.83%	1.22%	1
2718	全心投控	"230,354.00"	"101,773"	"52,447"	"230,900"	"236,332"	-302	"236,030"	"236,030"	2.72	102.60%	55.82%	33.05%	1.05%	-2.91%	-51.89%	0
2719	燦星旅	"849,745.00"	"725,493"	"73,153"	"-10,435"	"38,230"		"38,230"	"38,230"	0.55	4.50%	14.62%	6.01%	-2.09%	-2.89%	-5.48%	0
2729	瓦城	"3,289,716.00"	"1,636,420"	"1,432,165"	"-18,605"	"146,610"	"4,848"	"151,458"	"152,524"	3.47	4.46%	50.26%	6.72%	0.82%	0.51%	0.27%	1
2732	六角	"2,653,869.00"	"1,321,331"	"1,176,161"	"-5,112"	"111,173"	"10,506"	"121,679"	"100,994"	2.13	4.19%	50.21%	5.89%	0.58%	-0.01%	-0.31%	0
2734	易飛網	"1,020,429.00"	"868,992"	"130,707"	"-18,913"	868	4	872	"1,054"	0.02	0.09%	14.84%	2.03%	-0.82%	-2.11%	-1.69%	0
2736	富野	"296,112.00"	"152,697"	"181,820"	"-14,260"	"-52,665"	"2,332"	"-50,333"	"-44,189"	-0.58	-17.79%	48.43%	-12.97%	-5.32%	-11.36%	-12.17%	0
2740	華軒	"30,245.00"	"19,002"	"34,212"	"-10,285"	"-33,254"	0	"-33,254"	"-33,254"	-2.1	-109.95%	37.17%	-75.94%	1.88%	-1.33%	-4.20%	0
2743	山富	"3,448,053.00"	"3,078,407"	"227,899"	"-10,998"	"108,463"		"108,463"	"108,463"	2.32	3.15%	10.72%	4.11%	-1.65%	-2.24%	-1.23%	0
2745	五福	"5,049,526.00"	"4,332,554"	"469,655"	"-28,014"	"173,141"		"173,141"	"173,141"	5.12	3.43%	14.20%	4.90%	-0.64%	-1.24%	-1.15%	0
2751	王座	"1,012,464.00"	"499,123"	"444,319"	"-2,500"	"53,596"	51	"53,647"	"47,720"	2.41	5.29%	50.70%	6.82%	0.65%	0.60%	0.58%	1
2752	豆府	"2,190,179.00"	"1,043,166"	"888,252"	"13,205"	"219,511"	"-3,269"	"216,242"	"213,061"	8.1	10.02%	52.37%	11.81%	-0.67%	-0.29%	-0.04%	0
2754	亞洲藏壽司	"2,989,403.00"	"1,760,499"	"1,046,947"	"-29,662"	"121,780"	"1,046"	"122,826"	"122,826"	2.6	4.07%	41.11%	6.09%	0.39%	-0.42%	-0.43%	0
2755	揚秦	"1,706,889.00"	"1,236,268"	"304,928"	"3,500"	"135,033"	740	"135,773"	"135,773"	2.9	7.91%	27.57%	9.71%	0.26%	0.33%	0.48%	1
2756	聯發國際	"610,188.00"	"298,123"	"276,828"	"9,849"	"35,268"	"1,725"	"36,993"	"38,792"	1.53	5.78%	51.14%	5.77%	2.14%	2.56%	1.67%	1
2916	滿心	"1,005,646.00"	"474,232"	"394,667"	"30,120"	"133,493"	"6,102"	"139,595"		2.07	13.27%	52.84%	13.60%	0.25%	-1.71%	-1.82%	0
2924	宏太-KY	"28,475.00"	"20,817"	"31,933"	"1,509"	"-22,766"	70	"-22,696"	"-22,696"	-0.44	-79.95%	26.89%	-85.25%	5.80%	-22.27%	-14.06%	0
2926	誠品生活	"3,506,633.00"	"2,168,083"	"1,371,889"	"74,915"	"14,863"	"8,998"	"23,861"	"24,265"	0.32	0.42%	38.17%	-0.95%	-0.45%	-1.35%	-0.04%	0
2937	集雅社	"2,624,020.00"	"2,072,406"	"466,273"	"-1,825"	"64,559"		"64,559"	"64,559"	1.48	2.46%	21.02%	3.25%	0.36%	0.44%	0.28%	1
2941	米斯特	"465,356.00"	"167,822"	"271,949"	310	"21,052"	-11	"21,041"		1.37	4.52%	63.94%	5.50%	0.23%	-1.48%	-1.02%	0
2947	振宇五金	"1,188,211.00"	"696,176"	"435,916"	"-4,328"	"41,600"		"41,600"	"41,600"	1.78	3.50%	41.41%	4.72%	0.11%	-0.36%	-0.21%	0
2948	寶陞	"1,101,442.00"	"637,477"	"404,451"	"-14,909"	"30,315"	"11,978"	"42,293"	"42,293"	0.98	2.75%	42.12%	5.40%	-1.56%	-0.36%	0.41%	0
2949	欣新網	"3,164,715.00"	"2,779,610"	"312,382"	-539	"53,545"	-98	"53,447"	"50,385"	1.68	1.69%	12.17%	2.30%	-0.20%	0.06%	0.00%	0
3064	泰偉	"41,307.00"	"4,525"	"43,177"	"-3,045"	"-9,440"	69	"-9,371"	"-9,369"	-0.73	-22.85%	89.05%	-15.48%	-2.11%	-1.39%	-4.90%	0
3066	李洲	"140,399.00"	"91,306"	"77,296"	"519,209"	"486,047"	"131,814"	"617,861"	"579,372"	5.41	346.19%	34.97%	-20.09%	-0.78%	-8.99%	268.59%	0
3067	全域	"32,759.00"	"22,507"	"11,637"	"3,412"	"2,339"	0	"2,339"	"2,339"	0.12	7.14%	31.30%	-4.23%	0.90%	-13.62%	-1.76%	0
3071	協禧	"1,513,710.00"	"1,040,970"	"294,872"	"-44,452"	"81,915"	"89,153"	"171,068"	"133,315"	0.49	5.41%	31.23%	11.75%	1.17%	2.03%	1.80%	1
3073	天方能源	"90,021.00"	"75,506"	"27,489"	"2,067"	"-10,907"	"-6,920"	"-17,827"	"-17,427"	-0.27	-12.12%	16.12%	-14.41%	3.40%	-7.88%	-11.78%	0
3078	僑威	"3,210,107.00"	"2,595,758"	"389,927"	"78,318"	"230,929"	"157,538"	"388,467"	"388,467"	1.02	7.19%	19.14%	6.99%	-1.42%	-1.69%	-2.43%	0
3081	聯亞	"2,125,567.00"	"928,723"	"251,044"	"36,692"	"786,002"	"1,592"	"787,594"		7.75	36.98%	56.31%	44.50%	1.55%	3.23%	1.87%	1
3083	網龍	"187,055.00"	"28,401"	"162,412"	"33,233"	"27,551"	"31,080"	"58,631"	"56,751"	0.3	14.73%	84.82%	-2.01%	3.93%	1.33%	-11.85%	0
3085	新零售	"34,557.00"	"12,344"	"50,650"	"4,599"	"-23,838"	"-5,245"	"-29,083"	"-29,083"	-0.35	-68.98%	64.28%	-82.29%	-4.82%	52.43%	73.31%	0
3086	華義*	"69,502.00"	"50,065"	"41,888"	"3,714"	"-18,743"	-195	"-18,938"	"-16,959"	-0.06	-26.97%	27.97%	-32.30%	-6.74%	-7.64%	-12.06%	0
3088	艾訊	"4,613,348.00"	"3,087,015"	"959,489"	"47,509"	"480,048"	"5,570"	"485,618"	"471,655"	4.28	10.41%	33.09%	12.29%	-0.94%	-0.60%	-1.51%	0
3093	港建*	"765,861.00"	"556,650"	"147,454"	"14,038"	"59,017"	"581,599"	"640,616"	"640,616"	0.41	7.71%	27.32%	8.06%	0.25%	4.98%	3.45%	1
3095	及成	"360,109.00"	"281,477"	"56,807"	"-4,470"	"17,344"	"1,610"	"18,954"	"18,954"	1.73	4.82%	21.84%	6.06%	-1.20%	2.36%	-0.04%	0
3105	穩懋	"9,847,328.00"	"7,153,704"	"1,520,711"	"547,323"	"1,353,387"	"1,535,855"	"2,889,242"	"3,030,635"	3.56	13.74%	27.35%	11.91%	1.01%	2.52%	3.97%	1
3114	好德	"1,558,134.00"	"1,394,800"	"106,488"	"27,934"	"68,458"	"62,361"	"130,819"	"130,819"	1.02	4.39%	10.48%	3.65%	-0.69%	-0.90%	-2.04%	0
3115	富榮綱	"3,947.00"	0	"17,336"	"7,489"	"-6,190"	"3,802"	"-2,388"	"-2,388"	-0.09	-156.83%	100.00%	-339.22%	0.00%	231.22%	353.03%	0
3118	進階	"321,210.00"	"206,726"	"82,632"	"5,892"	"30,800"		"30,800"		0.95	9.59%	35.64%	9.92%	-1.81%	-2.61%	-1.30%	0
3122	笙泉	"162,390.00"	"105,958"	"85,388"	-666	"-29,664"	772	"-28,892"	"-28,892"	-0.73	-18.27%	34.75%	-17.83%	-1.73%	-4.77%	-3.81%	0
3128	昇銳	"482,657.00"	"343,785"	"122,515"	"1,237"	"13,859"		"13,859"	"12,796"	0.27	2.87%	28.77%	3.39%	-1.91%	-3.33%	-3.01%	0
3131	弘塑	"3,322,908.00"	"2,112,683"	"635,318"	"411,615"	"783,752"	"166,910"	"950,662"	"953,381"	27.27	23.59%	36.42%	17.30%	2.64%	4.15%	-5.29%	0
3141	晶宏	"885,182.00"	"497,166"	"286,181"	"73,117"	"154,226"	"125,460"	"279,686"	"288,228"	2.19	17.42%	43.83%	11.50%	1.32%	6.09%	1.68%	1
3147	大綜	"8,855,091.00"	"7,796,239"	"433,830"	"5,876"	"491,761"	"1,722"	"493,483"	"493,489"	11.26	5.55%	11.96%	7.06%	-0.62%	0.51%	0.20%	0
3152	璟德	"758,791.00"	"426,155"	"116,448"	"25,190"	"191,687"		"191,687"		3.21	25.26%	43.84%	28.49%	-1.30%	-0.44%	-1.96%	0
3158	嘉實	"556,378.00"	"196,621"	"232,410"	"5,389"	"106,035"	-106	"105,929"	"105,929"	3.48	19.06%	64.66%	22.89%	0.73%	2.01%	1.55%	1
3162	精確	"4,342,980.00"	"3,865,903"	"448,880"	"-7,747"	"8,991"	"39,356"	"48,347"	"45,489"	0.05	0.21%	10.99%	0.65%	0.57%	1.45%	-0.16%	0
3163	波若威	"1,247,946.00"	"1,034,308"	"168,526"	"301,383"	"331,537"	"22,361"	"353,898"	"353,898"	3.5	26.57%	17.12%	3.61%	-1.74%	-1.71%	-10.59%	0
3169	亞信	"495,261.00"	"227,357"	"135,799"	"16,375"	"123,936"	"2,410"	"126,346"	"126,346"	1.96	25.02%	54.09%	26.67%	-0.11%	-0.01%	-0.42%	0
3171	炎洲流通	"1,413,057.00"	"1,056,491"	"199,198"	805	"128,772"	"11,599"	"140,371"	"127,617"	3.76	9.11%	25.23%	11.14%	-0.52%	0.91%	0.70%	0
3176	基亞	"546,240.00"	"237,741"	"358,210"	"-13,713"	"-74,033"	"-19,235"	"-93,268"	"-82,692"	-0.57	-13.55%	56.48%	-9.10%	3.73%	16.97%	14.75%	1
3178	公準	"661,500.00"	"546,667"	"95,623"	"2,755"	"19,561"	998	"20,559"	"19,919"	0.43	2.96%	17.36%	2.90%	3.63%	5.01%	2.87%	1
3188	鑫龍騰	"2,531,129.00"	"1,543,131"	"173,095"	"-4,568"	"640,933"		"640,933"	"640,933"	3.4	25.32%	39.03%	32.20%	-0.62%	-1.23%	-0.98%	0
3191	雲嘉南	"89,956.00"	"64,684"	"36,511"	"1,712"	"-11,245"	"1,578"	"-9,667"	"-9,667"	-0.26	-12.50%	28.09%	-12.49%	-1.41%	25.95%	20.73%	0
3205	佰研	"335,238.00"	"312,766"	"27,234"	"5,788"	"1,026"	"-42,887"	"-41,861"	"-41,214"	0.02	0.31%	6.70%	-1.42%	-2.45%	-2.41%	-1.89%	0
3206	志豐	"1,606,949.00"	"1,273,573"	"262,800"	927	"48,715"	"42,446"	"91,161"	"88,700"	0.82	3.03%	20.75%	4.39%	0.10%	0.54%	0.43%	1
3207	耀勝	"823,862.00"	"673,065"	"222,729"	"36,930"	"-36,226"	"33,993"	"-2,233"	"-38,275"	-1.09	-4.40%	18.30%	-8.73%	0.68%	-0.15%	-6.49%	0
3211	順達	"6,835,813.00"	"5,682,496"	"507,151"	"-34,984"	"520,024"	"166,764"	"686,788"	"686,788"	3.4	7.61%	16.87%	9.45%	-3.16%	-3.08%	-1.75%	0
3213	茂訊	"1,736,008.00"	"1,113,503"	"177,309"	"37,338"	"344,970"	"212,641"	"557,611"	"542,181"	5.62	19.87%	35.86%	25.64%	-0.12%	1.15%	-2.89%	0
3217	優群	"1,895,341.00"	"981,297"	"352,952"	"30,350"	"468,243"	"604,436"	"1,072,679"	"1,072,679"	5.2	24.70%	48.23%	29.60%	-0.70%	-1.48%	-2.10%	0
3218	大學光	"2,216,295.00"	"940,777"	"593,751"	"-31,913"	"513,607"	"115,401"	"629,008"	"618,128"	5.99	23.17%	57.55%	30.76%	0.17%	0.13%	-3.25%	0
3219	倚強科	"1,135,331.00"	"349,964"	"524,341"	"-14,213"	"196,699"	"33,140"	"229,839"	"207,331"	2.66	17.33%	69.18%	22.99%	5.28%	13.43%	10.68%	1
3221	台嘉碩	"1,205,467.00"	"915,962"	"211,658"	"28,989"	"76,091"	"60,225"	"136,316"	"144,604"	0.82	6.31%	24.02%	6.46%	2.59%	3.58%	0.14%	1
3224	三顧	"827,191.00"	"704,360"	"205,022"	"14,422"	"-69,361"	"5,548"	"-63,813"	-538	-0.08	-8.39%	14.85%	-9.94%	-1.30%	-1.74%	-2.75%	0
3226	龍鋒	"635,124.00"	"600,650"	"70,489"	"19,464"	"-23,390"	637	"-22,753"		-0.36	-3.68%	5.43%	-5.67%	-1.81%	-2.05%	-4.07%	0
3227	原相	"4,747,618.00"	"1,955,998"	"1,928,527"	"190,545"	"893,529"	"3,157,469"	"4,050,998"	"4,057,190"	6.11	18.82%	58.80%	18.18%	-0.68%	0.89%	1.29%	0
3228	金麗科	"171,637.00"	"68,843"	"176,279"	"1,868"	"-71,617"	-896	"-72,513"		-1	-41.73%	59.89%	-42.81%	-0.85%	12.25%	10.21%	0
3230	錦明	"203,447.00"	"195,158"	"92,598"	"-3,756"	"-87,850"	"16,577"	"-71,273"	"-71,273"	-1.03	-43.18%	4.07%	-41.44%	-0.23%	-3.80%	-5.04%	0
3232	昱捷	"508,897.00"	"421,281"	"70,124"	"3,964"	"17,503"	"6,499"	"24,002"	"24,002"	0.38	3.44%	17.22%	3.44%	0.71%	0.99%	0.01%	1
3234	光環	"378,996.00"	"322,205"	"113,864"	"2,785"	"-54,136"	"3,393"	"-50,743"	"-49,762"	-0.48	-14.28%	14.98%	-15.06%	5.19%	6.77%	5.62%	1
3236	千如	"1,160,957.00"	"876,984"	"231,397"	"-7,753"	"21,434"	"231,823"	"253,257"	"253,257"	0.2	1.85%	24.46%	4.53%	1.67%	2.29%	-0.09%	0
3252	海灣	"254,868.00"	"148,364"	"69,311"	"-29,287"	"6,244"	0	"6,244"	"-7,108"	-0.14	2.45%	41.79%	14.59%	1.33%	-6.69%	-8.26%	0
3259	鑫創	"105,167.00"	"92,154"	"96,842"	"-1,693"	"-85,522"		"-85,522"		-1.17	-81.32%	12.37%	-79.71%	-3.40%	17.07%	13.83%	0
3260	威剛	"64,242,687.00"	"33,643,820"	"5,553,728"	"1,523,881"	"20,742,119"	"371,731"	"21,113,850"	"20,214,659"	62.46	32.29%	47.63%	38.99%	-8.07%	-8.07%	-5.93%	0
3264	欣銓	"8,517,069.00"	"5,168,181"	"875,008"	"148,799"	"2,080,193"	"67,363"	"2,147,556"	"2,147,556"	4.39	24.42%	39.32%	29.05%	0.96%	1.52%	1.22%	1
3265	台星科	"2,715,381.00"	"1,967,927"	"152,652"	"40,615"	"524,815"	"-11,404"	"513,411"	"513,411"	3.85	19.33%	27.53%	21.90%	1.98%	2.26%	0.99%	1
3268	海德威	"515,222.00"	"479,944"	"42,435"	"2,344"	"-4,004"	"19,249"	"15,245"	"15,245"	-0.12	-0.78%	6.85%	-1.39%	0.58%	2.17%	0.68%	1
3272	東碩	"1,367,343.00"	"1,289,182"	"272,329"	"-34,254"	"-242,646"	"156,575"	"-86,071"	"-86,071"	-4.05	-17.75%	5.72%	-14.20%	-1.36%	8.10%	8.36%	0
3276	宇環	"330,834.00"	"321,843"	"44,365"	"31,307"	"-5,971"	"34,897"	"28,926"	"38,741"	0.06	-1.80%	2.72%	-10.69%	2.41%	4.60%	3.27%	1
3284	太普高	"420,188.00"	"327,093"	"54,117"	"56,981"	"77,954"	"-9,717"	"68,237"	"73,903"	0.72	18.55%	22.16%	9.28%	-5.58%	-6.52%	-5.87%	0
3285	微端	"558,519.00"	"424,263"	"90,838"	"8,424"	"41,615"	"4,947"	"46,562"	"43,715"	0.91	7.45%	24.04%	7.77%	-0.16%	0.65%	2.00%	0
3287	廣寰科	"434,235.00"	"251,189"	"111,970"	"217,404"	"275,860"	-832	"275,028"	"257,718"	5.88	63.53%	42.15%	16.37%	8.77%	6.80%	38.03%	1
3288	點晶	"38,994.00"	"10,225"	"31,073"	"1,524"	-780	"-1,615"	"-2,395"	"-2,392"	-0.05	-2.00%	73.78%	-5.91%	-3.19%	4.44%	4.92%	0
3289	宜特	"2,266,979.00"	"1,770,599"	"499,302"	"252,116"	"259,634"	"41,118"	"300,752"	"307,793"	3.08	11.45%	21.90%	-0.13%	4.62%	6.71%	-4.26%	0
3290	東浦	"1,857,587.00"	"1,439,455"	"416,043"	"359,917"	"363,030"	"61,874"	"424,904"	"424,904"	4.02	19.54%	22.51%	0.11%	2.37%	2.67%	-6.99%	0
3293	鈊象	"12,678,167.00"	"276,245"	"4,915,957"	"310,138"	"6,417,429"	"-213,511"	"6,203,918"	"6,204,009"	22.77	50.62%	97.82%	59.05%	0.00%	0.76%	0.31%	0
3294	英濟	"1,466,436.00"	"1,348,192"	"297,239"	"101,892"	"-80,365"	"95,805"	"15,440"	"24,213"	-0.54	-5.48%	8.06%	-12.21%	2.24%	3.04%	3.96%	1
3297	杭特	"115,570.00"	"73,360"	"51,022"	"33,463"	"24,828"	0	"24,828"	"24,828"	0.69	21.48%	36.52%	-7.62%	-0.15%	6.94%	24.85%	0
3303	岱稜	"1,753,568.00"	"1,109,576"	"345,517"	"19,139"	"230,181"	"3,792"	"233,973"	"228,218"	2.4	13.13%	36.72%	17.02%	2.44%	4.11%	1.60%	1
3306	鼎天	"545,194.00"	"409,271"	"133,019"	"6,641"	"10,025"	"805,722"	"815,747"		0.2	1.84%	24.93%	0.53%	-2.61%	0.31%	-0.33%	0
3310	佳穎	"1,115,146.00"	"862,729"	"141,179"	"21,164"	"117,716"	"11,554"	"129,270"	"130,680"	1.59	10.56%	22.64%	9.98%	0.84%	2.62%	4.65%	1
3313	斐成	"19,177.00"	"14,563"	"26,253"	"13,618"	"-8,282"		"-8,282"	"-8,278"	-0.04	-43.19%	24.06%	-112.84%	68.48%	208.18%	-356.46%	0
3317	尼克森	"1,434,461.00"	"1,016,996"	"233,844"	"1,071"	"142,804"	541	"143,345"	"140,950"	1.56	9.96%	29.10%	12.80%	-0.25%	-0.24%	-1.00%	0
3322	建舜電	"1,613,890.00"	"1,454,047"	"280,276"	"-25,552"	"-145,985"	"-12,412"	"-158,397"	"-158,397"	-1.13	-9.05%	9.90%	-7.46%	-0.25%	0.61%	0.85%	0
3323	加百裕	"2,173,727.00"	"1,987,897"	"303,830"	"17,317"	"-101,177"	"1,137"	"-100,040"	"-95,149"	-0.97	-4.65%	8.55%	-5.43%	0.07%	0.55%	0.79%	1
3324	雙鴻	"17,251,778.00"	"12,242,784"	"2,099,071"	"-22,684"	"2,304,320"	"-35,321"	"2,268,999"	"2,090,685"	23.01	13.36%	29.03%	16.87%	-0.63%	-0.90%	-1.44%	0
3325	旭品	"368,481.00"	"408,149"	"92,409"	"-28,476"	"-164,516"	"29,152"	"-135,364"	"-115,374"	-1.35	-44.65%	-10.77%	-35.84%	-5.44%	-9.58%	-13.14%	0
3332	幸康	"951,704.00"	"615,219"	"234,393"	"45,475"	"121,737"	"26,448"	"148,185"	"148,185"	2.53	12.79%	35.36%	10.73%	-0.54%	-1.22%	-1.24%	0
3339	泰谷	"412,272.00"	"398,266"	"163,710"	"-16,644"	"-166,348"		"-166,348"	"-166,555"	-2.61	-40.35%	3.40%	-36.31%	-10.28%	-28.27%	-16.63%	0
3349	寶德	"191,018.00"	"178,774"	"57,028"	"8,845"	"-35,701"	"-3,423"	"-39,124"	"-39,124"	-0.77	-18.69%	6.41%	-23.44%	0.35%	17.94%	17.04%	1
3354	律勝	"65,018.00"	"43,791"	"49,095"	"9,839"	"-20,010"	"4,801"	"-15,209"	"-15,209"	-0.29	-30.78%	32.65%	-42.86%	3.47%	13.76%	11.15%	1
3357	臺慶科	"3,913,502.00"	"2,742,498"	"535,867"	"217,586"	"718,551"	"1,575,184"	"2,293,735"	"2,301,541"	6.33	18.36%	29.92%	16.23%	1.06%	1.26%	2.16%	1
3360	尚立	"5,250,465.00"	"5,085,576"	"141,515"	"-25,252"	"-8,341"	"1,518"	"-6,823"	"3,075"	0.02	-0.16%	3.14%	0.45%	-0.08%	0.44%	0.08%	0
3362	先進光	"2,058,158.00"	"1,833,815"	"537,389"	"-4,217"	"-269,365"	"33,545"	"-235,820"	"-235,431"	-1.88	-13.09%	10.90%	-15.21%	-2.21%	-7.13%	-6.65%	0
3363	上詮	"811,157.00"	"802,981"	"256,226"	"85,508"	"-131,897"	"2,647"	"-129,250"	"-129,250"	-1.18	-16.26%	1.01%	-30.58%	-0.88%	10.28%	11.76%	0
3372	典範	"648,001.00"	"628,452"	"45,563"	"7,613"	"-18,401"		"-18,401"		-0.1	-2.84%	3.02%	-4.01%	-1.09%	-0.56%	-1.09%	0
3373	熱映	"213,998.00"	"178,485"	"64,334"	"8,564"	"-16,490"	"14,471"	"-2,019"	"-2,019"	-0.35	-7.71%	16.60%	-13.47%	2.89%	8.86%	5.42%	1
3374	精材	"4,098,395.00"	"2,926,628"	"262,642"	"24,611"	"780,742"		"780,742"		2.88	19.05%	28.59%	22.18%	-1.07%	-0.68%	-1.04%	0
3379	彬台	"298,847.00"	"233,705"	"89,194"	"4,727"	"-35,341"	"6,799"	"-28,542"	"-28,542"	-0.93	-11.83%	21.80%	-8.05%	2.77%	-3.95%	-3.70%	0
3388	崇越電	"4,385,264.00"	"3,494,456"	"533,266"	"26,078"	"266,736"	"127,622"	"394,358"	"381,277"	3.41	6.08%	20.31%	8.15%	0.80%	1.96%	1.48%	1
3390	旭軟	"486,816.00"	"423,069"	"76,944"	"-25,970"	"-39,319"	"82,967"	"43,648"	"43,648"	-0.5	-8.08%	13.09%	-2.71%	-3.04%	-0.24%	-1.17%	0
3402	漢科	"2,944,266.00"	"2,324,448"	"274,749"	"1,384"	"265,811"	"25,412"	"291,223"	"291,223"	3.64	9.03%	21.05%	11.72%	0.05%	0.38%	0.71%	1
3430	奇鈦科	"972,559.00"	"737,070"	"123,011"	"10,169"	"90,436"	"8,226"	"98,662"	"98,662"	2.68	9.30%	24.21%	11.57%	0.97%	-0.10%	-0.49%	0
3434	哲固	"256,215.00"	"205,632"	"48,631"	"5,975"	"6,342"	51	"6,393"	"6,393"	0.18	2.48%	19.74%	0.76%	-0.19%	1.66%	0.07%	0
3438	類比科	"448,223.00"	"276,222"	"160,149"	"22,614"	"29,538"	"660,778"	"690,316"		0.63	6.59%	38.37%	2.64%	-0.30%	3.28%	0.89%	0
3441	聯一光電	"255,240.00"	"167,797"	"43,498"	"20,450"	"47,602"	"16,424"	"64,026"	"62,199"	1.16	18.65%	34.26%	17.22%	4.47%	6.11%	1.92%	1
3444	利機	"653,233.00"	"524,497"	"103,376"	"30,719"	"47,225"	"4,065"	"51,290"	"51,290"	1.05	7.23%	19.71%	3.88%	-0.06%	0.24%	1.36%	0
3455	由田	"502,712.00"	"216,683"	"373,773"	"37,750"	"-26,139"	"68,040"	"41,901"	"41,901"	-0.44	-5.20%	56.90%	-17.45%	2.36%	43.56%	27.91%	1
3465	進泰電子	"954,129.00"	"836,642"	"175,921"	"15,078"	"-42,279"	"16,896"	"-25,383"	"-10,961"	-0.73	-4.43%	12.31%	-6.12%	6.40%	11.48%	8.03%	1
3466	德晉	"136,568.00"	"124,021"	"83,056"	"24,660"	"-45,921"	"4,904"	"-41,017"	"-41,017"	-0.59	-33.63%	9.19%	-51.63%	1.39%	16.38%	13.48%	1
3467	台灣精材	"374,815.00"	"282,082"	"63,674"	"1,922"	"24,831"		"24,831"		0.8	6.62%	24.74%	7.75%	0.03%	2.03%	1.04%	1
3479	安勤	"4,574,828.00"	"3,384,835"	"812,765"	"43,370"	"310,299"	"25,162"	"335,461"	"306,607"	3.95	6.78%	26.01%	8.25%	-2.14%	-0.98%	-1.39%	0
3483	力致	"4,240,984.00"	"3,540,977"	"681,145"	"81,807"	"67,462"	"162,664"	"230,126"	"230,126"	0.69	1.59%	16.51%	0.44%	-0.57%	-0.75%	0.77%	0
3484	崧騰	"2,286,420.00"	"1,798,225"	"336,402"	"4,620"	"104,140"	"81,626"	"185,766"	"183,432"	1.3	4.55%	21.35%	6.64%	-0.72%	-0.40%	-0.07%	0
3485	敘豐	"297,848.00"	"142,624"	"53,229"	"29,064"	"104,148"	"4,952"	"109,100"	"109,100"	2.93	34.97%	52.12%	34.24%	-1.09%	-4.31%	-7.75%	0
3489	森寶	"513,051.00"	"489,389"	"14,259"	"-1,367"	"2,622"		"2,622"	"2,622"	0.03	0.51%	4.61%	1.83%	1.31%	1.21%	1.35%	1
3490	單井	"121,087.00"	"101,085"	"51,353"	"391,424"	"338,059"	"11,644"	"349,703"	"349,703"	6.15	279.19%	16.52%	-25.89%	-3.53%	-8.56%	45.32%	0
3491	昇達科	"1,922,184.00"	"829,153"	"537,944"	"119,076"	"560,966"	"162,833"	"723,799"	"723,798"	8.15	29.18%	56.86%	28.88%	-1.12%	-1.87%	4.37%	0
3492	長盛	"432,954.00"	"315,275"	"95,011"	"2,697"	"18,256"	"11,639"	"29,895"	"29,895"	0.51	4.22%	27.18%	5.24%	-1.07%	-0.34%	-1.31%	0
3498	陽程	"1,065,066.00"	"621,597"	"213,459"	"19,652"	"196,744"	"54,809"	"251,553"	"251,979"	3.26	18.47%	41.64%	21.60%	15.60%	25.17%	23.24%	1
3499	環天科	"146,791.00"	"119,600"	"75,598"	103	"-45,727"	"6,531"	"-39,196"	"-39,196"	-0.83	-31.15%	18.52%	-32.98%	5.64%	17.56%	15.25%	1
3508	位速	"459,827.00"	"410,959"	"120,552"	"40,230"	"-40,841"	"-2,310"	"-43,151"	"-37,654"	-0.34	-8.88%	10.63%	-15.59%	-3.87%	0.64%	-2.24%	0
3511	矽瑪	"930,872.00"	"794,706"	"177,047"	"-1,796"	"-43,208"	"7,008"	"-36,200"	"-26,114"	-0.41	-4.64%	14.63%	-4.39%	-1.78%	-2.31%	-2.06%	0
3512	皇龍	"272,699.00"	"161,921"	"51,007"	-229	"51,300"		"51,300"	"51,300"	0.45	18.81%	40.62%	21.92%	0.20%	-4.78%	-5.38%	0
3516	亞帝歐	"568,167.00"	"444,523"	"100,290"	"21,701"	"36,592"	"33,704"	"70,296"	"59,597"	0.43	6.44%	21.76%	4.11%	4.83%	5.00%	3.88%	1
3520	華盈	"626,931.00"	"557,050"	"74,595"	"-9,624"	"-12,376"	"8,173"	"-4,203"	"-4,203"	-0.18	-1.97%	11.15%	-0.75%	1.03%	1.78%	-0.43%	0
3521	台鋼建設	"11,523.00"	"16,004"	"38,393"	"336,994"	"306,686"	"-23,689"	"282,997"	"282,997"	1.96	2661.51%	-38.89%	-372.07%	3.75%	-130.17%	-303.17%	0
3522	御嵿	"684,440.00"	"344,917"	"381,766"	"-12,966"	"-55,930"	-389	"-56,319"	"-49,758"	-0.49	-8.17%	49.61%	-6.17%	-4.63%	-16.36%	-16.41%	0
3523	迎輝	"40,969.00"	"60,958"	"35,942"	-153	"-56,572"	0	"-56,572"	"-56,887"	-0.89	-138.08%	-48.79%	-136.52%	39.79%	83.55%	81.92%	1
3526	凡甲	"2,311,896.00"	"1,180,820"	"406,387"	"-1,119"	"598,414"	"190,828"	"789,242"	"789,242"	9.08	25.88%	48.92%	31.35%	-1.45%	-2.08%	-2.13%	0
3527	聚積	"732,704.00"	"440,033"	"292,628"	"18,021"	"6,768"	"25,626"	"32,394"	"32,394"	0.15	0.92%	39.94%	0.01%	0.35%	1.53%	0.83%	1
3529	力旺	"2,190,620.00"	0	"862,136"	"58,454"	"1,210,908"	226	"1,211,134"	"1,176,167"	15.75	55.28%	100.00%	60.64%	0.00%	0.10%	-1.01%	0
3531	先益	"530,995.00"	"439,493"	"112,210"	"40,110"	"8,636"	"28,560"	"37,196"	"38,654"	0.17	1.63%	17.23%	-3.90%	-2.73%	-2.50%	-5.37%	0
3537	堡達	"1,531,944.00"	"1,297,848"	"101,547"	"17,123"	"119,494"	"8,416"	"127,910"	"127,910"	2.13	7.80%	15.28%	8.65%	-1.15%	-1.02%	-2.00%	0
3540	曜越	"2,285,267.00"	"1,616,053"	"663,749"	"-2,354"	"5,148"	"28,610"	"33,758"	"40,440"	0.16	0.23%	29.28%	0.24%	1.17%	1.11%	-0.61%	0
3541	西柏	"501,879.00"	"322,436"	"184,815"	"12,055"	"7,050"	90	"7,140"	"7,140"	0.13	1.40%	35.75%	-1.07%	0.30%	1.82%	0.67%	1
3546	宇峻	"931,901.00"	"118,986"	"589,908"	"23,922"	"202,528"	"-29,713"	"172,815"	"172,815"	3.3	21.73%	87.23%	23.93%	-1.36%	-4.64%	-4.64%	0
3548	兆利	"4,066,277.00"	"3,766,390"	"418,437"	"7,407"	"-121,772"	"181,525"	"59,753"	"59,753"	-1.8	-2.99%	7.37%	-2.92%	-0.72%	1.59%	2.39%	0
3551	世禾	"1,672,323.00"	"1,028,889"	"282,868"	"55,070"	"333,314"	"74,285"	"407,599"	"407,599"	5.4	19.93%	38.48%	21.56%	1.04%	1.32%	1.24%	1
3552	同致	"3,891,209.00"	"3,326,670"	"787,795"	"76,994"	"-149,936"	"160,361"	"10,425"	"10,425"	-1.53	-3.85%	14.51%	-5.74%	-3.92%	-2.39%	-3.91%	0
3555	博士旺	"451,376.00"	"232,109"	"104,383"	"162,677"	"277,561"	-130	"277,431"	"274,545"	6.87	61.49%	48.58%	25.45%	6.03%	9.56%	-19.28%	0
3556	禾瑞亞	"628,281.00"	"317,126"	"201,093"	"66,957"	"149,017"	384	"149,401"	"151,636"	2.38	23.72%	49.52%	17.52%	0.18%	0.85%	-0.54%	0
3558	神準	"6,627,594.00"	"5,537,312"	"1,075,862"	"24,546"	"75,068"	"4,729"	"79,797"	"52,662"	0.81	1.13%	16.45%	0.22%	0.21%	1.01%	0.48%	1
3564	其陽	"1,368,161.00"	"1,033,593"	"322,512"	"-8,356"	"2,551"	"6,809"	"9,360"	"9,360"	0.04	0.19%	24.45%	0.88%	2.19%	4.63%	3.54%	1
3567	逸昌	"133,346.00"	"94,979"	"22,723"	"2,239"	"14,334"		"14,334"		0.42	10.75%	28.77%	11.73%	3.64%	4.19%	3.47%	1
3570	大塚	"1,432,229.00"	"1,041,888"	"215,782"	"1,606"	"137,647"	"6,211"	"143,858"	"143,858"	8.05	9.61%	27.25%	12.19%	-1.66%	-0.55%	-0.72%	0
3577	泓格	"839,172.00"	"343,554"	"242,804"	"4,959"	"210,005"	"6,018"	"216,023"	"216,023"	3.28	25.03%	59.06%	30.13%	-0.69%	1.21%	0.72%	0
3580	友威科	"189,510.00"	"98,071"	"61,245"	"4,748"	"25,540"	"28,499"	"54,039"	"54,039"	0.65	13.48%	48.25%	15.93%	13.26%	33.97%	24.77%	1
3581	博磊	"844,905.00"	"568,656"	"224,235"	"35,720"	"69,790"	"3,454"	"73,244"	"51,180"	0.94	8.26%	32.70%	6.16%	-2.95%	-0.04%	1.66%	0
3587	閎康	"3,068,042.00"	"2,071,713"	"543,105"	"36,354"	"206,710"	"150,405"	"357,115"	"357,115"	2.99	6.74%	32.47%	14.77%	1.59%	2.07%	-3.79%	0
3594	磐儀	"1,231,600.00"	"801,198"	"428,026"	"16,215"	"23,398"	"35,153"	"58,551"	"63,504"	0.37	1.90%	34.95%	0.19%	1.01%	6.74%	6.49%	1
3597	映興	"451,377.00"	"344,387"	"82,487"	"-2,874"	"13,662"	"8,384"	"22,046"	"22,046"	0.35	3.03%	23.70%	5.43%	0.99%	2.56%	1.38%	1
3609	三一東林	"180,373.00"	"132,319"	"116,829"	"-5,303"	"-71,976"	"-1,305"	"-73,281"	"-73,281"	-1.88	-39.90%	26.64%	-38.13%	1.56%	8.23%	8.03%	1
3611	鼎翰	"5,909,403.00"	"3,989,059"	"1,372,903"	"38,195"	"460,061"	"995,469"	"1,455,530"	"1,455,572"	9.67	7.79%	32.50%	9.26%	-1.32%	0.13%	-0.07%	0
3615	安可	"372,818.00"	"301,709"	"114,201"	"202,812"	"154,788"	"-11,128"	"143,660"	"137,313"	2.17	41.52%	19.07%	-11.56%	-4.68%	-11.20%	32.80%	0
3623	富晶通	"133,069.00"	"129,811"	"14,801"	"31,502"	"18,649"	"1,991"	"20,640"		0.64	14.01%	2.45%	-8.67%	-7.74%	-9.73%	4.68%	0
3624	光頡	"1,622,899.00"	"1,121,526"	"239,311"	"30,538"	"220,361"	"18,216"	"238,577"	"236,389"	1.86	13.58%	30.89%	16.15%	2.34%	2.90%	1.36%	1
3625	西勝	"221,658.00"	"190,153"	"108,287"	"30,068"	"-46,600"	"7,708"	"-38,892"	"-38,892"	-0.42	-21.02%	14.21%	-34.64%	1.37%	-5.66%	-22.33%	0
3628	盈正	"1,749,193.00"	"1,241,782"	"413,128"	"1,101"	"43,877"	"18,209"	"62,086"	"61,994"	0.97	2.51%	29.01%	5.39%	1.82%	2.83%	0.48%	1
3629	地心引力	"21,176.00"	"14,155"	"15,307"	570	"-7,716"	203	"-7,513"	"-7,513"	-0.23	-36.44%	33.16%	-39.13%	4.87%	26.59%	25.37%	1
3630	新鉅科	"1,247,923.00"	"1,083,003"	"336,907"	"18,992"	"-152,995"	"28,115"	"-124,880"	"-124,880"	-0.75	-12.26%	13.22%	-13.78%	2.14%	0.31%	-3.67%	0
3631	晟楠	"18,072.00"	"15,053"	"56,103"	"18,058"	"-38,699"	"22,738"	"-15,961"	"-6,069"	-0.35	-214.14%	16.71%	-293.74%	-1.43%	-19.47%	-32.01%	0
3632	研勤	"142,768.00"	"61,547"	"83,541"	"-1,875"	"-5,433"	497	"-4,936"	"-4,088"	-0.11	-3.81%	56.89%	-1.63%	-5.00%	-9.45%	-8.06%	0
3646	艾恩特	"382,981.00"	"290,093"	"89,308"	"-15,324"	"-17,001"	"21,542"	"4,541"	"4,541"	-0.43	-4.44%	24.25%	0.93%	0.62%	2.75%	4.09%	1
3663	鑫科	"4,095,477.00"	"3,912,628"	"118,057"	"-21,304"	"32,145"	"1,341,131"	"1,373,276"	"1,350,216"	0.28	0.78%	4.46%	1.58%	-0.71%	-1.06%	-0.32%	0
3666	光耀	"249,921.00"	"282,045"	"79,027"	"19,260"	"-91,891"	"-1,272"	"-93,163"	"-93,163"	-0.68	-36.77%	-12.85%	-44.47%	5.66%	19.11%	17.55%	1
3672	康聯訊	"108,428.00"	"68,949"	"72,517"	264	"-33,501"	"-2,074"	"-35,575"	"-35,644"	-0.82	-30.90%	36.41%	-30.47%	3.66%	-2.24%	-4.12%	0
3675	德微	"1,485,502.00"	"896,734"	"345,288"	"1,453"	"198,392"	"2,659"	"201,051"	"188,880"	3.51	13.36%	39.63%	16.39%	1.37%	1.45%	1.30%	1
3680	家登	"4,179,817.00"	"2,372,926"	"1,115,409"	"335,779"	"891,999"	"2,161,086"	"3,053,085"	"2,900,831"	8.09	21.34%	43.23%	16.54%	0.60%	0.92%	6.43%	1
3684	榮昌	"586,056.00"	"386,660"	"130,100"	"-3,401"	"53,904"	"3,970"	"57,874"	"57,874"	1.78	9.20%	34.02%	11.82%	-1.09%	1.63%	1.03%	0
3685	元創精密	"723,397.00"	"554,142"	"92,464"	"4,405"	"59,462"	"21,526"	"80,988"	"27,596"	0.21	8.22%	23.40%	10.62%	0.06%	0.22%	-0.32%	0
3687	歐買尬	"987,324.00"	"588,981"	"225,159"	"24,504"	"137,409"	"-8,064"	"129,345"	"16,049"	0.6	13.92%	40.35%	17.54%	-0.37%	-0.67%	-0.68%	0
3689	湧德	"4,144,932.00"	"2,918,265"	"710,627"	"13,365"	"413,468"	"122,319"	"535,787"	"520,607"	4.47	9.98%	29.59%	12.45%	-0.66%	0.69%	0.34%	0
3691	碩禾	"5,149,797.00"	"4,411,308"	"478,458"	"155,908"	"350,241"	"-84,827"	"265,414"	"251,051"	3.34	6.80%	14.34%	5.05%	-3.94%	-5.29%	-4.91%	0
3693	營邦	"4,096,640.00"	"3,024,717"	"651,363"	"55,650"	"380,806"	"13,061"	"393,867"	"384,010"	8.66	9.30%	26.17%	10.27%	2.95%	7.18%	5.71%	1
3707	漢磊	"3,329,828.00"	"3,049,401"	"352,941"	"36,288"	"-102,414"	"-1,108"	"-103,522"	"-225,192"	-0.57	-3.08%	8.42%	-2.18%	3.36%	3.83%	3.13%	1
3709	鑫聯大投控	"27,412,574.00"	"25,629,806"	"666,009"	"10,387"	"820,975"	"62,546"	"883,521"	"885,036"	6.54	2.99%	6.50%	4.07%	-1.10%	-0.87%	-0.93%	0
3710	連展投控	"3,836,094.00"	"3,147,369"	"889,063"	"-167,773"	"-381,280"	"145,517"	"-235,763"	"-269,424"	-1.41	-9.94%	17.95%	-5.22%	0.19%	0.17%	1.76%	1
3713	新晶投控	"238,043.00"	"179,903"	"47,367"	"-22,311"	"-15,661"	1	"-15,660"	"-17,421"	-0.2	-6.58%	24.42%	4.53%	1.57%	10.41%	18.13%	1
4102	永日	"276,030.00"	"209,155"	"59,909"	"1,402"	"7,389"	"5,241"	"12,630"	"10,906"	0.13	2.68%	24.23%	2.52%	-2.32%	-0.19%	-1.08%	0
4105	東洋	"3,172,151.00"	"1,290,202"	"904,845"	"141,121"	"897,622"	"-19,042"	"878,580"	"835,664"	3.42	28.30%	59.33%	30.80%	-0.67%	-1.12%	-2.16%	0
4107	邦特	"1,134,636.00"	"620,091"	"142,393"	"10,304"	"297,257"	"4,828"	"302,085"	"302,085"	4.29	26.20%	45.35%	32.80%	0.14%	0.59%	-0.33%	0
4109	加捷生醫	"268,119.00"	"193,928"	"71,715"	"-30,331"	"-34,031"	-862	"-34,893"	"-35,378"	-0.29	-12.69%	27.67%	0.92%	-0.62%	-1.12%	-26.33%	0
4111	濟生	"731,867.00"	"443,781"	"178,353"	"18,798"	"98,283"	78	"98,361"		1.64	13.43%	39.36%	14.99%	-1.63%	-1.22%	-1.68%	0
4113	聯上	"188,026.00"	"151,416"	"61,334"	"-80,895"	"-106,109"	0	"-106,109"		-0.46	-56.43%	19.47%	-13.15%	-25.04%	55.93%	173.10%	0
4114	健喬	"3,549,913.00"	"2,115,978"	"1,026,692"	"27,328"	"320,661"	148	"320,809"	"430,306"	0.8	9.03%	40.39%	11.47%	-1.93%	0.21%	0.73%	0
4116	明基醫	"2,753,810.00"	"1,865,165"	"729,377"	"53,792"	"155,790"	"-13,305"	"142,485"	"69,756"	1.61	5.66%	32.27%	5.78%	0.02%	0.54%	1.89%	1
4120	友華	"2,339,899.00"	"1,182,901"	"1,261,218"	"56,047"	"-162,977"	"-484,135"	"-647,112"	"-690,625"	-2.4	-6.97%	49.45%	-4.45%	-2.56%	-6.29%	-6.65%	0
4121	優盛	"1,885,058.00"	"1,247,498"	"685,506"	"13,703"	"-38,306"	"9,297"	"-29,009"	"-16,150"	-0.32	-2.03%	33.82%	-2.54%	-0.06%	-0.20%	-0.47%	0
4123	晟德	"898,039.00"	"492,378"	"283,006"	"-10,619,516"	"-8,481,202"	"10,088"	"-8,471,114"	"-8,471,115"	-11.24	-944.41%	45.17%	13.66%	-1.41%	-0.52%	-1366.23%	0
4126	太醫	"1,184,631.00"	"798,135"	"135,023"	"16,007"	"215,710"		"215,710"		2.97	18.21%	32.63%	21.23%	1.33%	1.19%	0.25%	1
4127	天良	"383,002.00"	"152,646"	"202,860"	"19,966"	"48,371"	"-3,160"	"45,211"	"45,211"	1.06	12.63%	60.14%	7.18%	0.41%	-1.74%	-4.63%	0
4128	中天	"980,917.00"	"604,077"	"644,946"	"768,879"	"500,773"	"-41,319"	"459,454"	"562,636"	1.1	51.05%	38.42%	-27.33%	-0.60%	-4.53%	100.67%	0
4129	聯合	"3,059,504.00"	"641,920"	"2,109,868"	"-2,192"	"227,509"	"10,599"	"238,108"	"237,551"	2.35	7.44%	79.02%	10.06%	-0.57%	2.08%	1.55%	0
4131	浩泰	"156,170.00"	"87,803"	"63,773"	"-3,018"	-236		-236	"-2,515"	-0.06	-0.15%	43.78%	2.94%	-6.96%	2.70%	2.04%	0
4138	曜亞	"687,173.00"	"398,027"	"208,340"	"21,376"	"82,081"	"1,863"	"83,944"	"75,156"	1.83	11.94%	42.08%	11.76%	1.58%	1.77%	1.67%	1
4147	中裕	"321,916.00"	"139,109"	"255,210"	"16,024"	"-56,379"	"2,619"	"-53,760"	"-53,760"	-0.21	-17.51%	56.79%	-22.49%	-5.71%	-23.85%	-27.36%	0
4153	鈺緯	"467,962.00"	"334,123"	"75,320"	"1,070"	"56,137"	-734	"55,403"	"55,403"	0.96	12.00%	28.60%	12.51%	0.76%	0.24%	0.88%	1
4160	訊聯基因	"299,758.00"	"176,754"	"125,495"	"6,960"	"6,519"	"-114,855"	"-108,336"	"-108,479"	0.24	2.17%	41.03%	-0.83%	0.68%	0.86%	2.02%	1
4161	聿新科	"461,887.00"	"332,763"	"92,868"	"29,023"	"54,985"	"2,297"	"57,282"	"58,413"	0.96	11.90%	27.96%	7.85%	-1.20%	-1.80%	4.27%	0
4162	智擎	"497,811.00"	"34,186"	"217,281"	"62,333"	"271,250"		"271,250"		1.89	54.49%	93.13%	49.49%	-0.51%	-4.68%	-2.73%	0
4163	鐿鈦	"1,304,387.00"	"753,627"	"391,313"	"12,507"	"141,996"	"3,648"	"145,644"	"148,063"	2.95	10.89%	42.22%	12.22%	-0.65%	0.64%	0.87%	0
4166	友霖	"758,297.00"	"347,873"	"285,822"	"4,181"	"96,153"	"-1,598"	"94,555"	"94,555"	0.4	12.68%	54.12%	16.43%	-1.73%	2.35%	0.99%	0
4167	松瑞藥	"519,518.00"	"342,324"	"142,289"	"839,444"	"862,850"	989	"863,839"	"863,856"	2.6	166.09%	34.11%	6.72%	3.13%	-1.45%	127.47%	0
4168	醣聯	"13,954.00"	"8,187"	"143,190"	"6,632"	"-130,827"	-786	"-131,613"	"-131,613"	-1.16	-937.56%	41.33%	-984.83%	-3.92%	-318.43%	-308.64%	0
4171	瑞基	"112,305.00"	"26,547"	"108,302"	"11,238"	"-10,875"	"1,642"	"-9,233"	"-8,023"	-0.16	-9.68%	76.36%	-20.07%	4.56%	6.88%	2.21%	1
4173	久裕	"787,610.00"	"635,221"	"113,823"	"-1,303"	"30,975"	"-75,214"	"-44,239"	"-44,239"	0.42	3.93%	19.35%	4.90%	-1.03%	-0.74%	-0.73%	0
4174	浩鼎	"20,844.00"	"62,396"	"623,816"	"-101,138"	"-772,396"	"4,031"	"-768,365"	"-634,011"	-4.85	-3705.60%	-199.35%	-3192.13%	298.06%	4974.69%	5343.59%	1
4175	杏一	"3,963,117.00"	"2,633,142"	"1,227,543"	"-21,106"	"77,121"	"8,983"	"86,104"	"86,184"	1.82	1.95%	33.56%	2.58%	0.09%	0.85%	0.98%	1
4183	福永生技	"168,963.00"	"139,591"	"45,237"	"1,204"	"-13,756"		"-13,756"		-0.58	-8.14%	17.38%	-9.39%	2.11%	14.74%	11.25%	1
4188	安克	"13,105.00"	"7,519"	"46,379"	"5,275"	"-35,530"	"22,500"	"-13,030"	"-6,129"	-0.45	-271.12%	42.62%	-311.28%	-6.13%	-24.60%	-15.88%	0
4192	杏國	"12,398.00"	"4,182"	"35,413"	760	"-26,437"	-14	"-26,451"	"-26,451"	-0.75	-213.24%	66.27%	-219.37%	2.22%	-0.37%	-1.31%	0
4198	欣大健康	"72,869.00"	"47,130"	"51,010"	"5,911"	"-20,428"	"-3,660"	"-24,088"	"-22,501"	-0.78	-28.03%	35.32%	-34.68%	-1.08%	-7.77%	-4.36%	0
4205	中華食	"984,434.00"	"622,497"	"153,213"	"9,750"	"180,528"	"1,596"	"182,124"		1.85	18.34%	36.77%	21.20%	0.43%	-0.04%	0.71%	0
4207	環泰	"2,834,315.00"	"2,309,330"	"190,055"	"5,130"	"244,910"	"-60,188"	"184,722"	"165,785"	0.95	8.64%	18.52%	11.82%	-1.55%	-1.62%	-1.20%	0
4303	信立	"515,042.00"	"411,460"	"99,075"	"21,561"	"-22,329"	"4,142"	"-18,187"	"-20,213"	-0.26	-4.34%	20.11%	0.88%	0.59%	-1.53%	16.70%	0
4304	勝昱	"189,323.00"	"151,202"	"35,514"	"-5,597"	"-2,990"	303	"-2,687"	"-2,687"	-0.05	-1.58%	20.14%	1.38%	6.05%	8.68%	6.98%	1
4305	世坤	"498,925.00"	"326,858"	"52,080"	"33,540"	"122,913"		"122,913"		2.23	24.64%	34.49%	24.05%	0.57%	2.11%	-1.98%	0
4401	東隆興	"1,935,185.00"	"1,771,692"	"103,037"	"32,505"	"76,459"	"4,383"	"80,842"	"77,703"	0.6	3.95%	8.45%	3.12%	0.22%	0.56%	1.69%	1
4402	郡都開發	"11,624.00"	"10,237"	"13,862"	"4,411"	"-8,064"		"-8,064"	"-7,129"	-0.1	-69.37%	11.93%	-107.32%	2.75%	4.47%	3.86%	1
4406	新昕纖	"105,006.00"	"110,591"	"23,772"	"7,338"	"-22,019"	"10,030"	"-11,989"		-0.42	-20.97%	-5.32%	-27.96%	0.73%	-6.90%	0.52%	0
4413	飛寶企業	"239,798.00"	"191,571"	"50,505"	"4,290"	"2,012"	-1	"2,011"	"2,011"	0.06	0.84%	20.11%	-0.95%	-1.77%	-1.34%	-3.10%	0
4416	三圓	"2,157,850.00"	"942,652"	"89,647"	"-830,720"	"275,842"	"-1,325"	"274,517"	"274,517"	3.87	12.78%	56.32%	52.16%	10.43%	9.37%	10.51%	1
4417	金洲	"1,548,813.00"	"1,048,219"	"158,015"	"-39,800"	"211,906"	"44,652"	"256,558"	"246,207"	2.33	13.68%	32.32%	22.12%	1.86%	1.97%	1.96%	1
4419	皇家美食	"1,386,794.00"	"993,400"	"462,989"	"-11,127"	"-80,436"	0	"-80,436"	"-97,376"	-0.57	-5.80%	28.37%	-5.02%	-1.33%	-2.13%	-1.96%	0
4420	光明	"478,162.00"	"443,732"	"23,821"	"35,064"	"37,932"	"-1,850"	"36,082"		0.94	7.93%	7.20%	2.22%	1.14%	1.41%	5.02%	1
4430	耀億	"1,144,970.00"	"896,246"	"225,575"	"1,154"	"6,929"	"42,811"	"49,740"	"49,740"	0.12	0.61%	21.72%	2.02%	-0.37%	-0.96%	-1.75%	0
4432	銘旺實	"448,947.00"	"345,180"	"103,725"	"161,577"	"149,617"	"6,141"	"155,758"	"155,758"	2.96	33.33%	23.11%	0.01%	-1.96%	-2.61%	-29.91%	0
4433	興采	"1,111,616.00"	"973,625"	"275,425"	"148,622"	"-19,031"	"14,006"	"-5,025"	"-76,359"	-1.38	-1.71%	12.41%	-12.36%	-3.81%	-5.45%	-13.12%	0
4502	健信	"573,582.00"	"470,101"	"107,097"	"15,224"	"10,157"	"-8,196"	"1,961"	"2,930"	0.2	1.77%	18.04%	-0.63%	-1.98%	0.09%	-0.60%	0
4503	金雨	"343,178.00"	"210,657"	"50,302"	"117,595"	"178,475"	"1,923"	"180,398"	"180,417"	2.28	52.01%	38.62%	23.96%	2.25%	0.34%	12.96%	1
4506	崇友	"3,395,769.00"	"2,247,176"	"348,526"	"156,031"	"788,548"	"6,976"	"795,524"	"795,336"	4.45	23.22%	33.82%	23.56%	0.29%	-0.24%	2.68%	0
4510	高鋒	"905,127.00"	"769,765"	"198,579"	"316,556"	"243,701"	"-50,030"	"193,671"	"86,646"	1.26	26.92%	14.96%	-6.98%	-3.29%	-4.76%	17.04%	0
4513	福裕	"1,328,255.00"	"1,169,072"	"162,650"	"5,185"	"-7,046"	"3,256"	"-3,790"	"-3,790"	-0.05	-0.53%	11.98%	-0.26%	-7.77%	-1.19%	-1.91%	0
4523	永彰	"580,651.00"	"463,135"	"173,174"	"9,876"	"-71,594"	"4,097"	"-67,497"	"-54,760"	-0.92	-12.33%	20.24%	-9.59%	2.17%	-3.73%	-7.25%	0
4527	方方土霖	"1,322,114.00"	"979,235"	"188,210"	"8,961"	"127,175"	"21,854"	"149,029"	"143,856"	1.65	9.62%	25.93%	11.70%	-0.10%	1.25%	0.90%	0
4528	江興鍛	"714,332.00"	"631,259"	"117,040"	"-10,305"	"-51,736"	"102,158"	"50,422"	"50,422"	-0.61	-7.24%	11.63%	-4.76%	-1.45%	-1.60%	-3.33%	0
4529	淳紳	"9,825.00"	"5,647"	"22,737"	"-6,265"	"-25,313"	"-24,219"	"-49,532"	"-49,418"	-0.3	-257.64%	42.52%	-188.90%	2.41%	716.37%	878.80%	1
4530	天意能創	"173,677.00"	"159,641"	"37,125"	"1,055"	"-26,351"	23	"-26,328"	"-20,766"	-0.58	-15.17%	8.08%	-13.29%	-16.52%	-13.99%	-11.85%	0
4533	協易機	"1,905,868.00"	"1,494,121"	"460,486"	"76,823"	"20,460"	"-5,864"	"14,596"	"14,596"	0.13	1.07%	21.60%	-2.56%	-4.34%	-4.20%	-2.52%	0
4534	慶騰	"490,444.00"	"412,014"	"80,897"	"6,429"	"-6,387"	"17,950"	"11,563"	"11,563"	-0.07	-1.30%	15.99%	-0.50%	-0.32%	1.70%	-1.91%	0
4535	至興	"1,258,961.00"	"1,040,032"	"108,888"	"21,554"	"89,204"	"12,989"	"102,193"	"56,256"	0.58	7.09%	17.39%	8.74%	-0.26%	-0.19%	-0.72%	0
4538	大詠城	"191,091.00"	"159,968"	"21,250"	"6,698"	"12,813"		"12,813"		0.22	6.71%	16.29%	5.17%	-0.23%	0.32%	-0.28%	0
4541	晟田	"1,000,527.00"	"759,680"	"81,005"	"-3,510"	"132,125"		"132,125"		1.95	13.21%	24.07%	15.98%	3.55%	4.42%	3.05%	1
4542	科嶠	"554,965.00"	"338,744"	"150,475"	"2,569"	"50,170"	"26,212"	"76,382"	"76,560"	1.49	9.04%	38.96%	11.85%	-0.22%	3.45%	2.69%	0
4543	萬在	"486,068.00"	"330,881"	"77,940"	"25,532"	"81,898"	"-1,286"	"80,612"	"80,612"	1.37	16.85%	31.93%	15.89%	-2.13%	-1.51%	-1.73%	0
4549	桓達	"573,468.00"	"213,919"	"223,626"	"26,142"	"129,778"	"10,923"	"140,701"	"140,712"	2.28	22.63%	62.70%	23.70%	0.32%	4.67%	6.70%	1
4550	長佳	"365,132.00"	"283,716"	"42,922"	"3,278"	"33,451"	345	"33,796"	"33,796"	0.88	9.16%	22.30%	10.54%	-0.47%	-2.47%	-1.60%	0
4554	橙的	"266,642.00"	"148,882"	"99,854"	"7,894"	"24,121"	"-3,612"	"20,509"	"20,509"	0.92	9.05%	44.16%	6.72%	5.38%	10.12%	8.11%	1
4556	旭然	"343,843.00"	"213,103"	"106,406"	"-1,725"	"15,726"	"13,726"	"29,452"	"29,452"	0.37	4.57%	38.02%	7.08%	1.49%	0.37%	1.23%	1
4558	寶緯	"885,823.00"	"789,217"	"53,347"	"-10,214"	"25,255"		"25,255"		0.5	2.85%	10.91%	4.88%	-0.27%	1.22%	1.83%	0
4561	健椿	"563,524.00"	"419,077"	"71,129"	"5,832"	"63,791"		"63,791"		1.09	11.32%	25.63%	13.01%	2.61%	6.26%	4.93%	1
4563	百德	"1,290,221.00"	"929,791"	"293,334"	"-84,357"	"-29,671"	"12,260"	"-17,411"	"-12,884"	-0.4	-2.30%	27.94%	5.20%	0.76%	2.62%	3.59%	1
4568	科際精密	"597,988.00"	"435,547"	"145,048"	"2,652"	"16,180"	"9,995"	"26,175"	"26,175"	0.51	2.71%	27.16%	2.91%	-2.15%	-2.66%	-2.64%	0
4577	達航科技	"453,906.00"	"342,506"	"105,444"	"-9,627"	"-3,745"	"5,497"	"1,752"	"1,752"	-0.08	-0.83%	24.54%	1.31%	2.70%	5.50%	4.04%	1
4580	捷流閥業	"1,167,244.00"	"837,458"	"197,755"	"48,614"	"148,977"	"34,379"	"183,356"	"183,356"	3.18	12.76%	28.25%	11.31%	-0.28%	0.25%	-1.61%	0
4584	君帆	"538,853.00"	"378,818"	"139,010"	"3,062"	"31,135"	"25,777"	"56,912"	"56,912"	1.04	5.78%	29.70%	3.90%	-0.46%	-1.79%	-4.61%	0
4609	唐鋒	"70,477.00"	"62,876"	"47,674"	"32,213"	"-7,860"	"-4,475"	"-12,335"	"-12,335"	-0.16	-11.15%	10.79%	-56.86%	10.20%	58.86%	8.91%	1
4702	中美實	"36,808.00"	"23,406"	"33,932"	"81,969"	"55,486"	"1,275"	"56,761"	"56,761"	0.77	150.74%	36.41%	-55.78%	-0.86%	-18.38%	18.05%	0
4706	大恭	"592,591.00"	"477,532"	"73,269"	"12,791"	"43,164"	"14,600"	"57,764"	"57,753"	0.55	7.28%	19.42%	7.05%	-0.07%	0.34%	-0.46%	0
4707	磐亞	"617,162.00"	"593,604"	"48,399"	"308,943"	"279,233"	"1,883,650"	"2,162,883"		0.69	45.24%	3.82%	-4.03%	7.85%	6.65%	11.13%	1
4711	永純	"432,159.00"	"342,477"	"41,100"	"4,258"	"42,796"		"42,796"	"42,796"	0.7	9.90%	20.75%	11.24%	2.08%	3.22%	2.36%	1
4714	永捷	"1,184,522.00"	"1,011,027"	"195,280"	"30,662"	"-40,822"	"-88,936"	"-129,758"	"-110,253"	-0.1	-3.45%	14.65%	-1.84%	1.66%	-1.37%	0.71%	0
4716	大立	"265,288.00"	"222,343"	"72,960"	"42,999"	"12,352"	"-1,003"	"11,349"	"12,592"	0.14	4.66%	16.19%	-11.31%	1.84%	-0.29%	-7.12%	0
4721	美琪瑪	"1,574,765.00"	"1,162,775"	"90,079"	"8,540"	"262,926"	490	"263,416"	"263,416"	3.51	16.70%	26.16%	20.44%	0.50%	0.31%	0.22%	1
4726	永昕	"399,907.00"	"477,339"	"101,464"	"-27,168"	"-199,579"	62	"-199,517"	"-199,517"	-0.96	-49.91%	-19.36%	-44.73%	10.65%	10.75%	9.53%	1
4728	雙美	"1,183,086.00"	"231,208"	"330,198"	"16,686"	"464,013"	"8,159"	"472,172"	"472,172"	8.52	39.22%	80.46%	52.55%	1.54%	0.78%	-0.01%	0
4729	熒茂	"527,677.00"	"409,558"	"124,197"	"50,639"	"30,754"	"51,554"	"82,308"	"76,226"	0.34	5.83%	22.38%	-1.15%	-2.23%	-2.55%	3.77%	0
4735	豪展	"488,288.00"	"336,473"	"113,886"	"139,465"	"168,361"	"23,936"	"192,297"	"192,297"	4.37	34.48%	31.09%	7.77%	-2.03%	3.31%	13.10%	0
4741	泓瀚	"280,328.00"	"181,359"	"74,065"	"5,184"	"28,539"	-741	"27,798"	"28,376"	0.83	10.18%	35.30%	8.88%	0.00%	2.57%	1.70%	0
4743	合一	"76,528.00"	"48,935"	"429,691"	"506,677"	"98,652"	"-205,726"	"-107,074"	"-106,662"	0.21	128.91%	36.06%	-525.43%	17.26%	11.50%	538.23%	1
4744	皇將	"430,946.00"	"206,289"	"257,344"	"15,615"	"-15,173"	"-17,732"	"-32,905"	"-32,905"	-0.27	-3.52%	52.13%	-7.58%	8.42%	1.17%	-0.95%	0
4747	強生製藥	"293,136.00"	"180,269"	"82,126"	"50,432"	"76,750"	-46	"76,704"	"76,704"	1.69	26.18%	38.50%	10.49%	-1.30%	0.45%	-19.05%	0
4749	新應材	"2,478,420.00"	"1,363,831"	"491,502"	"147,857"	"642,639"	"123,739"	"766,378"	"767,649"	6.94	25.93%	44.97%	25.14%	-0.44%	-1.92%	-1.27%	0
4754	國碳科	"351,212.00"	"173,197"	"98,739"	"4,934"	"66,877"	"2,540"	"69,417"	"69,417"	2.21	19.04%	50.69%	22.57%	1.42%	2.17%	0.63%	1
4760	勤凱科技	"1,338,240.00"	"1,084,801"	"67,420"	"19,554"	"166,341"	"233,668"	"400,009"		5.26	12.43%	18.94%	13.90%	-0.80%	-0.31%	-0.43%	0
4767	誠泰科技	"461,071.00"	"320,459"	"85,558"	"5,636"	"52,243"	"21,884"	"74,127"	"74,162"	1.67	11.33%	30.50%	11.94%	3.21%	3.22%	3.46%	1
4768	晶呈科技	"821,214.00"	"669,271"	"174,511"	"-13,596"	"-51,299"	"5,950"	"-45,349"	"-41,277"	-0.99	-6.25%	18.50%	-2.75%	5.11%	1.41%	1.04%	1
4772	台特化	"1,749,937.00"	"849,727"	"187,924"	"-6,444"	"556,287"	"29,079"	"585,366"	"425,052"	2.83	31.79%	51.44%	40.70%	0.48%	0.47%	0.66%	1
4806	桂田文創	"103,127.00"	"79,330"	"45,337"	"12,056"	"-9,502"	-12	"-9,514"	"-9,514"	-0.14	-9.21%	23.08%	-20.89%	-13.83%	-13.71%	-1.84%	0
4903	聯光通	"816,627.00"	"737,131"	"51,933"	"4,109"	"27,491"	"8,720"	"36,211"	"36,211"	0.26	3.37%	9.73%	3.38%	2.20%	1.99%	-7.45%	0
4905	台聯電	"445,521.00"	"323,955"	"126,103"	"273,668"	"255,552"	"52,873"	"308,425"	"287,546"	8.07	57.36%	27.29%	-1.02%	-0.46%	-1.62%	29.49%	0
4907	富宇	"2,447,908.00"	"1,369,184"	"115,752"	"3,857"	"767,965"	"8,640"	"776,605"		6.5	31.37%	44.07%	39.34%	-1.36%	-1.32%	-1.20%	0
4908	前鼎	"520,704.00"	"279,777"	"115,271"	"13,556"	"111,370"	"4,598"	"115,968"		1.42	21.39%	46.27%	24.13%	-0.59%	-0.59%	-0.92%	0
4909	新復興	"103,475.00"	"129,388"	"30,746"	"54,011"	"-8,089"	-352	"-8,441"	"-8,441"	-0.09	-7.82%	-25.04%	-54.76%	-5.22%	-2.83%	-16.15%	0
4911	德英	"66,661.00"	"19,756"	"33,672"	"3,960"	"22,768"		"22,768"		0.33	34.15%	70.36%	19.85%	0.38%	3.34%	-12.06%	0
4923	力士	"515,457.00"	"371,626"	"142,585"	"15,018"	"16,698"	35	"16,733"	"16,733"	0.5	3.24%	27.90%	0.24%	0.24%	5.31%	1.91%	1
4931	新盛力	"1,904,638.00"	"1,470,165"	"168,511"	"35,831"	"241,636"	"10,743"	"252,379"	"252,379"	3.69	12.69%	22.81%	13.96%	0.73%	1.56%	0.42%	1
4933	友輝	"1,416,375.00"	"961,874"	"220,019"	"36,546"	"239,802"	"152,361"	"392,163"	"392,163"	2.91	16.93%	32.09%	16.56%	-0.84%	-1.80%	-4.35%	0
4939	亞電	"749,246.00"	"544,601"	"152,021"	"21,452"	"52,396"	"137,465"	"189,861"	"189,861"	0.53	6.99%	27.31%	7.02%	-1.26%	2.73%	-0.62%	0
4946	辣椒	"153,418.00"	"100,616"	"64,060"	"33,746"	"22,488"	0	"22,488"	"22,829"	2.6	14.66%	34.42%	-7.34%	-5.84%	-2.41%	10.39%	0
4950	金耘國際	"640,039.00"	"517,192"	"58,485"	"8,297"	"56,319"	"-3,792"	"52,527"	"34,475"	0.64	8.80%	19.19%	10.06%	1.06%	2.26%	2.01%	1
4951	精拓科	"267,107.00"	"62,705"	"121,357"	"32,446"	"102,549"	-407	"102,142"	"102,142"	3	38.39%	76.52%	31.09%	0.10%	2.02%	-6.28%	0
4953	緯致	"7,022,384.00"	"5,996,670"	"603,413"	"11,203"	"352,201"	"140,288"	"492,489"	"492,489"	4.88	5.02%	14.61%	6.01%	0.37%	0.29%	0.03%	1
4966	譜瑞-KY	"8,239,156.00"	"4,923,076"	"2,180,216"	"91,860"	"1,122,529"	"339,866"	"1,462,395"	"1,462,395"	14.43	13.62%	40.25%	13.79%	-0.05%	0.25%	0.36%	0
4972	湯石照明	"498,373.00"	"384,256"	"196,843"	"24,360"	"-49,404"	"47,037"	"-2,367"	"-2,367"	-0.88	-9.91%	22.90%	-16.60%	0.79%	4.85%	2.78%	1
4973	廣穎電通	"4,523,831.00"	"2,768,479"	"539,642"	"12,633"	"980,670"	"457,881"	"1,438,551"	"1,438,551"	15.29	21.68%	38.80%	26.87%	-3.34%	-1.43%	-1.31%	0
4974	亞泰	"2,009,499.00"	"1,727,518"	"89,509"	"34,313"	"180,756"	"93,181"	"273,937"	"273,937"	2.49	9.00%	14.03%	9.58%	0.95%	0.79%	0.68%	1
4979	華星光	"2,482,586.00"	"1,889,906"	"105,579"	"46,937"	"413,906"	"63,777"	"477,683"	"477,683"	2.91	16.67%	23.87%	19.62%	-1.54%	-1.38%	-2.57%	0
4995	晶達	"708,153.00"	"486,770"	"146,687"	"2,694"	"77,258"	"1,428"	"78,686"	"78,686"	1.82	10.91%	31.26%	10.55%	-1.87%	-2.20%	-1.54%	0
5009	榮剛	"6,091,166.00"	"4,624,415"	"765,499"	"29,706"	"592,278"	"60,778"	"653,056"	"627,766"	1	9.72%	24.08%	11.51%	-0.30%	0.35%	-0.26%	0
5011	久陽	"2,176,927.00"	"2,039,629"	"83,104"	"12,462"	"52,523"	"-70,517"	"-17,994"	"-23,740"	0.46	2.41%	6.31%	2.49%	0.01%	-1.06%	-2.51%	0
5013	強新	"4,146,937.00"	"3,573,409"	"237,879"	"-10,957"	"231,214"	"114,925"	"346,139"	"247,087"	1.36	5.58%	13.83%	8.09%	2.38%	2.37%	1.39%	1
5014	建錩	"8,046,582.00"	"7,647,231"	"230,172"	"-174,467"	"-34,881"	"129,139"	"94,258"	"94,139"	-0.19	-0.43%	4.96%	2.10%	-0.39%	-0.30%	-2.04%	0
5015	華祺	"597,293.00"	"475,204"	"105,381"	"27,201"	"35,071"	"-33,761"	"1,310"	"1,310"	0.58	5.87%	20.44%	2.80%	2.09%	4.66%	0.38%	1
5016	松和	"1,110,034.00"	"976,029"	"62,501"	"-1,174"	"55,704"	"1,081"	"56,785"	"56,668"	1.12	5.02%	12.07%	6.44%	1.52%	1.90%	1.34%	1
5201	凱衛	"121,666.00"	"81,047"	"83,841"	"10,668"	"-31,327"	-15	"-31,342"	"-30,073"	-0.78	-25.75%	33.39%	-35.53%	1.61%	-5.93%	17.55%	0
5202	力新	"69,077.00"	"19,150"	"85,825"	"-57,249"	"-93,833"	"4,661"	"-89,172"	"-89,172"	-1.05	-135.84%	72.28%	-51.97%	-0.04%	9.36%	-80.40%	0
5205	中茂	"16,241.00"	"15,264"	"13,198"	148	"-12,114"		"-12,114"	"-11,997"	-0.89	-74.59%	6.02%	-75.25%	-7.71%	-13.64%	-12.60%	0
5206	坤悅	"2,284,824.00"	"1,367,062"	"204,961"	"11,245"	"575,949"		"575,949"	"575,949"	3.2	25.21%	40.17%	31.20%	0.17%	-0.11%	0.28%	0
5209	新鼎	"1,771,742.00"	"1,430,141"	"79,947"	"41,151"	"248,495"	"4,689"	"253,184"	"253,184"	8.72	14.03%	19.28%	14.77%	1.28%	1.14%	2.71%	1
5210	寶碩	"131,742.00"	"38,996"	"82,030"	"20,099"	"41,425"	"2,867"	"44,292"	"44,292"	0.5	31.44%	70.40%	8.13%	11.96%	0.85%	1.03%	1
5211	蒙恬	"128,933.00"	"72,273"	"66,096"	"3,432"	"-6,379"	"2,568"	"-3,811"	"-5,731"	-0.26	-4.95%	43.95%	-7.32%	0.73%	7.83%	5.49%	1
5212	凌網	"502,012.00"	"247,004"	"186,940"	"1,133"	"58,324"	"14,184"	"72,508"	"70,998"	1.64	11.62%	50.80%	13.56%	4.05%	4.65%	4.10%	1
5213	亞昕	"4,612,839.00"	"3,170,025"	"598,482"	"-255,757"	"227,845"	"20,011"	"247,856"	"231,029"	0.3	4.94%	31.28%	18.30%	2.08%	6.49%	12.51%	1
5220	萬達光電	"533,553.00"	"421,953"	"82,609"	924	"26,448"	185	"26,633"	"26,633"	0.67	4.96%	20.92%	5.43%	-0.97%	-0.82%	-1.69%	0
5223	安力-KY	"927,020.00"	"795,252"	"149,357"	"-4,972"	"-29,526"	"435,573"	"406,047"	"406,047"	-0.66	-3.19%	14.21%	-1.90%	0.99%	1.39%	1.20%	1
5227	立凱-KY	"58,546.00"	"122,743"	"132,010"	"1,346"	"-194,861"	150	"-194,711"	"-194,711"	-2.87	-332.83%	-109.65%	-335.13%	-38.95%	-143.02%	-138.44%	0
5228	鈺鎧	"381,734.00"	"250,715"	"63,562"	-771	"68,476"	129	"68,605"		1.8	17.94%	34.32%	17.67%	-3.03%	-2.54%	-2.93%	0
5230	雷笛克光學	"657,709.00"	"481,717"	"186,209"	787	"-10,026"	"60,877"	"50,851"	"50,940"	-0.18	-1.52%	26.76%	-1.55%	0.95%	3.18%	3.53%	1
5245	智晶	"387,313.00"	"364,423"	"81,645"	"-5,721"	"-66,101"		"-66,101"	"-66,101"	-1.44	-17.07%	5.91%	-15.17%	3.78%	8.29%	4.83%	1
5251	天鉞電	"185,159.00"	"105,289"	"71,418"	"18,181"	"26,812"	"3,957"	"30,769"	"30,769"	0.79	14.48%	43.14%	4.56%	-0.14%	-0.60%	10.66%	0
5263	智崴	"856,317.00"	"477,084"	"339,285"	"68,571"	"76,577"	"31,596"	"108,173"	"108,173"	1.08	8.94%	44.29%	4.67%	-6.37%	1.56%	-5.41%	0
5272	笙科	"160,691.00"	"99,951"	"118,170"	"-1,048"	"-58,797"	"15,689"	"-43,108"		-1.06	-36.59%	37.80%	-35.74%	-3.29%	9.94%	8.55%	0
5274	信驊	"7,018,166.00"	"2,053,647"	"1,219,611"	"288,667"	"3,256,025"	"-30,100"	"3,225,925"	"3,225,041"	78.28	46.39%	70.74%	53.36%	1.56%	0.64%	1.45%	1
5278	尚凡*	"1,395,962.00"	"618,000"	"564,253"	"136,470"	"259,331"	"118,179"	"377,510"	"275,817"	0.63	18.58%	55.73%	15.31%	1.82%	3.24%	-0.40%	0
5287	數字	"1,136,249.00"	"362,104"	"338,996"	"116,136"	"461,179"	"66,719"	"527,898"	"527,720"	7.68	40.59%	68.13%	38.30%	-0.02%	-0.19%	8.27%	0
5289	宜鼎	"35,626,019.00"	"13,245,050"	"2,385,049"	"135,491"	"15,883,392"	"8,453"	"15,891,845"	"15,842,864"	166.45	44.58%	62.82%	56.13%	3.72%	4.16%	3.03%	1
5291	邑昇	"713,583.00"	"558,457"	"105,193"	-444	"35,518"	"15,339"	"50,857"	"52,005"	0.92	4.98%	21.74%	7.00%	1.65%	2.67%	2.98%	1
5299	杰力	"789,773.00"	"522,554"	"172,283"	"168,288"	"238,760"	"3,637"	"242,397"	"242,397"	4.69	30.23%	33.83%	12.02%	-0.64%	-1.16%	8.48%	0
5301	寶得利	"91,890.00"	"14,163"	"104,329"	"-3,234"	"-29,836"	489	"-29,347"	"-26,687"	-0.41	-32.47%	84.59%	-28.95%	0.82%	-7.68%	-9.92%	0
5302	太欣	"13,466.00"	"9,277"	"25,691"	"8,331"	"-13,169"	120	"-13,049"	"-12,549"	-0.08	-97.79%	31.11%	-159.68%	4.85%	6.84%	-5.55%	0
5309	系統電	"1,760,379.00"	"1,346,330"	"509,248"	"79,035"	"-16,802"	"44,205"	"27,403"	"56,090"	0.06	-0.95%	23.52%	-5.41%	-1.34%	-1.94%	-1.39%	0
5310	天剛	323	291	"16,446"	"80,767"	"61,693"		"61,693"	"61,693"	2.13	19100.00%	9.91%	-5081.73%	-0.58%	2113.43%	17795.97%	0
5312	寶島科	"2,222,432.00"	"789,488"	"1,286,459"	"114,437"	"220,205"	"727,812"	"948,017"	"948,017"	3.67	9.91%	64.48%	6.59%	0.62%	-0.29%	1.99%	0
5314	世紀*	"2,883,104.00"	"1,680,156"	"842,570"	"19,542"	"250,816"	"16,521"	"267,337"	"195,434"	0.66	8.70%	41.72%	12.50%	0.43%	1.02%	-1.04%	0
5315	光聯	"924,309.00"	"745,372"	"81,803"	"15,174"	"74,233"	"57,411"	"131,644"	"131,644"	0.7	8.03%	19.36%	10.51%	0.73%	0.24%	-1.97%	0
5321	美而快	"1,104,635.00"	"555,543"	"597,358"	"-115,997"	"-157,933"	3	"-157,930"	"-156,207"	-2.93	-14.30%	49.71%	-4.37%	1.35%	0.94%	8.27%	1
5324	士開	"480,882.00"	"271,956"	"198,860"	"-32,163"	"-23,553"	"10,458"	"-13,095"	"-21,902"	-0.13	-4.90%	43.45%	2.09%	-7.87%	4.72%	7.50%	0
5328	華容	"524,027.00"	"399,476"	"111,257"	"79,030"	"70,698"	"419,559"	"490,257"	"488,766"	0.4	13.49%	23.77%	2.54%	0.83%	3.10%	4.84%	1
5340	建榮	"1,335,335.00"	"1,039,667"	"63,118"	"11,878"	"195,542"		"195,542"		1	14.64%	22.14%	17.42%	0.95%	1.09%	0.45%	1
5344	立衛	"185,584.00"	"161,680"	"29,168"	"8,332"	"3,416"		"3,416"		0.04	1.84%	12.88%	-2.84%	0.39%	0.74%	-0.34%	0
5345	馥鴻	"21,451.00"	"15,506"	"7,507"	-127	"-1,689"		"-1,689"	"-1,689"	-0.04	-7.87%	27.71%	-7.28%	-9.05%	12.68%	18.65%	0
5347	世界	"26,776,474.00"	"18,500,975"	"3,287,982"	"762,406"	"5,057,287"	"1,491,242"	"6,548,529"	"6,294,854"	2.84	18.89%	30.91%	18.63%	1.61%	1.98%	1.62%	1
5348	正能量智能	"141,673.00"	"101,453"	"43,934"	-730	"-5,613"		"-5,613"	"-7,437"	-0.5	-3.96%	28.39%	-2.62%	-1.95%	0.22%	-0.35%	0
5351	鈺創	"7,634,098.00"	"4,076,401"	"1,249,929"	"26,263"	"2,153,954"	"1,013,198"	"3,167,152"	"3,205,532"	6.69	28.21%	46.60%	30.23%	9.96%	8.32%	6.47%	1
5353	台林	"927,530.00"	"700,241"	"170,537"	"19,129"	"71,430"	"50,581"	"122,011"	"122,011"	0.95	7.70%	24.50%	6.12%	-0.92%	-1.20%	-1.11%	0
5355	佳總	"286,593.00"	"285,379"	"47,171"	"19,407"	"-29,209"	"2,098"	"-27,111"	"-27,111"	-0.18	-10.19%	0.42%	-16.04%	10.41%	14.47%	9.76%	1
5356	協益	"1,772,355.00"	"1,558,218"	"179,783"	"73,970"	"105,279"	"78,769"	"184,048"	"184,048"	1.02	5.94%	12.08%	1.94%	0.97%	0.78%	2.21%	1
5364	力麗店	"75,680.00"	"69,700"	"28,156"	-312	"-22,488"	"-22,385"	"-44,873"	"-43,661"	-0.33	-29.71%	7.90%	-29.30%	-6.15%	-17.46%	-14.58%	0
5371	中光電	"19,396,888.00"	"16,399,964"	"3,221,825"	"176,613"	"-190,500"	"8,548,201"	"8,357,701"	"8,325,095"	-0.5	-0.98%	15.45%	-1.16%	-0.17%	0.35%	0.26%	0
5381	光譜	"970,274.00"	"674,713"	"119,978"	"-21,815"	"116,424"	"-59,519"	"56,905"	"42,110"	0.49	12.00%	30.46%	18.10%	1.11%	1.06%	0.61%	1
5386	青雲	"15,146,991.00"	"11,529,999"	"604,615"	"-105,376"	"2,323,206"	"1,995"	"2,325,201"		42.93	15.34%	23.88%	19.89%	-3.22%	-3.19%	-2.70%	0
5392	能率	"4,451,100.00"	"3,798,911"	"701,870"	"181,335"	"66,544"	"85,752"	"152,296"	"138,115"	0.4	1.50%	14.65%	-1.12%	-0.07%	-0.30%	4.28%	0
5398	慕康生醫	"68,306.00"	"54,153"	"25,602"	"7,299"	"-3,896"	"-8,055"	"-11,951"	"-11,951"	-0.08	-5.70%	20.72%	-16.76%	20.25%	26.51%	32.15%	1
5403	中菲	"1,637,999.00"	"986,016"	"328,130"	"16,005"	"269,439"	"-4,132"	"265,307"		3.58	16.45%	39.80%	19.77%	2.90%	2.79%	2.52%	1
5410	國眾	"3,317,390.00"	"2,754,377"	"326,551"	"33,768"	"222,087"	86	"222,173"	"222,219"	2.41	6.69%	16.97%	7.13%	-2.87%	-3.13%	-1.71%	0
5425	台半	"9,470,509.00"	"6,591,853"	"2,027,573"	"28,438"	"668,256"	"41,640"	"709,896"	"481,218"	1.52	7.06%	30.40%	8.99%	-0.89%	0.33%	-0.01%	0
5426	振發	"1,004,199.00"	"791,615"	"133,722"	"7,850"	"57,178"	"34,189"	"91,367"	"91,115"	0.4	5.69%	21.17%	7.85%	0.17%	-1.29%	-2.25%	0
5432	新門	"91,705.00"	"66,425"	"14,928"	"143,929"	"154,281"	"-6,607"	"147,674"		7.46	168.24%	27.57%	11.29%	-1.87%	-2.35%	154.51%	0
5438	東友	"375,596.00"	"328,984"	"119,366"	"30,358"	"-47,554"	"45,110"	"-2,444"	"-2,444"	-0.6	-12.66%	12.41%	-19.37%	2.16%	4.25%	-1.20%	0
5439	高技	"5,591,086.00"	"4,389,342"	"319,447"	"32,254"	"757,935"	-7	"757,928"	"757,928"	8.15	13.56%	21.49%	15.78%	1.16%	1.30%	0.69%	1
5443	均豪	"2,172,166.00"	"1,373,208"	"670,408"	"233,204"	"318,425"	"12,790,006"	"13,108,431"	"11,806,702"	1.27	14.66%	36.78%	5.92%	-1.56%	-4.49%	5.61%	0
5450	南良	"1,343,831.00"	"989,273"	"300,127"	"11,397"	"51,142"	"17,473"	"68,615"	"68,615"	0.42	3.81%	26.38%	4.05%	0.03%	2.19%	2.41%	1
5452	佶優	"2,444,532.00"	"2,074,318"	"245,424"	"-19,062"	"60,750"	"16,161"	"76,911"	"62,856"	0.39	2.49%	15.14%	5.10%	3.13%	4.38%	2.57%	1
5455	昇益	"8,015.00"	"4,997"	"17,180"	"-5,924"	"-30,623"	"13,056"	"-17,567"		-0.47	-382.07%	37.65%	-176.69%	1.20%	-75.55%	-249.86%	0
5457	宣德	"10,624,038.00"	"9,216,278"	"1,359,696"	"48,582"	"-54,148"	"423,059"	"368,911"	"-46,625"	-1.33	-0.51%	13.25%	0.45%	0.23%	0.87%	0.40%	1
5460	同協	"133,331.00"	"90,198"	"43,392"	"7,368"	"5,861"	"11,979"	"17,840"	"17,840"	0.1	4.40%	32.35%	-0.19%	0.20%	-1.60%	-3.04%	0
5464	霖宏	"617,365.00"	"577,650"	"95,458"	"47,568"	"-14,817"		"-14,817"	"-14,817"	-0.21	-2.40%	6.43%	-9.03%	2.07%	1.84%	-6.24%	0
5465	富驊	"2,009,633.00"	"1,673,628"	"168,963"	"11,926"	"168,554"	"131,954"	"300,508"	"250,572"	0.98	8.39%	16.72%	8.31%	2.18%	1.14%	1.89%	1
5468	凱鈺	"83,625.00"	"53,756"	"22,398"	573	"8,044"		"8,044"	"8,044"	0.14	9.62%	35.72%	8.93%	0.27%	-4.88%	-4.53%	0
5474	聰泰	"684,944.00"	"403,209"	"196,273"	"18,860"	"100,364"		"100,364"		2.52	14.65%	41.13%	12.48%	0.82%	5.33%	6.38%	1
5475	德宏	"829,522.00"	"552,231"	"128,301"	"2,499"	"151,489"	"45,254"	"196,743"	"197,015"	1.19	18.26%	33.43%	17.96%	5.11%	9.13%	8.59%	1
5478	智冠	"3,615,718.00"	"1,539,398"	"1,277,456"	"141,171"	"746,850"	"215,003"	"961,853"	"912,622"	4.71	20.66%	57.42%	22.09%	1.38%	-0.23%	0.35%	0
5481	新華	"43,113.00"	"22,736"	"34,196"	-637	"-15,176"	-1	"-15,177"	"-15,177"	-0.23	-35.20%	47.26%	-32.05%	0.40%	0.66%	-4.20%	0
5483	中美晶	"40,501,143.00"	"31,212,737"	"4,738,206"	"4,151,118"	"7,062,637"	"601,714"	"7,664,351"	"3,217,294"	5.02	17.44%	22.93%	11.23%	-0.30%	-0.64%	3.97%	0
5487	通泰	"81,954.00"	"53,673"	"39,320"	"8,595"	"-3,226"	"2,906"	-320	-320	-0.13	-3.94%	34.51%	-13.47%	-0.44%	5.41%	-0.22%	0
5488	松普	"483,705.00"	"411,481"	"54,366"	"-8,503"	"2,819"	"52,935"	"55,754"	"55,754"	0.03	0.58%	14.93%	3.69%	-3.26%	-2.67%	-2.74%	0
5489	彩富	"912,818.00"	"634,538"	"208,189"	"16,972"	"73,575"	169	"73,744"	"73,713"	0.74	8.06%	30.49%	7.68%	-0.55%	1.57%	0.74%	0
5490	同亨	"899,394.00"	"507,072"	"248,949"	"2,561"	"120,410"	"16,731"	"137,141"	"137,141"	1.29	13.39%	43.62%	15.94%	-1.09%	-1.52%	-1.48%	0
5493	三聯	"3,086,696.00"	"2,699,885"	"153,163"	"88,189"	"261,689"	"-216,425"	"45,264"	"-96,097"	2.76	8.48%	12.53%	7.57%	-0.36%	-0.49%	-0.19%	0
5498	凱崴	"1,030,309.00"	"870,635"	"93,447"	"-4,390"	"37,855"	"103,698"	"141,553"	"137,900"	0.18	3.67%	15.50%	6.43%	2.17%	2.89%	3.46%	1
5508	永信建	"1,731,027.00"	"1,050,032"	"156,886"	"-48,274"	"380,742"		"380,742"	"380,742"	1.75	22.00%	39.34%	30.28%	-2.97%	-4.67%	-3.44%	0
5511	德昌	"5,348,633.00"	"4,283,213"	"257,542"	"130,885"	"746,266"	450	"746,716"	"752,989"	5.53	13.95%	19.92%	15.10%	1.19%	1.42%	2.16%	1
5512	力麒	"2,964,295.00"	"2,207,606"	"259,928"	"-139,503"	"252,158"	"-46,465"	"205,693"	"13,933"	0.06	8.51%	25.53%	16.76%	0.33%	-0.48%	-0.33%	0
5514	三豐	"673,608.00"	"552,928"	"33,901"	"1,289"	"60,361"	"240,667"	"301,028"	"301,040"	0.27	8.96%	17.92%	12.88%	-0.50%	-2.55%	-1.91%	0
5516	雙喜	"1,238,115.00"	"1,161,723"	"26,377"	"-19,820"	"24,041"	-80	"23,961"		0.47	1.94%	6.17%	4.04%	-4.30%	-4.71%	-3.05%	0
5520	力泰	"1,929,569.00"	"1,464,903"	"95,187"	"19,422"	"311,269"	"395,203"	"706,472"	"703,493"	5.14	16.13%	24.08%	19.15%	-0.74%	-0.68%	-0.02%	0
5523	豐謙	"2,260.00"	266	"14,625"	"1,366"	"-11,265"	"1,000"	"-10,265"	"-10,265"	-0.07	-498.45%	88.23%	-558.89%	-0.07%	-16.50%	63.82%	0
5529	鉅陞	"570,348.00"	"366,240"	"80,669"	"13,360"	"123,565"		"123,565"	"123,565"	1.17	21.66%	35.79%	21.64%	-0.01%	-1.08%	-0.21%	0
5530	龍巖	"2,048,327.00"	"798,616"	"746,862"	"269,192"	"709,164"	"2,007,379"	"2,716,543"	"2,714,512"	1.69	34.62%	61.01%	24.55%	-1.01%	-3.62%	-3.08%	0
5536	聖暉*	"24,984,399.00"	"19,277,955"	"1,281,191"	"177,758"	"3,557,568"	"2,764,441"	"6,322,009"	"5,274,883"	23.73	14.24%	22.84%	17.71%	-2.54%	-2.11%	-1.47%	0
5547	久舜	"1,215,381.00"	"1,075,616"	"71,930"	"1,463"	"54,839"		"54,839"	"54,839"	1.1	4.51%	11.50%	5.58%	-0.04%	1.37%	1.23%	0
5548	安倉	"1,309,603.00"	"1,195,176"	"75,433"	"10,709"	"39,756"		"39,756"		0.64	3.04%	8.74%	2.98%	-0.77%	-0.95%	-0.60%	0
5601	台聯櫃	"46,810.00"	"18,681"	"12,289"	668	"13,223"		"13,223"		0.2	28.25%	60.09%	33.84%	0.00%	-0.32%	0.09%	0
5603	陸海	"710,302.00"	"621,708"	"87,963"	"8,229"	"8,101"	"22,552"	"30,653"	"28,933"	0.06	1.14%	12.47%	0.09%	-2.15%	-1.25%	-1.31%	0
5604	中連	"81,850.00"	"13,930"	"10,527"	"22,543"	"68,366"	0	"68,366"	"68,366"	0.63	83.53%	82.98%	70.12%	0.08%	-0.39%	-1.05%	0
5609	中菲行	"16,716,233.00"	"14,596,546"	"1,479,549"	"35,991"	"567,718"	"175,376"	"743,094"	"745,173"	4.03	3.40%	12.68%	3.83%	-0.96%	0.27%	0.18%	0
5701	劍湖山	"227,358.00"	"133,954"	"141,191"	"-21,348"	"-69,135"	"-18,972"	"-88,107"	"-88,107"	-0.48	-30.41%	41.08%	-21.02%	-6.35%	-12.27%	-11.30%	0
5703	亞都麗緻	"250,744.00"	"131,345"	"84,173"	"2,136"	"30,023"	139	"30,162"	"30,162"	0.43	11.97%	47.62%	14.05%	-1.31%	-2.93%	-2.26%	0
5704	老爺知	"101,696.00"	"73,844"	"46,805"	"3,686"	"-15,081"		"-15,081"		-0.27	-14.83%	27.39%	-18.64%	-21.70%	-37.95%	-29.83%	0
5878	台名	"444,799.00"	"355,312"	"53,064"	"3,974"	"32,639"	"14,261"	"46,900"	"46,900"	1.3	7.34%	20.12%	8.19%	2.98%	2.94%	2.50%	1
5902	德記	"1,089,360.00"	"813,384"	"154,499"	"4,903"	"99,649"	199	"99,848"	"99,848"	1.05	9.15%	25.33%	11.15%	1.01%	1.22%	0.83%	1
5903	全家	"56,986,130.00"	"36,889,913"	"19,242,283"	"166,562"	"860,055"	-79	"859,976"	"824,243"	3.69	1.51%	35.27%	1.50%	0.57%	0.46%	0.49%	1
5904	寶雅*	"14,026,979.00"	"7,709,645"	"4,019,203"	"17,129"	"1,857,619"		"1,857,619"		17.45	13.24%	45.04%	16.38%	-0.09%	-0.96%	-0.71%	0
5905	南仁湖	"1,922,675.00"	"1,403,648"	"503,757"	"7,437"	"4,858"	"8,049"	"12,907"	"26,544"	0.06	0.25%	27.00%	0.79%	-9.05%	4.77%	5.47%	0
6028	公勝保經	"3,078,400.00"	"2,627,943"	"235,543"	"1,221"	"172,578"		"172,578"	"172,578"	7.31	5.61%	14.63%	6.98%	2.37%	2.36%	1.92%	1
6101	寬魚國際	"987,898.00"	"835,552"	"48,998"	"40,944"	"143,355"	127	"143,482"	"143,482"	1.25	14.51%	15.42%	10.46%	-4.69%	-3.75%	-2.33%	0
6103	合邦	"42,484.00"	"38,479"	"10,861"	"1,948"	"-5,139"	0	"-5,139"	"-5,139"	-0.38	-12.10%	9.43%	-16.14%	-2.07%	-0.18%	-1.86%	0
6104	創惟	"2,115,268.00"	"1,163,186"	"657,673"	"7,208"	"261,254"	"13,074"	"274,328"	"274,328"	2.87	12.35%	45.01%	13.92%	0.49%	0.78%	0.54%	1
6109	亞元	"426,779.00"	"334,135"	"127,774"	"-18,823"	"-53,617"	"15,499"	"-38,118"	"-38,226"	-0.7	-12.56%	21.71%	-8.23%	-1.39%	-0.48%	-4.60%	0
6111	光聚晶電	"6,156,659.00"	"4,459,756"	"1,843,765"	"270,909"	"71,598"	"31,973"	"103,571"	"39,916"	0.39	1.16%	27.56%	-2.39%	1.19%	1.48%	1.37%	1
6113	亞矽	"494,863.00"	"427,106"	"63,936"	"37,545"	"41,295"	"11,904"	"53,199"	"53,199"	0.79	8.34%	13.69%	0.77%	-1.76%	-0.28%	3.60%	0
6114	久威	"417,362.00"	"357,038"	"40,275"	"54,204"	"51,074"	-127	"50,947"	"50,947"	1.16	12.24%	14.45%	4.80%	-2.08%	0.37%	-9.23%	0
6118	建達	"4,820,601.00"	"4,583,553"	"235,686"	"-3,983"	"-11,173"		"-11,173"	"-11,173"	-0.12	-0.23%	4.92%	0.03%	0.12%	0.03%	-0.10%	0
6121	新普	"39,386,203.00"	"32,244,455"	"2,614,880"	"683,385"	"3,845,173"	"888,562"	"4,733,735"	"3,589,428"	15.89	9.76%	18.13%	11.49%	0.19%	0.44%	0.69%	1
6122	擎邦	"1,875,212.00"	"1,607,270"	"64,116"	"4,794"	"167,395"	"-75,747"	"91,648"	"91,648"	2.19	8.93%	14.29%	10.87%	-0.74%	-0.64%	-0.42%	0
6123	上奇	"2,223,401.00"	"1,919,558"	"185,584"	"70,471"	"162,157"	"28,307"	"190,464"	"144,826"	1.88	7.29%	13.67%	5.32%	0.29%	0.10%	1.37%	1
6124	業強	"946,971.00"	"806,934"	"119,134"	"47,574"	"58,689"	"50,071"	"108,760"	"104,686"	0.3	6.20%	14.79%	2.21%	0.30%	0.37%	-0.82%	0
6125	廣運	"1,858,521.00"	"1,439,016"	"599,362"	"81,813"	"-102,973"	"60,821"	"-42,152"	"77,777"	0.15	-5.54%	22.57%	-9.68%	-2.51%	-0.37%	-2.07%	0
6126	信音	"2,913,057.00"	"2,355,277"	"395,719"	"34,204"	"156,029"	"275,531"	"431,560"	"224,003"	0.54	5.36%	19.15%	5.56%	-1.59%	-0.42%	-2.38%	0
6127	九豪	"510,232.00"	"484,453"	"144,482"	"-11,419"	"-118,368"	"83,967"	"-34,401"	"-34,401"	-1.1	-23.20%	5.05%	-23.26%	-0.94%	-1.14%	-0.77%	0
6129	普誠	"721,976.00"	"476,804"	"327,816"	"48,778"	"-34,013"	"21,846"	"-12,167"	"-15,028"	-0.2	-4.71%	33.96%	-11.45%	0.25%	4.01%	4.14%	1
6130	上亞科技	"88,969.00"	"54,359"	"43,119"	"-2,497"	"-3,146"	-966	"-4,112"	"-2,423"	-0.03	-3.54%	38.90%	-9.56%	4.05%	19.03%	35.25%	1
6134	萬旭	"1,211,609.00"	"949,476"	"212,411"	"-1,947"	"36,637"	"189,828"	"226,465"	"222,585"	0.42	3.02%	21.64%	4.10%	0.19%	1.03%	0.52%	1
6138	茂達	"4,042,715.00"	"2,479,055"	"767,376"	"88,156"	"717,484"	"1,570"	"719,054"	"561,330"	7.64	17.75%	38.68%	19.70%	0.29%	0.18%	0.15%	1
6140	訊達電腦	"884,731.00"	"804,421"	"66,360"	"28,326"	"32,939"	"6,380"	"39,319"	"39,319"	0.6	3.72%	9.08%	1.58%	-0.65%	0.90%	-1.77%	0
6143	振曜	"4,312,091.00"	"3,400,317"	"461,151"	"51,581"	"406,463"	"24,496"	"430,959"	"272,777"	3.03	9.43%	21.14%	10.45%	-0.60%	0.35%	-0.24%	0
6144	得利影	"76,028.00"	"45,338"	"44,668"	"17,790"	"3,812"	"5,407"	"9,219"		0.1	5.01%	40.37%	-18.39%	0.45%	-0.74%	26.58%	0
6146	耕興	"2,433,737.00"	"1,299,456"	"380,474"	"28,213"	"635,791"	"205,617"	"841,408"	"799,212"	6.04	26.12%	46.61%	30.97%	0.03%	0.39%	-0.31%	0
6147	頎邦	"12,388,063.00"	"9,028,124"	"1,293,984"	"-202,268"	"1,387,413"	"11,257,434"	"12,644,847"	"12,644,847"	1.87	11.20%	27.12%	16.68%	3.66%	2.99%	3.60%	1
6148	驊宏資	"242,347.00"	"180,014"	"54,119"	"1,318"	"8,068"	0	"8,068"	"8,068"	0.17	3.33%	25.72%	3.39%	0.12%	0.47%	0.45%	1
6150	撼訊	"2,592,084.00"	"2,206,962"	"211,262"	"-16,421"	"117,478"	"19,871"	"137,349"	"138,870"	2.46	4.53%	14.86%	6.71%	1.03%	-0.26%	-0.19%	0
6151	晉倫	"957,049.00"	"701,375"	"122,443"	"8,761"	"105,371"	"16,714"	"122,085"	"122,085"	1.91	11.01%	26.71%	13.92%	1.93%	2.41%	1.50%	1
6154	順發	"2,008,775.00"	"1,619,493"	"314,953"	747	"59,933"	"6,005"	"65,938"	"65,938"	0.75	2.98%	19.38%	3.70%	-0.01%	-0.77%	-0.65%	0
6156	松上	"3,105,143.00"	"2,658,072"	"403,715"	"56,332"	"50,484"	"85,152"	"135,636"	"68,300"	0.08	1.63%	14.40%	1.40%	-1.36%	-1.37%	0.47%	0
6158	禾昌	"896,543.00"	"757,979"	"211,345"	"-13,993"	"-67,478"	"72,678"	"5,200"	"5,200"	-1.25	-7.53%	15.46%	-8.12%	6.59%	9.04%	7.16%	1
6160	欣技	"513,507.00"	"329,169"	"246,924"	"4,483"	"-56,373"	499	"-55,874"	"-55,711"	-0.82	-10.98%	35.90%	-12.19%	0.99%	-2.07%	-3.37%	0
6161	捷波	"799,799.00"	"516,598"	"173,376"	"66,126"	"143,698"	"18,970"	"162,668"	"162,668"	2.56	17.97%	35.41%	13.73%	-0.57%	2.21%	4.52%	0
6163	華電網	"3,030,648.00"	"2,500,886"	"557,739"	"4,625"	"-29,963"	"94,748"	"64,785"	"67,631"	-0.18	-0.99%	17.48%	-0.92%	1.73%	-1.19%	-1.04%	0
6167	久正	"612,891.00"	"580,847"	"106,637"	"51,739"	"-23,513"	"25,668"	"2,155"	"2,155"	-0.16	-3.84%	5.23%	-12.17%	-1.51%	-1.85%	-1.13%	0
6169	昱泉	248	"1,839"	"35,277"	"4,131"	"-32,717"	-571	"-33,288"	"-33,288"	-1.4	-13192.34%	-641.53%	-14866.13%	-93.17%	-3004.04%	-2826.98%	0
6170	統振	"1,588,620.00"	"1,074,077"	"359,068"	"109,972"	"213,613"	"1,955"	"215,568"	"214,433"	2.18	13.45%	32.39%	9.79%	1.27%	0.53%	0.54%	1
6171	大城地產	"138,802.00"	"68,301"	"18,030"	"1,145"	"35,657"		"35,657"		0.36	25.69%	50.79%	37.80%	1.56%	10.73%	3.93%	1
6173	信昌電	"2,392,252.00"	"1,707,324"	"171,836"	"129,265"	"510,848"	"940,368"	"1,451,216"	"1,451,216"	2.98	21.35%	28.63%	21.45%	0.28%	1.11%	1.24%	1
6174	安碁	"364,370.00"	"232,085"	"85,003"	"-1,639"	"38,540"	"-9,192"	"29,348"	"29,348"	0.77	10.58%	36.31%	12.98%	2.09%	2.87%	0.68%	1
6175	立敦	"2,534,861.00"	"1,985,101"	"196,817"	"38,852"	"326,817"	"208,027"	"534,844"	"420,578"	1.7	12.89%	21.69%	13.92%	-0.39%	0.40%	-0.18%	0
6179	亞通	"3,815,408.00"	"3,334,061"	"164,044"	"-89,831"	"178,326"	"-21,591"	"156,735"	"168,129"	1.2	4.67%	12.62%	8.32%	3.86%	5.12%	2.39%	1
6180	橘子	"4,418,005.00"	"3,236,529"	"1,252,374"	962	"-35,834"	"-3,943"	"-39,777"	"-52,299"	-0.26	-0.81%	26.74%	-1.60%	-4.14%	-6.71%	-5.43%	0
6182	合晶	"5,189,987.00"	"4,104,487"	"968,659"	"-4,829"	"82,722"	"766,025"	"848,747"	"321,524"	0.06	1.59%	20.92%	2.25%	1.89%	1.19%	0.73%	1
6185	幃翔	"349,325.00"	"302,546"	"107,825"	"58,993"	"-3,609"	"39,700"	"36,091"	"36,091"	-0.02	-1.03%	13.39%	-17.48%	1.44%	2.24%	12.68%	1
6186	新潤	"3,859,377.00"	"2,976,420"	"304,702"	"18,863"	"439,013"		"439,013"		2.25	11.38%	22.88%	14.98%	-0.08%	-0.83%	-0.83%	0
6187	萬潤	"3,766,081.00"	"1,745,574"	"909,397"	"233,162"	"1,135,887"	"942,085"	"2,077,972"	"2,093,515"	11.9	30.16%	53.65%	29.50%	1.87%	6.28%	7.49%	1
6188	廣明	"4,136,813.00"	"3,053,180"	"881,508"	"235,699"	"339,162"	"226,512"	"565,674"	"493,386"	0.99	8.20%	26.19%	4.89%	1.66%	-0.18%	1.34%	0
6190	萬泰科	"5,470,580.00"	"4,636,554"	"479,568"	"24,092"	"281,134"	"56,117"	"337,251"	"302,947"	1.35	5.14%	15.25%	6.48%	0.03%	0.98%	1.31%	1
6194	育富	"488,351.00"	"450,254"	"39,529"	"12,310"	"4,457"	"54,618"	"59,075"	"59,075"	0.09	0.91%	7.80%	-0.29%	-4.63%	-4.74%	-5.03%	0
6195	詩肯	"1,275,551.00"	"543,753"	"615,629"	"-4,590"	"87,035"	"1,399"	"88,434"	"88,434"	1.73	6.82%	57.37%	9.11%	-0.67%	-5.73%	-3.87%	0
6198	瑞築	118	34	"30,609"	"1,884"	"-32,337"	6	"-32,331"	"-32,298"	-0.19	-27404.24%	71.19%	-25868.64%	-3.06%	-1512.58%	-373.93%	0
6199	天品	"483,490.00"	"269,048"	"41,955"	"16,899"	"136,005"	"-23,576"	"112,429"	"104,456"	2.07	28.13%	44.35%	35.68%	-9.94%	-11.11%	0.08%	0
6203	海韻電	"1,013,245.00"	"706,867"	"193,442"	"100,520"	"155,548"	"7,309"	"162,857"	"162,857"	1.89	15.35%	30.24%	11.15%	-1.06%	-2.85%	-5.40%	0
6204	艾華	"206,596.00"	"136,986"	"53,238"	-253	"11,137"	"-9,923"	"1,214"	"1,214"	0.48	5.39%	33.69%	7.92%	-1.05%	2.45%	2.86%	0
6207	雷科	"604,501.00"	"417,734"	"152,601"	"66,705"	"89,963"	"185,856"	"275,819"	"276,110"	1.11	14.88%	30.90%	5.65%	-1.15%	-1.49%	13.14%	0
6208	日揚	"1,763,796.00"	"1,230,171"	"386,295"	"162,731"	"288,014"	"23,173"	"311,187"	"318,051"	3.12	16.33%	30.25%	8.35%	-3.34%	0.63%	-7.08%	0
6210	慶生	"214,262.00"	"210,754"	"26,365"	"1,496"	"-21,937"		"-21,937"		-0.63	-10.24%	1.64%	-10.67%	3.16%	4.42%	3.53%	1
6212	理銘	"551,396.00"	"337,509"	"55,101"	"-13,143"	"98,344"	0	"98,344"		0.96	17.84%	38.79%	28.80%	1.22%	2.45%	-0.91%	0
6217	中探針	"2,272,219.00"	"1,786,637"	"514,685"	"-6,540"	"-23,641"	"50,805"	"27,164"	"28,811"	-0.19	-1.04%	21.37%	-1.28%	-1.93%	-2.20%	-2.30%	0
6218	豪勉	"800,866.00"	"616,920"	"131,022"	"113,592"	"154,929"	"-2,934"	"151,995"	"151,995"	2.41	19.35%	22.97%	6.61%	3.38%	1.31%	14.04%	1
6219	富旺	"1,274,643.00"	"976,070"	"230,950"	"-71,123"	"-9,169"	200	"-8,969"	"-8,969"	-0.07	-0.72%	23.42%	5.31%	-1.21%	-8.26%	-8.72%	0
6220	岳豐	"4,947,052.00"	"3,663,895"	"1,094,158"	"-145,781"	"-4,784"	"55,837"	"51,053"	"51,053"	-0.03	-0.10%	25.94%	3.82%	-2.09%	1.94%	2.11%	0
6221	晉泰	"1,964,949.00"	"1,440,402"	"286,414"	"37,682"	"205,821"	"-87,869"	"117,952"	"117,952"	1.22	10.47%	26.70%	12.12%	7.84%	5.73%	4.68%	1
6222	立軒	"1,351.00"	"1,029"	"10,535"	"1,288"	"-8,936"	"-16,039"	"-24,975"	"-24,975"	-0.1	-661.44%	23.83%	-755.96%	0.38%	-159.39%	-96.10%	0
6223	旺矽	"9,166,454.00"	"3,773,524"	"2,318,069"	"356,410"	"2,756,647"	"280,843"	"3,032,142"	"3,032,142"	28.08	30.07%	58.83%	33.54%	-0.61%	1.18%	-1.12%	0
6227	茂綸	"11,834,408.00"	"10,687,321"	"445,724"	"-21,183"	"535,086"	"4,175"	"539,261"	"524,480"	6.84	4.52%	9.69%	5.93%	-0.78%	-0.19%	-0.27%	0
6228	全譜	"23,224.00"	"14,717"	"18,146"	"2,081"	"-7,558"	167	"-7,391"	"-7,391"	-0.29	-32.54%	36.63%	-41.50%	-2.36%	-12.66%	-19.47%	0
6229	研通	"1,468,606.00"	"1,329,953"	"119,028"	"19,015"	"30,281"	"12,161"	"42,442"	"42,442"	0.75	2.06%	9.44%	1.34%	0.37%	1.34%	1.20%	1
6231	系微	"903,566.00"	"206,084"	"490,235"	"17,179"	"165,613"	"9,752"	"175,365"	"175,365"	3.63	18.33%	77.19%	22.94%	0.73%	0.88%	0.64%	1
6233	旺玖	"194,933.00"	"107,432"	"97,549"	"28,097"	"18,016"	"185,607"	"203,623"	"203,623"	0.22	9.24%	44.89%	-5.15%	1.50%	4.62%	12.30%	1
6234	高僑	"276,427.00"	"254,237"	"26,776"	"48,876"	"32,603"	"24,283"	"56,886"	"56,886"	0.32	11.79%	8.03%	-1.66%	0.85%	2.91%	-6.30%	0
6236	中湛	"16,062.00"	"2,701"	"14,511"	"1,098"	-52	991	939	939	0	-0.32%	83.18%	-7.16%	0.23%	-2.58%	-1.56%	0
6237	驊訊	"290,236.00"	"173,675"	"153,543"	"2,925"	"-34,122"	353	"-33,769"	"-33,769"	-0.43	-11.76%	40.16%	-12.74%	-0.29%	9.14%	3.81%	0
6240	松崗	"24,989.00"	"11,801"	"12,523"	"-14,122"	"-13,423"	"-51,815"	"-65,238"	"-65,238"	-0.59	-53.72%	52.78%	2.66%	-5.45%	-8.56%	24.60%	0
6241	鑫永洋	"354,557.00"	"295,630"	"36,274"	"-9,207"	"13,446"		"13,446"		0.38	3.79%	16.62%	6.39%	-1.78%	-0.46%	-9.59%	0
6242	立康	"283,549.00"	"93,630"	"150,069"	"3,501"	"35,199"	30	"35,229"	"35,229"	1.11	12.41%	66.98%	14.05%	-0.04%	3.52%	3.68%	0
6244	茂迪	"1,672,211.00"	"1,343,709"	"184,785"	"50,824"	"177,962"	"71,343"	"249,305"	"245,075"	0.46	10.64%	19.64%	8.59%	2.95%	2.54%	4.71%	1
6245	立端	"3,468,386.00"	"2,416,042"	"769,536"	"41,089"	"265,174"	"44,458"	"309,632"	"309,632"	1.81	7.65%	30.34%	8.15%	-2.66%	0.62%	0.55%	0
6246	臺龍	"619,323.00"	"562,144"	"78,757"	"-15,912"	"-34,620"	"20,260"	"-14,360"	"-14,360"	-0.91	-5.59%	9.23%	-3.48%	1.74%	2.99%	3.79%	1
6248	沛波	"3,110,470.00"	"2,904,665"	"115,669"	"-17,990"	"57,290"	"-23,932"	"33,358"	"33,358"	0.59	1.84%	6.62%	2.90%	0.77%	0.91%	0.00%	1
6259	百徽	"365,786.00"	"284,146"	"60,312"	"10,414"	"29,238"	"5,910"	"35,148"	"35,042"	1.05	7.99%	22.32%	5.83%	-0.11%	0.60%	0.99%	0
6261	久元	"2,139,005.00"	"1,493,072"	"467,121"	"71,592"	"267,398"	"212,880"	"480,278"	"489,996"	2.21	12.50%	30.20%	8.36%	-0.97%	-0.05%	2.91%	0
6263	普萊德	"967,490.00"	"502,398"	"138,562"	"18,663"	"283,729"		"283,729"	"283,729"	4.54	29.33%	48.07%	33.75%	-0.13%	0.76%	0.03%	0
6264	富裔	"44,155.00"	"24,244"	"72,117"	"-29,753"	"-84,387"		"-84,387"	"-67,901"	-0.5	-191.12%	45.09%	-118.23%	57.79%	144.29%	196.54%	1
6265	方土昶	"2,425,951.00"	"1,543,294"	"68,413"	"108,475"	"760,908"	"8,670"	"769,578"	"769,578"	6.44	31.37%	36.38%	33.56%	0.40%	1.88%	5.89%	1
6266	泰詠	"1,550,075.00"	"1,287,374"	"107,111"	"17,516"	"141,295"	"23,524"	"164,819"	"164,819"	0.92	9.12%	16.95%	10.04%	0.70%	0.86%	1.10%	1
6270	倍微	"1,675,616.00"	"1,525,795"	"111,085"	"6,795"	"41,360"	"415,469"	"456,829"	"456,829"	0.57	2.47%	8.94%	2.31%	-0.82%	0.14%	0.08%	0
6274	台燿	"24,355,008.00"	"17,576,879"	"1,592,657"	"115,316"	"3,601,714"	"459,005"	"4,060,719"	"4,060,719"	12.4	14.79%	27.83%	21.29%	2.68%	3.11%	2.26%	1
6275	元山	"2,180,819.00"	"1,790,459"	"312,849"	"19,018"	"77,045"	"18,544"	"95,589"	"96,176"	0.97	3.53%	17.90%	3.55%	0.30%	-0.16%	0.17%	0
6276	安鈦克	"399,400.00"	"344,265"	"144,808"	"-15,596"	"-105,269"	508	"-104,761"	"-104,761"	-4.78	-26.36%	13.80%	-22.45%	-7.51%	-14.08%	-18.04%	0
6279	胡連	"4,869,954.00"	"3,537,019"	"770,995"	"97,582"	"527,121"	"178,506"	"705,627"	"705,299"	4.4	10.82%	27.37%	11.54%	0.72%	3.01%	1.75%	1
6284	佳邦	"3,566,746.00"	"2,898,812"	"471,470"	"32,021"	"129,960"	"1,142,045"	"1,272,005"	"1,276,237"	0.91	3.64%	18.73%	5.51%	-1.26%	0.63%	-0.71%	0
6290	良維	"5,306,328.00"	"3,677,135"	"824,047"	"50,954"	"768,338"	"101,543"	"869,881"	"856,036"	4.5	14.48%	30.70%	15.17%	-0.49%	-1.85%	-2.96%	0
6291	沛亨	"1,362,697.00"	"837,192"	"194,438"	"4,379"	"266,541"	"5,824"	"272,365"	"272,088"	6.36	19.56%	38.56%	24.29%	1.06%	1.76%	0.31%	1
6292	迅德	"595,054.00"	"364,219"	"150,782"	"96,573"	"163,851"	"3,711"	"167,562"	"167,562"	3.52	27.54%	38.79%	13.45%	5.63%	5.61%	15.68%	1
6294	智基	"470,773.00"	"281,328"	"109,997"	"-11,520"	"55,381"		"55,381"	"55,381"	2.13	11.76%	40.24%	16.88%	8.31%	12.01%	12.63%	1
6411	晶焱	"1,353,626.00"	"898,751"	"398,034"	"181,962"	"198,711"	"10,675"	"209,386"	"233,394"	2.3	14.68%	33.60%	4.20%	-0.55%	-1.76%	8.48%	0
6417	韋僑	"934,153.00"	"610,499"	"136,062"	"7,011"	"152,834"	42	"152,876"	"152,876"	3.62	16.36%	34.65%	20.08%	0.08%	1.03%	-0.19%	0
6418	詠昇	"436,718.00"	"349,999"	"67,492"	"-8,513"	"8,252"	"9,670"	"17,922"	"17,922"	0.24	1.89%	19.86%	4.40%	2.29%	4.63%	4.95%	1
6419	京晨科	"668,291.00"	"515,789"	"102,481"	"226,513"	"255,702"	"1,870"	"257,572"	"257,572"	19.43	38.26%	22.82%	7.48%	0.60%	-0.01%	14.65%	0
6423	億而得	"125,179.00"	"1,345"	"102,447"	356	"14,731"		"14,731"		0.49	11.77%	98.93%	17.09%	-0.71%	-1.26%	-1.22%	0
6425	易發	"874,207.00"	"597,932"	"254,543"	"14,299"	"34,120"	"-3,893"	"30,227"	"29,771"	0.66	3.90%	31.60%	2.49%	3.88%	3.50%	1.75%	1
6432	今展科	"615,980.00"	"480,609"	"114,118"	"42,317"	"55,609"	"22,172"	"77,781"	"77,781"	1.64	9.03%	21.98%	3.45%	0.21%	-0.23%	0.87%	0
6435	大中	"1,898,561.00"	"1,379,032"	"216,163"	"27,810"	"274,877"	"192,293"	"467,170"		7.35	14.48%	27.36%	15.98%	0.58%	0.10%	-0.02%	0
6441	廣錠	"61,350.00"	"133,284"	"66,207"	"-3,045"	"-141,572"	2	"-141,570"	"-140,326"	-2.63	-230.76%	-117.25%	-225.17%	-3.60%	28.51%	36.03%	0
6461	益得	"36,447.00"	"126,177"	"114,928"	"-9,901"	"-214,559"		"-214,559"		-1.22	-588.69%	-246.19%	-561.52%	-6.14%	47.42%	46.27%	0
6462	神盾	"3,915,190.00"	"2,952,794"	"1,812,111"	"324,034"	"-499,390"	"107,957"	"-391,433"	"-169,272"	-3.05	-12.76%	24.58%	-21.70%	1.40%	-6.27%	2.14%	0
6465	威潤	"155,686.00"	"31,125"	"74,568"	"37,014"	"84,733"	-130	"84,603"	"84,603"	1.8	54.43%	80.01%	32.11%	3.97%	0.00%	-31.97%	0
6469	大樹	"9,578,011.00"	"6,879,891"	"2,474,009"	"37,641"	"222,413"	"-12,640"	"209,773"	"220,811"	1.57	2.32%	28.17%	2.34%	0.07%	-0.35%	-0.18%	0
6470	宇智	"565,325.00"	"470,770"	"90,855"	"26,678"	"40,087"	"2,161"	"42,248"	"42,248"	1.06	7.09%	16.73%	0.65%	-3.32%	-2.90%	-4.66%	0
6474	華豫寧	"2,172,752.00"	"1,708,751"	"340,752"	"7,468"	"107,548"	"16,001"	"123,549"	"123,549"	2.05	4.95%	21.36%	5.67%	-0.46%	0.29%	0.13%	0
6482	弘煜科	"188,864.00"	"2,502"	"165,630"	"1,200"	"13,603"	"-1,524"	"12,079"	"11,961"	0.47	7.20%	98.68%	10.98%	0.03%	0.11%	-1.64%	0
6485	點序	"633,586.00"	"279,104"	"404,874"	"16,251"	"-32,220"		"-32,220"	"-32,220"	-0.7	-5.09%	55.95%	-7.95%	-1.22%	-7.82%	-5.10%	0
6486	互動	"1,036,087.00"	"747,521"	"229,231"	"8,902"	"50,734"	399	"51,133"	"53,600"	1.05	4.90%	27.85%	5.73%	-4.95%	-2.58%	-1.29%	0
6488	環球晶	"29,199,108.00"	"23,145,169"	"3,155,755"	"4,033,444"	"5,674,943"	"475,744"	"6,150,687"	"6,150,799"	11.87	19.44%	20.73%	9.93%	-0.10%	-0.62%	5.88%	0
6492	生華科	480	210	"153,989"	"4,388"	"-149,331"	831	"-148,500"	"-148,500"	-1.67	-31110.63%	56.25%	-32024.79%	0.00%	-3302.71%	-3246.46%	0
6494	九齊	"827,370.00"	"587,850"	"175,400"	"12,983"	"62,620"	"2,294"	"64,914"	"64,914"	1.98	7.57%	28.95%	7.75%	1.45%	2.11%	1.37%	1
6496	科懋	"450,547.00"	"279,093"	"286,677"	"6,230"	"-112,203"	"-6,880"	"-119,083"	"-119,083"	-2.41	-24.90%	38.05%	-25.57%	-0.29%	-0.68%	0.20%	0
6498	久禾光	"723,777.00"	"399,429"	"113,759"	"19,300"	"169,866"	"26,824"	"196,690"	"196,690"	3.6	23.47%	44.81%	29.10%	-0.89%	-0.21%	-0.52%	0
6499	益安	"220,900.00"	"191,630"	"300,886"	"-2,253"	"-273,892"	"4,398"	"-269,494"	"-242,449"	-2.54	-123.99%	13.25%	-122.96%	-1.98%	-8.02%	-5.78%	0
6506	雙邦	"1,117,038.00"	"889,297"	"103,545"	45	"99,398"	0	"99,398"	"77,761"	0.94	8.90%	20.39%	11.12%	-0.05%	-0.20%	-0.33%	0
6508	惠光	"908,396.00"	"678,035"	"165,036"	"28,820"	"75,834"	"9,218"	"85,052"	"85,052"	0.88	8.35%	25.36%	7.19%	1.69%	1.88%	1.55%	1
6509	聚和	"2,716,632.00"	"1,747,789"	"387,435"	"-9,670"	"424,343"	"154,488"	"578,831"	"578,831"	2.16	15.62%	35.66%	21.40%	-0.41%	-1.24%	-1.33%	0
6510	精測	"2,996,984.00"	"1,283,359"	"746,701"	"47,239"	"831,383"	"78,981"	"910,364"	"914,778"	25.45	27.74%	57.18%	32.26%	0.41%	3.00%	2.77%	1
6512	啟發電	"51,384.00"	"39,081"	"37,648"	"2,426"	"-22,950"		"-22,950"	"-22,950"	-0.91	-44.66%	23.94%	-49.32%	-5.11%	-24.09%	-23.79%	0
6516	勤崴國際	"325,774.00"	"166,834"	"105,065"	"29,608"	"73,617"	"-8,936"	"64,681"		1.32	22.60%	48.79%	16.54%	-0.33%	-3.45%	2.11%	0
6517	保勝光學	"217,657.00"	"139,132"	"50,918"	"14,595"	"34,018"		"34,018"	"34,018"	1.11	15.63%	36.08%	12.68%	2.89%	3.85%	0.52%	1
6523	達爾膚	"479,218.00"	"165,690"	"197,479"	"20,678"	"99,232"		"99,232"	"99,232"	2.2	20.71%	65.42%	24.22%	-1.82%	-7.76%	-10.01%	0
6527	明達醫	"406,087.00"	"243,132"	"79,371"	"2,932"	"76,168"	243	"76,411"	"76,411"	3.01	18.76%	40.13%	20.58%	0.08%	0.47%	0.79%	1
6530	創威	"186,751.00"	"98,479"	"37,464"	"3,446"	"43,476"		"43,476"		1.29	23.28%	47.27%	27.21%	1.05%	-0.21%	-0.42%	0
6532	瑞耘	"362,994.00"	"220,044"	"51,581"	"8,358"	"75,318"	-243	"75,075"	"75,075"	2.01	20.75%	39.38%	25.17%	2.45%	4.12%	0.62%	1
6535	順藥	"9,612.00"	"6,176"	"190,957"	"-96,506"	"-284,027"	53	"-283,974"	"-281,566"	-1.7	-2954.92%	35.75%	-1950.91%	-4.81%	-467.55%	-261.72%	0
6538	倉和	"692,622.00"	"415,775"	"180,933"	"11,515"	"77,587"	"35,481"	"113,068"	"113,068"	2.1	11.20%	39.97%	13.85%	1.44%	0.66%	0.32%	1
6542	隆中	"507,915.00"	"102,382"	"400,159"	"16,017"	"11,774"	"2,069"	"13,843"	"13,719"	0.28	2.32%	79.84%	1.06%	0.24%	3.94%	2.04%	1
6546	正基	"1,097,157.00"	"793,086"	"167,271"	"30,591"	"139,713"	"101,168"	"240,881"	"239,043"	2.06	12.73%	27.71%	12.47%	0.38%	0.53%	0.70%	1
6547	高端疫苗	"220,979.00"	"47,994"	"183,515"	"4,541"	"-5,989"	"-20,419"	"-26,408"	"-26,408"	-0.02	-2.71%	78.28%	-4.77%	3.55%	25.36%	24.04%	1
6548	長科*	"7,986,931.00"	"6,209,360"	"633,513"	"293,428"	"1,159,326"	"1,679,891"	"2,839,217"	"2,734,354"	1.22	14.52%	22.26%	14.32%	0.54%	0.50%	1.31%	1
6556	勝品	"756,040.00"	"500,482"	"111,426"	"6,771"	"120,152"	455	"120,607"	"115,759"	4.02	15.89%	33.80%	19.06%	3.26%	2.58%	1.81%	1
6560	欣普羅	"136,888.00"	"88,806"	"47,543"	"14,537"	"11,984"		"11,984"		0.37	8.75%	35.13%	0.39%	-0.63%	-5.33%	-6.43%	0
6561	是方	"2,025,956.00"	"1,042,389"	"229,767"	"-16,018"	"586,926"	490	"587,416"	"585,419"	7.57	28.97%	48.55%	37.21%	-0.39%	0.03%	-0.31%	0
6568	宏觀	"658,711.00"	"411,055"	"158,836"	"9,370"	"75,850"	671	"76,521"	"76,521"	2.48	11.51%	37.60%	13.48%	1.19%	0.44%	-0.36%	0
6569	醫揚	"806,545.00"	"546,160"	"214,002"	"70,042"	"103,060"	"-15,522"	"87,538"	"87,538"	2.64	12.78%	32.28%	5.75%	-3.85%	-2.09%	2.10%	0
6570	維田	"550,358.00"	"341,205"	"129,529"	460	"64,182"	"6,431"	"70,613"	"70,613"	1.73	11.66%	38.00%	14.47%	-0.03%	2.95%	2.86%	0
6574	霈方	"414,605.00"	"184,487"	"60,866"	"67,392"	"199,554"	"41,297"	"240,851"	"240,851"	9.07	48.13%	55.50%	40.82%	-1.87%	-1.99%	11.15%	0
6576	逸達	"261,961.00"	"83,042"	"420,609"	"562,180"	"283,143"	"3,114"	"286,257"	"286,257"	1.8	108.09%	68.30%	-92.26%	17.80%	77.10%	-398.60%	0
6577	勁豐	"1,053,361.00"	"693,564"	"163,553"	"58,683"	"211,127"	"2,697"	"213,824"	"213,824"	3.52	20.04%	34.16%	18.63%	-0.41%	-0.43%	1.59%	0
6578	達邦蛋白	"189,575.00"	"143,566"	"35,203"	"7,011"	"14,742"	"5,295"	"20,037"	"20,037"	0.2	7.78%	24.27%	5.70%	2.36%	4.79%	1.01%	1
6584	南俊國際	"1,713,269.00"	"999,165"	"207,313"	"60,403"	"454,363"	"5,834"	"460,197"	"460,197"	6.47	26.52%	41.68%	29.58%	0.13%	0.12%	-0.61%	0
6588	東典光電	"183,757.00"	"128,741"	"46,017"	-680	"8,306"	"7,177"	"15,483"	"16,387"	0.27	4.52%	29.94%	4.90%	8.72%	7.33%	7.47%	1
6590	普鴻	"370,464.00"	"215,605"	"98,170"	"21,941"	"67,775"	45	"67,820"	"61,557"	2.5	18.29%	41.80%	15.30%	-2.05%	-2.05%	4.57%	0
6593	台灣銘板	"240,881.00"	"183,495"	"81,949"	"-23,712"	"-41,634"	11	"-41,623"	"-41,475"	-1.3	-17.28%	23.82%	-10.20%	-6.92%	-9.57%	-2.65%	0
6596	寬宏藝術	"1,322,418.00"	"879,200"	"111,603"	"17,862"	"280,047"	-85	"279,962"	"279,962"	7.37	21.18%	33.52%	25.08%	11.31%	10.70%	8.08%	1
6597	立誠	"307,148.00"	"255,985"	"67,186"	"-2,855"	"-14,066"		"-14,066"		-0.48	-4.58%	16.66%	-5.22%	-3.62%	-4.63%	3.65%	0
6603	富強鑫	"2,255,371.00"	"1,691,492"	"517,338"	-106	"25,305"	"108,617"	"133,922"	"122,400"	0.14	1.12%	25.00%	2.06%	0.37%	1.54%	0.58%	1
6609	瀧澤科	"1,154,898.00"	"951,017"	"195,954"	"20,642"	"9,037"	"16,000"	"25,037"	"25,037"	0.12	0.78%	17.65%	0.69%	2.89%	5.20%	3.11%	1
6612	奈米醫材	"646,276.00"	"298,433"	"274,649"	"9,898"	"37,645"	"25,941"	"63,586"	"96,723"	1.53	5.82%	53.82%	11.33%	-1.97%	-1.16%	-2.17%	0
6613	朋億*	"6,128,443.00"	"4,469,207"	"689,423"	"40,522"	"795,672"	"964,741"	"1,760,413"	"1,603,086"	8.51	12.98%	27.07%	15.82%	-5.01%	-4.33%	-2.14%	0
6615	慧智	"190,106.00"	"137,086"	"57,283"	"24,484"	"19,912"	79	"19,991"	"20,002"	0.92	10.47%	27.89%	-2.24%	-0.74%	-0.14%	-5.11%	0
6620	漢達	"421,566.00"	"82,032"	"232,504"	"51,010"	"107,860"	"26,048"	"133,908"	"133,908"	0.65	25.59%	80.54%	25.39%	-0.65%	-2.16%	-10.78%	0
6624	萬年清	"188,533.00"	"156,140"	"35,176"	"4,285"	486	-27	459	125	0.01	0.26%	17.18%	-1.48%	-6.47%	-3.23%	-1.24%	0
6637	醫影	"520,520.00"	"378,395"	"54,866"	"-1,425"	"69,600"	"4,706"	"74,306"	"74,306"	2.6	13.37%	27.30%	16.76%	-4.25%	-1.71%	-0.93%	0
6640	均華	"1,651,841.00"	"939,294"	"393,682"	"17,348"	"270,136"	"2,769,277"	"3,039,413"	"3,039,413"	9.52	16.35%	43.14%	19.30%	-1.76%	-2.37%	-1.35%	0
6642	富致	"321,278.00"	"155,832"	"78,813"	"8,259"	"85,157"	"-2,948"	"82,209"	"82,209"	2.28	26.51%	51.50%	26.97%	2.91%	5.18%	6.80%	1
6643	M31	"816,598.00"		"899,700"	"32,245"	"-51,985"	797	"-51,188"	"-51,188"	-1.24	-6.37%			0.00%	0.00%	6.11%	0
6649	台生材	"63,341.00"	"29,342"	"40,904"	"7,665"	760		760		0.02	1.20%	53.68%	-10.90%	-7.09%	3.38%	0.68%	0
6651	全宇昕	"862,935.00"	"542,752"	"118,745"	"13,589"	"175,764"		"175,764"		5.08	20.37%	37.10%	23.34%	-0.72%	-0.08%	-1.18%	0
6654	天正國際	"327,659.00"	"264,407"	"82,134"	"7,244"	"50,087"	"138,724"	"188,811"	"190,859"	1.27	15.29%	19.30%	-5.76%	-2.45%	5.04%	23.08%	0
6661	威健生技	"190,976.00"	"111,248"	"87,057"	-758	"-8,106"	-164	"-8,270"	"-8,159"	-0.34	-4.24%	41.75%	-3.84%	-1.89%	3.38%	3.01%	0
6662	樂斯科	"125,527.00"	"79,466"	"28,504"	"2,150"	"15,754"	"-6,325"	"9,429"		0.62	12.55%	36.69%	13.99%	3.66%	3.80%	3.75%	1
6664	群翊	"1,380,757.00"	"707,390"	"203,581"	"93,087"	"444,138"	"18,249"	"462,387"	"462,387"	7.29	32.17%	48.77%	34.02%	0.54%	1.45%	-1.78%	0
6667	信紘科	"3,219,118.00"	"2,470,535"	"393,529"	"111,744"	"372,763"	-199	"372,564"	"379,080"	7.7	11.58%	23.25%	11.03%	-0.72%	-2.98%	0.15%	0
6679	鈺太	"1,084,310.00"	"527,530"	"292,488"	"123,630"	"337,736"	"648,949"	"986,685"	"986,685"	6.34	31.15%	51.35%	24.37%	-0.59%	-0.69%	-5.57%	0
6680	鑫創電子	"293,407.00"	"192,724"	"96,007"	"-2,220"	"1,960"	154	"2,114"	"2,114"	0.08	0.67%	34.32%	1.59%	1.93%	0.93%	-0.64%	0
6683	雍智科技	"1,316,245.00"	"660,649"	"276,121"	"41,668"	"333,285"	"7,017"	"340,302"	"340,302"	12.24	25.32%	49.81%	28.83%	1.01%	1.58%	-0.18%	0
6684	安格	"157,788.00"	"65,058"	"102,069"	"8,866"	"-1,059"	"-68,169"	"-69,228"	"-68,079"	0	-0.67%	58.77%	-5.92%	-1.46%	0.74%	-1.85%	0
6690	安碁資訊	"1,284,281.00"	"783,955"	"318,190"	"8,271"	"152,995"	"1,465"	"154,460"	"154,460"	5.1	11.91%	38.96%	14.18%	1.47%	1.11%	1.02%	1
6692	進能服	"366,418.00"	"398,161"	"91,839"	"30,802"	"-67,871"		"-67,871"	"-67,897"	-1.16	-18.52%	-8.66%	-33.73%	13.77%	25.35%	20.79%	1
6693	廣閎科	"1,167,115.00"	"808,286"	"184,502"	"14,745"	"152,092"	"38,770"	"190,862"	"190,862"	3.38	13.03%	30.74%	14.94%	1.99%	4.26%	2.83%	1
6697	東捷資訊	"711,956.00"	"595,967"	"61,116"	"9,339"	"50,980"	"1,639"	"52,619"	"52,619"	1.86	7.16%	16.29%	7.71%	3.35%	1.90%	1.98%	1
6703	軒郁	"1,715,899.00"	"644,020"	"885,300"	"-1,110"	"147,993"	"-7,186"	"140,807"	"141,374"	4.13	8.62%	62.47%	10.87%	-0.58%	1.09%	0.68%	0
6708	天擎	"134,559.00"	"62,992"	"69,843"	"2,606"	"2,683"	"4,081"	"6,764"	"6,764"	0.09	1.99%	53.19%	1.28%	2.24%	16.01%	12.89%	1
6712	長聖	"462,547.00"	"100,448"	"153,118"	"60,456"	"222,206"	717	"222,923"	"222,923"	2.2	48.04%	78.28%	45.18%	-1.96%	-1.42%	-21.34%	0
6716	應廣	"829,325.00"	"498,430"	"188,866"	"17,223"	"136,944"	"2,889"	"139,833"	"139,833"	4.65	16.51%	39.90%	17.13%	4.04%	5.06%	3.79%	1
6720	久昌	"192,746.00"	"109,404"	"65,726"	"41,862"	"49,316"	"9,166"	"58,482"	"58,482"	1.65	25.59%	43.24%	9.14%	3.44%	4.70%	8.16%	1
6721	信實	"1,835,850.00"	"1,723,868"	"31,151"	"1,592"	"64,850"		"64,850"	"64,850"	2.88	3.53%	6.10%	4.40%	-0.06%	-0.14%	-0.08%	0
6725	矽科宏晟	"1,883,979.00"	"1,452,951"	"209,759"	"-1,537"	"179,891"	"7,670"	"187,561"	"187,561"	4.85	9.55%	22.88%	11.74%	-0.43%	-1.54%	-0.70%	0
6727	亞泰金屬	"1,192,336.00"	"876,755"	"126,429"	"14,835"	"162,663"	"9,317"	"171,980"	"171,980"	6.05	13.64%	26.47%	15.86%	1.05%	3.62%	2.26%	1
6728	上洋	"2,475,533.00"	"1,558,749"	"729,795"	"-6,155"	"143,755"	-400	"143,355"	"154,252"	5.14	5.81%	37.03%	7.55%	0.10%	0.71%	0.45%	1
6730	常廣	"242,022.00"	"132,702"	"70,807"	"1,655"	"32,134"	53	"32,187"	"32,187"	0.89	13.28%	45.17%	15.91%	-2.80%	-1.12%	-0.51%	0
6732	昇佳電子	"2,037,803.00"	"1,597,601"	"348,480"	"134,861"	"199,842"	"482,078"	"681,920"		4.09	9.81%	21.60%	4.50%	-0.42%	-1.37%	-0.45%	0
6733	博晟生醫	"114,435.00"	"32,914"	"133,183"	"4,163"	"-43,302"	-285	"-43,587"	"-40,822"	-0.31	-37.84%	71.24%	-45.15%	-1.14%	-8.51%	-5.75%	0
6735	美達科技	"199,435.00"	"98,684"	"86,543"	"16,064"	"23,948"	"-1,970"	"21,978"	"21,978"	0.52	12.01%	50.52%	7.12%	2.12%	1.53%	-2.30%	0
6739	竹陞科技	"643,983.00"	"209,226"	"57,547"	"8,349"	"310,517"	315	"310,832"	"310,832"	13.31	48.22%	67.51%	58.57%	-0.87%	-0.37%	0.90%	0
6741	91APP*-KY	"1,099,256.00"	"289,174"	"509,249"	"31,708"	"264,981"	"-3,819"	"261,162"	"258,490"	2.3	24.11%	73.69%	27.37%	-0.50%	-0.95%	-0.61%	0
6751	智聯服務	"852,461.00"	"734,551"	"88,436"	"9,919"	"32,606"	"4,548"	"37,154"	"34,316"	1.34	3.82%	13.83%	3.46%	3.02%	0.98%	2.06%	1
6752	叡揚	"987,948.00"	"524,616"	"346,592"	"10,314"	"109,321"	-423	"108,898"	"108,802"	2.94	11.07%	46.90%	11.82%	0.54%	-0.21%	0.43%	0
6761	穩得	"981,186.00"	"606,678"	"222,902"	"1,802"	"126,242"	"-4,259"	"121,983"	"121,753"	3.62	12.87%	38.17%	15.45%	-0.13%	0.35%	0.58%	0
6762	達亞	"342,767.00"	"266,792"	"57,581"	"-9,581"	"7,913"		"7,913"		0.21	2.31%	22.17%	5.37%	6.63%	14.37%	12.21%	1
6763	綠界科技*	"934,775.00"	"546,413"	"160,450"	"28,356"	"197,337"	"-8,247"	"189,090"	"191,370"	1.08	21.11%	41.55%	24.38%	-0.39%	-0.67%	-1.01%	0
6767	台微醫	"166,561.00"	"37,548"	"126,647"	"-2,971"	-601	34	-567	-567	-0.02	-0.36%	77.46%	1.42%	-1.69%	-3.21%	-4.48%	0
6785	昱展新藥	"1,500.00"	145	"60,261"	"43,072"	"-19,597"		"-19,597"		-0.29	-1306.47%	90.33%	-3927.07%	90.33%	-3927.07%	12764.33%	0
6788	華景電	"1,427,133.00"	"568,103"	"361,125"	"17,731"	"376,960"	"41,049"	"418,009"	"420,427"	9.79	26.41%	60.19%	34.89%	-0.14%	0.86%	0.16%	0
6791	虎門科技	"400,586.00"	"238,173"	"107,391"	"12,357"	"54,680"	-150	"54,530"	"55,034"	2.65	13.65%	40.54%	13.74%	-1.15%	-1.70%	-3.13%	0
6803	崑鼎	"4,710,069.00"	"3,802,592"	"67,495"	"26,797"	"705,524"	"23,119"	"728,643"	"674,971"	8.96	14.98%	19.27%	17.83%	-0.56%	-0.77%	-0.58%	0
6804	明係	"784,208.00"	"698,847"	"64,292"	"1,664"	"17,165"	0	"17,165"	"17,165"	0.38	2.19%	10.88%	2.69%	2.68%	2.15%	0.43%	1
6811	宏碁資訊	"5,923,797.00"	"5,188,915"	"246,643"	"9,665"	"393,246"	"5,638"	"398,884"	"398,884"	9.49	6.64%	12.41%	8.24%	0.03%	-0.17%	-0.08%	0
6821	聯寶	"284,514.00"	"181,096"	"86,308"	"21,959"	"32,701"	"8,479"	"41,180"	"41,180"	1.03	11.49%	36.35%	6.01%	-0.07%	3.02%	3.48%	0
6823	濾能	"310,866.00"	"354,763"	"100,551"	"1,274"	"-142,175"	"16,507"	"-125,668"	"-127,381"	-4.73	-45.74%	-14.12%	-46.47%	-0.49%	5.26%	8.39%	0
6829	千附精密	"1,171,369.00"	"855,781"	"109,128"	"13,007"	"177,263"		"177,263"		2.99	15.13%	26.94%	17.63%	0.76%	0.07%	-0.87%	0
6840	東研信超	"489,203.00"	"293,406"	"159,831"	"-1,289"	"32,181"	"19,891"	"52,072"	"52,072"	1.06	6.58%	40.02%	7.35%	-0.17%	5.83%	4.86%	0
6841	長佳智能	"167,138.00"	"44,943"	"97,723"	"2,236"	"9,138"		"9,138"	"12,397"	0.13	5.47%	73.11%	14.64%	3.06%	8.11%	-24.86%	0
6843	進典	"371,069.00"	"226,811"	"133,090"	"2,940"	"17,963"	"10,082"	"28,045"	"30,313"	0.61	4.84%	38.88%	3.01%	-0.63%	2.08%	-1.60%	0
6844	諾貝兒	"1,705,388.00"	"1,122,980"	"540,390"	"44,149"	"75,827"	"-6,463"	"69,364"	"69,364"	2.03	4.45%	34.15%	2.46%	-0.49%	-0.44%	-2.48%	0
6846	綠茵	"393,850.00"	"207,219"	"125,379"	"-2,287"	"46,049"	-148	"45,901"	"45,901"	1.7	11.69%	47.39%	15.55%	-1.31%	-3.55%	-4.02%	0
6855	數泓科	"311,220.00"	"159,395"	"49,762"	"21,490"	"96,524"	"1,630"	"98,154"		4.15	31.01%	48.78%	32.79%	0.03%	3.33%	-4.42%	0
6856	鑫傳	"347,891.00"	"108,330"	"187,030"	"-6,797"	"31,937"	"-5,289"	"26,648"	"30,051"	1.25	9.18%	68.86%	15.10%	1.02%	2.42%	1.66%	1
6859	伯特光	"324,397.00"	"250,973"	"56,436"	"32,776"	"41,946"	666	"42,612"	"42,612"	1.01	12.93%	22.63%	5.24%	-4.98%	-6.70%	-11.36%	0
6865	偉康科技	"115,555.00"	"64,249"	"74,096"	"-4,373"	"-23,389"	-75	"-23,464"		-1.5	-20.24%	44.40%	-19.72%	9.12%	24.17%	16.63%	1
6870	騰雲	"475,628.00"	"140,228"	"252,745"	"6,973"	"67,097"	"3,708"	"70,805"	"75,069"	2.54	14.11%	70.52%	17.38%	4.23%	0.56%	3.11%	1
6872	浩宇生醫	"21,505.00"	"11,026"	"90,162"	"7,429"	"-72,254"	803	"-71,451"	"-71,757"	-1.02	-335.99%	48.73%	-370.53%	-7.28%	-179.74%	-182.72%	0
6874	倍力	"1,347,002.00"	"1,185,536"	"75,228"	"-2,813"	"66,736"		"66,736"		3.1	4.95%	11.99%	6.40%	2.42%	0.85%	0.52%	1
6875	國邑*	"1,792.00"	"1,462"	"205,474"	"10,847"	"-194,297"	1	"-194,296"	"-194,296"	-1.5	-10842.47%	18.42%	-11447.77%	0.00%	-5686.33%	-5587.95%	0
6877	鏵友益	"102,821.00"	"52,575"	"104,076"	"3,253"	"-51,072"	"-2,583"	"-53,655"	"-53,655"	-1.09	-49.67%	48.87%	-52.35%	1.13%	31.33%	28.50%	1
6881	潤德	"1,182,909.00"	"932,931"	"74,374"	"2,777"	"142,690"	"-8,573"	"134,117"		9.51	12.06%	21.13%	14.85%	0.04%	-0.17%	-0.11%	0
6884	海柏特	"682,223.00"	"558,249"	"102,233"	"1,317"	"16,126"	"-4,674"	"11,452"	"11,435"	0.88	2.36%	18.17%	3.19%	-1.57%	-0.61%	-0.16%	0
6894	衛司特	"1,106,308.00"	"702,595"	"90,089"	"1,160"	"227,240"	"20,201"	"247,441"	"249,780"	9.7	20.54%	36.49%	28.35%	0.67%	0.53%	-0.57%	0
6895	宏碩系統	"208,043.00"	"228,023"	"53,510"	"5,234"	"-70,629"		"-70,629"		-2.07	-33.95%	-9.60%	-35.32%	-33.97%	-32.99%	-33.81%	0
6899	創為精密	"556,324.00"	"336,210"	"126,962"	"21,512"	"94,088"	"1,518"	"95,606"	"95,807"	2.25	16.91%	39.57%	16.74%	-2.01%	-1.73%	-0.30%	0
6903	巨漢	"4,004,703.00"	"2,716,186"	"134,039"	"18,709"	"931,176"		"931,176"		14.14	23.25%	32.18%	28.83%	0.75%	0.52%	0.27%	1
6904	伯鑫	"476,051.00"	"342,579"	"71,917"	"16,018"	"64,395"	"1,981"	"66,376"	"66,376"	3.48	13.53%	28.04%	12.93%	-1.46%	-0.91%	-1.26%	0
6907	雅特力-KY	"1,616,230.00"	"1,001,919"	"359,306"	"12,732"	"242,879"	"40,860"	"283,739"	"283,739"	4	15.03%	38.01%	15.78%	2.90%	5.16%	4.58%	1
6910	德鴻	"186,951.00"	"84,621"	"68,819"	"1,808"	"27,378"	"2,167"	"29,545"	"29,545"	0.9	14.64%	54.74%	17.93%	1.95%	5.37%	4.67%	1
6913	鴻呈	"1,614,485.00"	"1,130,743"	"261,243"	"16,247"	"188,169"	"25,998"	"214,167"	"202,316"	4.11	11.66%	29.96%	13.78%	0.77%	2.09%	1.49%	1
6922	宸曜	"1,135,607.00"	"680,742"	"247,658"	"1,171"	"152,797"	"5,846"	"158,643"	"158,643"	5.63	13.46%	40.05%	18.25%	-0.25%	0.23%	-0.31%	0
6925	意藍	"98,441.00"	"23,423"	"52,372"	"3,000"	"21,602"		"21,602"		1.08	21.94%	76.21%	23.00%	0.76%	5.79%	5.35%	1
6929	佑全	"1,599,497.00"	"1,071,181"	"552,394"	174	"-23,904"	"-16,209"	"-40,113"		-0.53	-1.49%	33.03%	-1.51%	-0.14%	-0.13%	-0.29%	0
6945	圓祥生技	0	0	"259,620"	"42,327"	"-217,293"	"2,332"	"-214,961"	"-214,961"	-2.49							0
6953	家碩	"634,597.00"	"317,264"	"184,671"	"38,208"	"147,607"	"65,379"	"212,986"	"212,986"	4.92	23.26%	50.01%	20.90%	3.26%	4.87%	9.00%	1
6961	旅天下	"2,245,338.00"	"1,930,249"	"268,624"	"12,398"	"48,262"	"-3,049"	"45,213"	"44,768"	1.81	2.15%	14.03%	2.07%	-2.21%	-2.57%	-1.91%	0
6967	汎瑋材料	"820,362.00"	"592,232"	"133,216"	"-3,286"	"66,705"	"13,732"	"80,437"	"80,437"	2.73	8.13%	27.81%	11.57%	1.09%	2.42%	1.25%	1
6968	萬達寵物	"1,832,794.00"	"1,077,219"	"649,827"	"-8,380"	"74,043"		"74,043"	"74,006"	1.5	4.04%	41.23%	5.77%	0.08%	-1.41%	-1.14%	0
6971	惠民實業	"980,204.00"	"884,407"	"40,660"	"-11,225"	"31,402"	-902	"30,500"	"30,627"	0.82	3.20%	9.77%	5.63%	0.94%	1.19%	2.38%	1
6982	大井泵浦	"1,015,662.00"	"774,198"	"208,016"	"-11,590"	"16,160"	"4,085"	"20,245"	"20,245"	0.4	1.59%	23.77%	3.29%	-0.31%	1.15%	0.79%	0
6983	華洋精機	"118,655.00"	"46,997"	"51,594"	"2,531"	"17,448"		"17,448"		1.07	14.70%	60.39%	16.91%	9.93%	10.42%	8.42%	1
6986	和迅	"166,392.00"	"11,710"	"72,092"	"3,571"	"65,782"		"65,782"		1.42	39.53%	92.96%	49.64%				0
6996	力領科技	"1,581,558.00"	"917,202"	"312,976"	"32,469"	"326,817"	"54,061"	"380,878"		7.84	20.66%	42.01%	22.22%	1.18%	2.11%	1.74%	1
6997	博弘	"2,700,718.00"	"2,466,855"	"266,451"	"12,526"	"-18,979"	474	"-18,505"	"-18,505"	-0.86	-0.70%	8.66%	-1.21%	-0.38%	4.92%	3.86%	0
7402	邑錡	"226,169.00"	"153,568"	"82,306"	"-2,071"	"-10,597"	0	"-10,597"		-0.3	-4.69%	32.10%	-4.29%	6.39%	13.80%	9.30%	1
7547	碩網	"195,340.00"	"85,458"	"50,753"	"6,183"	"51,232"	844	"52,076"	"52,076"	1.52	26.23%	56.25%	30.27%	15.02%	14.68%	10.79%	1
7556	意德士科技	"428,122.00"	"253,817"	"68,523"	"71,363"	"151,229"	"334,595"	"485,824"	"486,069"	5.25	35.32%	40.71%	24.71%	1.49%	0.82%	3.07%	1
7584	樂意	"479,108.00"	"297,796"	"192,998"	"-4,345"	"-18,016"	"4,470"	"-13,546"	"-13,546"	-1.11	-3.76%	37.84%	-2.44%	4.75%	6.43%	5.21%	1
7642	昶瑞機電	"313,778.00"	"226,952"	"47,059"	"7,230"	"37,817"		"37,817"	"37,817"	1.25	12.05%	27.67%	12.67%	-0.71%	1.64%	-0.06%	0
7703	銳澤	"1,310,407.00"	"1,010,426"	"171,396"	"5,578"	"118,379"	-125	"118,254"	"122,659"	3.53	9.03%	22.89%	9.81%	2.30%	1.96%	2.39%	1
7704	明遠精密	"369,143.00"	"228,161"	"72,957"	"6,720"	"65,271"	"5,663"	"70,934"	"71,347"	1.95	17.68%	38.19%	18.43%	3.43%	3.90%	4.32%	1
7708	全家餐飲	"1,468,321.00"	"763,972"	"567,714"	"-3,569"	"105,867"	949	"106,816"	"106,816"	4.15	7.21%	47.97%	9.31%	0.33%	0.83%	0.43%	1
7709	榮田	"479,523.00"	"352,256"	"77,192"	"34,440"	"67,775"		"67,775"		1.73	14.13%	26.54%	10.44%	4.86%	8.73%	6.26%	1
7712	博盛半導體	"757,838.00"	"491,938"	"136,888"	"10,986"	"113,046"	102	"113,148"	"113,148"	3.47	14.92%	35.09%	17.02%	-0.21%	1.73%	0.95%	0
7713	威力德生醫	"618,066.00"	"398,346"	"58,671"	"1,798"	"131,671"	"-4,918"	"126,753"	"126,753"	2.9	21.30%	35.55%	26.06%	1.04%	1.09%	2.30%	1
7714	創泓科技	"1,029,567.00"	"844,447"	"95,858"	"13,781"	"83,697"	552	"84,249"	"84,233"	3.98	8.13%	17.98%	8.67%	-1.25%	-0.15%	0.70%	0
7715	裕山	"435,203.00"	"348,674"	"60,829"	18	"21,185"	715	"21,900"	"21,900"	0.65	4.87%	19.88%	5.91%	-8.28%	-6.36%	-6.13%	0
7716	昱臺國際	"1,001,288.00"	"796,852"	"173,107"	"-3,208"	"19,893"	"4,780"	"24,673"	"24,406"	0.87	1.99%	20.42%	3.13%	-0.84%	1.41%	1.10%	0
7718	友鋮	"1,255,814.00"	"1,003,670"	"116,438"	"10,543"	"116,107"	"1,659"	"117,766"	"117,766"	2.55	9.25%	20.08%	10.81%	-0.08%	-1.06%	-1.61%	0
7723	築間	"2,069,303.00"	"1,149,395"	"1,056,710"	"-13,417"	"-139,186"	"-1,200"	"-140,386"	"-137,131"	-2.83	-6.73%	44.45%	-6.61%	-0.24%	-1.08%	-2.55%	0
7728	光焱科技	"208,318.00"	"75,693"	"92,831"	"5,723"	"36,291"	902	"37,193"	"37,193"	2.59	17.42%	63.66%	19.10%	-3.37%	-3.15%	-3.74%	0
7734	印能科技	"1,789,644.00"	"603,016"	"233,587"	"77,563"	"803,068"	"13,306"	"816,374"	"809,200"	28.72	44.87%	66.31%	53.25%	1.05%	0.26%	-2.50%	0
7738	東聯互動	"306,259.00"	"136,547"	"71,678"	"-2,754"	"162,480"	"-19,499"	"142,981"	"142,981"	5.94	53.05%	55.41%	32.01%	0.91%	1.21%	1.63%	1
7743	金利食安	"364,686.00"	"263,833"	"75,586"	"2,622"	"22,513"	"-6,848"	"15,665"	"19,589"	0.62	6.17%	27.65%	6.93%	5.07%	6.69%	5.06%	1
7744	崴寶	"1,997,252.00"	"1,256,650"	"207,869"	"43,967"	"431,281"	"29,044"	"460,325"	"460,325"	13.46	21.59%	37.08%	26.67%	0.95%	1.47%	1.13%	1
7747	昕奇雲端	"874,045.00"	"737,081"	"47,946"	"13,982"	"86,246"	"-1,312"	"84,934"	"81,403"	2.74	9.87%	15.67%	10.18%	0.48%	0.99%	0.72%	1
7751	竑騰	"1,349,641.00"	"649,602"	"243,667"	"21,916"	"373,857"	"3,615"	"377,472"	"375,751"	13.85	27.70%	51.87%	33.81%	-3.83%	-2.33%	-2.86%	0
7753	星亞	"417,443.00"	"267,595"	"90,743"	"13,864"	"55,995"		"55,995"		2.24	13.41%	35.90%	14.16%	-1.46%	2.60%	-0.36%	0
7757	金色三麥	"1,141,826.00"	"519,180"	"522,076"	45	"73,864"	0	"73,864"	"77,899"	3.23	6.47%	54.53%	8.81%	0.17%	0.27%	-0.21%	0
7767	仁大資訊	"1,640,990.00"	"1,442,703"	"111,343"	"1,325"	"68,999"	228	"69,227"	"69,227"	2.29	4.20%	12.08%	5.30%	-1.99%	0.55%	0.18%	0
7770	君曜	"123,398.00"	"82,767"	"38,364"	"11,439"	"9,737"	4	"9,741"	"9,741"	0.32	7.89%	32.93%	1.84%	3.92%	8.07%	1.99%	1
7772	耀穎	"190,140.00"	"136,912"	"51,070"	"3,173"	"4,611"	-354	"4,257"		0.19	2.43%	27.99%	1.13%	-3.71%	-7.11%	-6.41%	0
7777	能率亞洲	"176,475.00"		"22,192"	"3,976"	"151,213"	"-17,864"	"133,349"		0.81	85.69%			0.00%	0.00%	-29.80%	0
7782	光速火箭	"353,018.00"	"118,995"	"208,839"	-613	"20,220"		"20,220"	"21,854"	0.95	5.73%	66.29%	7.13%	0.15%	-1.63%	-0.75%	0
7792	安葆	"3,177,087.00"	"2,551,127"	"204,367"	"-7,090"	"316,023"	"11,178"	"327,201"	"327,201"	6.85	9.95%	19.70%	13.27%	4.57%	5.00%	4.23%	1
7794	宏碁智新	"599,894.00"	"480,009"	"81,455"	"3,045"	"35,018"	"-2,798"	"32,220"	"32,220"	1.33	5.84%	19.98%	6.41%	0.36%	0.72%	0.68%	1
7805	威聯通	"3,449,729.00"	"1,381,801"	"1,094,637"	"45,573"	"768,994"	"320,496"	"1,089,490"	"1,089,490"	23.21	22.29%	59.94%	28.21%	-1.34%	-2.39%	-1.97%	0
7810	捷創科技	"418,152.00"	"191,346"	"115,897"	"17,077"	"103,585"	-494	"103,091"		5.12	24.77%	54.24%	26.52%	4.00%	5.78%	3.47%	1
7811	民盛	"1,404,749.00"	"1,118,998"	"220,804"	"50,218"	"90,267"	"-53,155"	"37,112"	"37,112"	2.82	6.43%	20.34%	4.62%	1.24%	3.39%	1.44%	1
7814	海昌生技	"48,237.00"	"16,551"	"35,645"	"1,552"	"-2,407"		"-2,407"	"-2,407"	-0.06	-4.99%	65.69%	-8.21%				0
7819	精誠金融	"192,026.00"	"101,127"	"78,590"	"1,631"	"10,618"		"10,618"		0.47	5.53%	47.34%	6.41%	-1.37%	-3.65%	-3.40%	0
7820	立盈	"205,586.00"	"90,269"	"45,126"	518	"57,187"		"57,187"		1.6	27.82%	56.09%	34.14%	-0.14%	0.07%	0.19%	0
7828	創新服務	"511,463.00"	"105,141"	"204,861"	"16,238"	"172,564"	767	"173,331"	"173,331"	4.52	33.74%	79.44%	39.39%	-0.74%	14.09%	9.24%	0
7839	達人網	"89,742.00"	"8,472"	"67,202"	"3,974"	"15,325"	122	"15,447"	"15,447"	1.13	17.08%	90.56%	15.68%				0
7842	天能綠電	"1,675,612.00"	"1,575,291"	"35,432"	-45	"51,573"		"51,573"	"51,573"	3.23	3.08%	5.99%	3.87%	0.50%	0.43%	0.32%	1
8024	佑華	"104,854.00"	"71,906"	"72,310"	"5,591"	"-34,011"	"2,154"	"-31,857"	"-31,857"	-0.75	-32.44%	31.42%	-37.54%	1.73%	39.81%	39.04%	1
8027	鈦昇	"1,009,394.00"	"709,264"	"387,876"	"30,710"	"-49,381"	"23,144"	"-26,237"	"-25,704"	-0.46	-4.89%	29.73%	-8.69%	-0.01%	9.24%	1.31%	0
8032	光菱	"2,478,329.00"	"2,167,841"	"202,616"	"15,910"	"92,452"	"-55,799"	"36,653"	"36,575"	1.78	3.73%	12.53%	4.35%	-0.66%	-0.21%	-0.38%	0
8034	榮群	"123,529.00"	"59,065"	"56,647"	"5,500"	"13,804"		"13,804"	"13,804"	0.25	11.17%	52.19%	6.33%	-1.39%	10.35%	10.34%	0
8038	長園科	"345,295.00"	"263,660"	"75,703"	499	"6,431"	-40	"6,391"	"1,932"	0.03	1.86%	23.64%	1.72%	-10.25%	-8.37%	-8.33%	0
8040	九暘	"432,078.00"	"242,390"	"168,461"	"15,180"	"36,407"		"36,407"		0.38	8.43%	43.90%	4.91%	0.93%	2.59%	2.14%	1
8042	金山電	"2,380,422.00"	"1,874,496"	"321,677"	"315,963"	"381,320"	"263,593"	"644,913"	"637,523"	2.84	16.02%	21.25%	7.74%	-0.72%	0.38%	-10.05%	0
8043	蜜望實	"3,666,277.00"	"3,414,560"	"156,375"	"75,520"	"135,907"	"18,096"	"154,003"	"154,003"	1.7	3.71%	6.87%	2.60%	-0.24%	-0.93%	-1.96%	0
8044	網家	"18,950,786.00"	"16,001,056"	"2,830,447"	"-73,796"	"-106,075"	"28,184"	"-77,891"	"-215,470"	-1.06	-0.56%	15.57%	0.63%	0.16%	-0.19%	-0.36%	0
8047	星雲	"259,893.00"	"158,772"	"119,641"	"16,401"	"-1,998"	"6,512"	"4,514"	"-6,513"	-0.28	-0.77%	38.91%	-7.13%	7.89%	8.54%	12.44%	1
8048	德勝	"643,557.00"	"426,478"	"106,640"	"2,431"	"89,233"	"29,357"	"118,590"	"118,590"	1.5	13.87%	33.73%	17.16%	0.04%	0.99%	1.72%	1
8049	晶采	"646,558.00"	"442,739"	"84,311"	"25,390"	"114,569"	"252,097"	"366,666"	"366,666"	0.97	17.72%	31.52%	18.48%	-0.15%	1.04%	-0.74%	0
8050	廣積	"3,334,070.00"	"2,503,027"	"636,663"	"187,200"	"312,020"	"172,693"	"484,713"	"566,297"	2.69	9.36%	24.93%	5.83%	1.63%	4.80%	0.05%	1
8054	安國	"2,889,252.00"	"2,421,069"	"623,263"	"77,964"	"-74,938"	"-78,265"	"-153,203"	"-58,150"	-0.23	-2.59%	16.20%	-5.37%	0.48%	-3.25%	-2.14%	0
8059	凱碩	"4,859,854.00"	"4,175,177"	"660,560"	"-39,619"	"-44,204"	"55,637"	"11,433"	"-24,629"	-0.65	-0.91%	14.09%	0.50%	-3.44%	-1.81%	-1.34%	0
8064	東捷	"1,227,623.00"	"891,461"	"272,921"	"74,508"	"105,842"	"79,723"	"185,565"	"169,299"	0.52	8.62%	27.38%	5.15%	2.73%	0.89%	-1.03%	0
8066	來思達	"2,032,025.00"	"1,850,806"	"227,498"	"-12,789"	"-33,727"	"7,906"	"-25,821"	"-31,241"	-1.09	-1.66%	8.92%	-2.28%	1.08%	2.08%	1.69%	1
8067	志旭	"45,425.00"	"20,873"	"34,820"	"11,236"	771	"2,862"	"3,633"	"3,633"	0.03	1.70%	54.05%	-22.60%	3.61%	10.34%	61.01%	1
8068	全達	"684,824.00"	"591,279"	"103,162"	"-2,865"	"-15,118"	"4,387"	"-10,731"	"-10,935"	-0.18	-2.21%	13.66%	-1.40%	-1.05%	-1.42%	1.17%	0
8069	元太	"18,849,583.00"	"7,699,935"	"4,794,239"	"1,559,181"	"6,553,462"	"6,943,150"	"13,496,612"	"13,452,623"	5.65	34.77%	59.15%	33.72%	-0.50%	1.12%	2.39%	0
8071	能率網通	"1,153,929.00"	"969,533"	"200,778"	"-12,120"	"-44,889"	"55,542"	"10,653"	"12,254"	-0.72	-3.89%	15.98%	-1.42%	1.19%	2.04%	0.87%	1
8074	鉅橡	"784,046.00"	"574,545"	"119,208"	"8,131"	"82,812"	"45,455"	"128,267"	"119,738"	0.96	10.56%	26.72%	11.52%	0.44%	-1.47%	-1.65%	0
8076	伍豐	"1,349,589.00"	"895,987"	"303,419"	"-18,776"	"96,228"	"-107,439"	"-11,211"	"-11,402"	0.33	7.13%	33.61%	11.13%	-1.41%	-2.00%	-0.07%	0
8077	洛碁	"537,608.00"	"382,675"	"60,923"	"-18,927"	"71,522"		"71,522"		3.26	13.30%	28.82%	17.49%	-1.88%	-2.25%	-2.54%	0
8080	泰霖	"46,170.00"	"21,601"	"21,704"	"-4,638"	"-1,912"	"-1,871"	"-3,783"	"-3,783"	-0.03	-4.14%	53.21%	6.21%	2.51%	-6.72%	-8.43%	0
8083	瑞穎	"767,295.00"	"436,144"	"59,095"	"5,327"	"221,906"		"221,906"		6.32	28.92%	43.16%	35.46%	0.85%	1.77%	0.94%	1
8084	巨虹	"282,200.00"	"156,612"	"127,623"	"39,014"	"32,724"	207	"32,931"	"-3,067"	-0.05	11.60%	44.50%	-0.72%	-3.44%	-15.42%	-27.83%	0
8085	福華	"320,218.00"	"305,998"	"69,096"	"-10,380"	"-65,583"	"-44,012"	"-109,595"	"-109,595"	-0.47	-20.48%	4.44%	-17.14%	0.70%	-3.09%	-7.64%	0
8086	宏捷科	"2,520,757.00"	"1,708,197"	"188,664"	"41,664"	"575,232"		"575,232"		2.93	22.82%	32.23%	24.75%	-2.40%	-2.60%	-1.47%	0
8087	麗升能源	"485,728.00"	"413,399"	"34,551"	"-5,647"	"21,729"	"-8,533"	"13,196"	"13,196"	0.56	4.47%	14.89%	7.78%	-4.42%	-8.84%	-7.55%	0
8088	品安	"876,233.00"	"752,545"	"45,856"	"9,652"	"69,645"	"33,206"	"102,851"		1.14	7.95%	14.12%	8.88%	-5.66%	-5.53%	-4.58%	0
8089	康全電訊	"209,296.00"	"141,432"	"189,267"	"26,146"	"-97,347"	"-12,534"	"-109,881"	"-109,881"	-1.47	-46.51%	32.42%	-58.01%	9.88%	16.56%	19.51%	1
8091	翔名	"1,541,329.00"	"961,196"	"219,326"	"16,957"	"307,373"	"24,094"	"331,467"	"333,005"	5.85	19.94%	37.64%	23.41%	-2.95%	1.57%	-0.14%	0
8092	建暐	"142,804.00"	"121,828"	"35,989"	"-1,133"	"-16,146"	-476	"-16,622"	"-16,621"	-0.28	-11.31%	14.69%	-10.51%	8.13%	14.18%	19.23%	1
8093	保銳	"127,804.00"	"108,664"	"54,438"	"3,378"	"-31,627"	"4,863"	"-26,764"	"-27,309"	-0.66	-24.75%	14.98%	-27.62%	-1.84%	-1.43%	-0.46%	0
8096	擎亞	"27,489,960.00"	"26,441,721"	"444,413"	"-106,446"	"493,646"	"16,415"	"510,061"	"510,061"	3.31	1.80%	3.81%	2.20%	-2.34%	-2.05%	-1.00%	0
8097	常珵	"158,297.00"	"149,218"	"50,372"	"-28,382"	"-69,963"	335	"-69,628"	"-69,628"	-1.14	-44.20%	5.74%	-26.09%	2.80%	5.68%	18.15%	1
8099	大世科	"2,525,392.00"	"1,923,645"	"411,487"	"14,057"	"158,222"	-32	"158,190"	"158,190"	1.58	6.27%	23.83%	7.53%	-1.44%	-0.06%	-0.52%	0
8102	傑霖科技	"224,773.00"	"130,953"	"58,896"	"3,227"	"32,371"	64	"32,435"	"32,435"	1.39	14.40%	41.74%	15.54%	5.50%	7.08%	5.19%	1
8107	大億金茂	"343,854.00"	"289,060"	"115,389"	"123,797"	"78,505"	"23,107"	"101,612"	"101,612"	1.05	22.83%	15.94%	-17.62%	-3.68%	-5.83%	21.74%	0
8109	博大	"1,024,251.00"	"508,386"	"146,622"	"15,877"	"313,942"	"23,848"	"337,790"	"337,790"	3.84	30.65%	50.37%	36.05%	0.25%	0.48%	0.25%	1
8111	立碁	"401,295.00"	"281,802"	"115,579"	"50,359"	"47,078"	"29,541"	"76,619"	"76,317"	0.43	11.73%	29.78%	0.98%	-1.01%	0.43%	2.04%	0
8121	越峰	"1,745,282.00"	"1,430,297"	"295,802"	"-24,971"	"-16,198"	"74,831"	"58,633"	"58,968"	0	-0.93%	18.05%	1.10%	-1.38%	-1.81%	-2.42%	0
8147	正淩	"983,103.00"	"610,473"	"283,929"	"-12,395"	"57,964"	"7,575"	"65,539"	"64,992"	1.38	5.90%	37.90%	9.02%	-2.38%	-1.13%	-2.27%	0
8155	博智	"3,129,920.00"	"2,380,963"	"298,176"	"21,186"	"401,604"	"6,651"	"408,255"	"407,625"	6.69	12.83%	23.93%	14.40%	-0.12%	0.33%	0.13%	0
8171	天宇	"235,940.00"	"231,589"	"143,802"	"45,792"	"-90,543"	"4,413"	"-86,130"	"-71,201"	-0.68	-38.38%	1.84%	-59.10%	0.05%	11.37%	-2.22%	0
8176	智捷	"166,368.00"	"97,418"	"65,081"	"-1,635"	-433	"15,595"	"15,162"	"16,252"	0	-0.26%	41.44%	2.33%	1.25%	11.14%	10.64%	1
8182	加高	"1,404,173.00"	"1,225,022"	"174,931"	"41,466"	"33,727"	"-41,823"	"-8,096"	"-7,727"	0.32	2.40%	12.76%	0.30%	-1.88%	-1.21%	0.09%	0
8183	精星	"4,067,379.00"	"3,557,704"	"398,624"	"56,175"	"125,523"	"501,334"	"626,857"	"626,857"	1.04	3.09%	12.53%	2.73%	0.51%	0.94%	1.17%	1
8227	巨有科技	"982,601.00"	"808,116"	"103,179"	"73,630"	"127,632"	414	"128,046"	"128,046"	3.23	12.99%	17.76%	7.26%	-1.13%	0.50%	6.19%	0
8234	新漢	"2,823,290.00"	"2,175,940"	"684,139"	"12,784"	"-19,128"	"-2,108"	"-21,236"	"-23,110"	-0.16	-0.68%	22.93%	-1.30%	0.34%	6.19%	4.98%	1
8240	華宏	"3,252,347.00"	"2,790,880"	"384,889"	"66,198"	"116,200"	"254,551"	"370,751"	"367,653"	1.18	3.57%	14.19%	2.35%	-0.59%	-1.03%	1.12%	0
8255	朋程	"4,068,745.00"	"2,971,732"	"837,251"	"67,859"	"262,404"	"1,404,505"	"1,666,909"	"1,722,031"	3.14	6.45%	26.96%	6.38%	0.02%	0.00%	-0.20%	0
8272	全景軟體	"200,377.00"	"51,460"	"118,110"	"5,181"	"27,558"		"27,558"		1.45	13.75%	74.32%	15.37%	-0.66%	6.96%	4.45%	0
8277	商丞	"56,391.00"	"37,235"	"35,374"	-558	"-16,777"	-20	"-16,797"	"-16,797"	-0.18	-29.75%	33.97%	-28.76%	0.20%	-0.14%	2.67%	0
8279	生展	"1,010,074.00"	"685,986"	"196,606"	527	"103,120"	269	"103,389"	"103,389"	3.81	10.21%	32.09%	12.62%	-0.89%	2.21%	2.20%	0
8284	三竹	"1,562,371.00"	"1,156,244"	"240,819"	"10,253"	"145,258"		"145,258"	"145,258"	3.13	9.30%	25.99%	10.58%	1.80%	2.59%	1.29%	1
8289	泰藝	"954,096.00"	"725,652"	"177,517"	"5,531"	"43,335"	"46,597"	"89,932"	"89,932"	0.63	4.54%	23.94%	5.34%	0.13%	1.10%	0.27%	1
8291	尚茂	"2,550.00"	"7,310"	"7,576"	"-3,479"	"-15,842"		"-15,842"		-0.91	-621.25%	-186.67%	-483.76%	47.85%	91.19%	159.98%	1
8299	群聯	"108,855,209.00"	"39,165,654"	"28,241,279"	"7,761,735"	"41,394,048"	"301,167"	"41,695,215"	"41,692,692"	187.43	38.03%	64.02%	38.08%	2.20%	1.35%	0.98%	1
8342	益張	"818,969.00"	"593,049"	"106,120"	"34,233"	"133,329"	"-5,034"	"128,295"	"126,966"	3.94	16.28%	27.59%	14.63%	1.62%	1.90%	3.23%	1
8349	恒耀國際	"5,885,045.00"	"4,630,228"	"895,585"	"-39,183"	"215,333"	"249,233"	"464,566"	"498,080"	1.12	3.66%	21.32%	6.10%	0.13%	-0.58%	-0.93%	0
8354	冠好	"341,537.00"	"274,885"	"59,202"	"127,750"	"109,274"	"7,268"	"116,542"	"116,542"	1.39	31.99%	19.52%	2.18%	2.51%	-0.73%	18.35%	0
8358	金居	"5,336,763.00"	"3,841,632"	"161,362"	"3,621"	"1,064,656"	"1,229,976"	"2,294,632"	"2,294,632"	4.22	19.95%	28.02%	24.99%	-0.70%	-0.64%	-0.57%	0
8383	千附	"2,414,227.00"	"1,834,190"	"218,722"	"96,889"	"365,209"	"3,162"	"368,371"	"302,788"	2.66	15.13%	24.03%	14.97%	-2.15%	-1.02%	-0.10%	0
8390	金益鼎	"3,349,690.00"	"2,443,161"	"163,576"	"-130,977"	"493,536"	"-13,088"	"480,448"	"487,143"	5.16	14.73%	27.06%	22.18%	-1.70%	-1.44%	-1.85%	0
8401	白紗科	"769,948.00"	"532,164"	"140,409"	"-1,424"	"76,620"		"76,620"		1.08	9.95%	30.88%	12.65%	0.74%	1.43%	1.13%	1
8403	盛弘	"2,262,719.00"	"1,904,865"	"302,242"	"4,084"	"74,087"	"-121,692"	"-47,605"	"-39,812"	0.58	3.27%	15.82%	2.46%	2.03%	2.35%	2.36%	1
8409	商之器	"87,356.00"	"19,729"	"92,005"	"2,366"	"-20,081"	"1,318"	"-18,763"	"-18,763"	-0.63	-22.99%	77.42%	-27.91%	-3.26%	-19.71%	-20.02%	0
8410	森田	"432,905.00"	"294,510"	"120,636"	"29,134"	"37,514"	0	"37,514"		1.03	8.67%	31.97%	4.10%	0.66%	3.67%	-2.11%	0
8415	大國鋼	"14,073,408.00"	"8,511,022"	"2,486,980"	"-28,743"	"2,205,127"	"1,328,222"	"3,533,349"	"3,548,855"	2.17	15.67%	39.52%	21.85%	0.45%	0.96%	-0.25%	0
8416	實威	"844,252.00"	"386,335"	"226,582"	"8,365"	"185,718"	"5,951"	"191,669"	"191,669"	6.58	22.00%	54.24%	27.40%	-1.06%	-0.50%	-0.86%	0
8421	旭源	"672,638.00"	"531,627"	"108,635"	"-15,625"	"16,271"	"-7,626"	"8,645"	"3,907"	0.27	2.42%	20.96%	4.81%	1.09%	2.93%	0.71%	1
8424	惠普	"547,421.00"	"369,535"	"57,585"	"7,432"	"116,938"		"116,938"	"116,938"	3.24	21.36%	32.50%	21.98%	1.38%	-0.69%	1.50%	0
8431	匯鑽科	"454,349.00"	"412,211"	"146,836"	"-18,542"	"-117,163"	"9,104"	"-108,059"	"-98,741"	-2.31	-25.79%	9.27%	-23.04%	0.01%	-4.41%	-4.69%	0
8432	東生華	"616,505.00"	"276,491"	"213,699"	"5,414"	"98,313"	"-12,036"	"86,277"	"72,527"	2.2	15.95%	55.15%	20.49%	0.39%	1.95%	1.22%	1
8433	弘帆	"1,754,713.00"	"1,347,289"	"265,574"	"43,424"	"152,293"	"55,906"	"208,199"	"208,199"	2.79	8.68%	23.22%	8.08%	0.55%	0.66%	-0.22%	0
8435	鉅邁	"325,741.00"	"166,924"	"101,839"	"54,148"	"96,854"	"9,560"	"106,414"	"108,402"	2.88	29.73%	48.76%	17.49%	-2.02%	-2.62%	11.54%	0
8436	大江	"3,354,161.00"	"1,796,494"	"950,772"	"5,439"	"538,033"	"161,982"	"700,015"	"622,617"	4.13	16.04%	46.44%	18.09%	1.03%	0.45%	1.35%	1
8440	綠電	"445,955.00"	"360,143"	"38,724"	"-2,943"	"33,639"		"33,639"	"33,639"	0.67	7.54%	19.24%	10.56%	1.71%	1.64%	1.53%	1
8446	華研	"616,921.00"	"244,376"	"129,987"	"12,883"	"202,914"	178	"203,092"	"204,044"	3.85	32.89%	60.39%	39.32%	-12.20%	-5.11%	-10.22%	0
8450	霹靂	"181,502.00"	"112,546"	"92,857"	"14,696"	"-9,205"	"2,591"	"-6,614"	"-6,442"	-0.18	-5.07%	37.99%	-13.17%	3.28%	-13.60%	-17.39%	0
8472	納維康	"248,738.00"	"162,671"	"97,128"	"7,526"	"-11,674"	24	"-11,650"	"-11,650"	-0.66	-4.69%	34.60%	-4.45%	0.82%	1.95%	-0.89%	0
8477	創業家	"221,397.00"	"189,627"	"42,683"	"37,554"	"24,207"	"92,034"	"116,241"	"113,457"	0.32	10.93%	14.35%	-4.93%	-5.82%	4.54%	14.56%	0
8489	三貝德	"968,944.00"	"433,998"	"428,196"	"-4,084"	"87,681"	18	"87,699"	"52,898"	0.89	9.05%	55.21%	11.02%	0.62%	-0.18%	1.04%	0
8905	裕國	"1,107,212.00"	"963,586"	"70,469"	"8,864"	"67,637"	"15,297"	"82,934"	"82,899"	0.59	6.11%	12.97%	6.61%	1.92%	2.27%	2.75%	1
8906	花王	"100,728.00"	"92,231"	"23,284"	"-4,938"	"-19,725"	"14,941"	"-4,784"	"-4,784"	-0.47	-19.58%	8.44%	-14.68%	-1.54%	-0.84%	0.11%	0
8908	欣雄	"5,261,793.00"	"4,714,500"	"127,193"	"-13,462"	"323,218"	"-76,294"	"246,924"	"246,791"	1.03	6.14%	10.40%	7.98%	0.36%	0.45%	0.14%	1
8916	光隆	"3,721,568.00"	"3,223,961"	"370,482"	"151,956"	"207,659"	"-17,157"	"190,502"	"191,011"	1.39	5.58%	13.37%	3.42%	1.59%	3.35%	3.77%	1
8917	欣泰	"1,544,756.00"	"1,249,926"	"61,044"	"50,838"	"234,178"	"7,161"	"241,339"		1.44	15.16%	19.09%	15.13%	1.61%	1.53%	2.51%	1
8921	沈氏	"306,931.00"	"283,578"	"62,981"	"-4,695"	"-44,641"	"151,663"	"107,022"	"119,947"	-0.64	-14.54%	7.61%	-12.91%	0.58%	-0.16%	-0.89%	0
8923	時報	"235,804.00"	"140,681"	"91,530"	"10,109"	"11,505"	289	"11,794"	"11,794"	0.38	4.88%	40.34%	1.52%	-3.19%	1.90%	0.04%	0
8924	大田	"2,016,062.00"	"1,842,667"	"182,460"	"-15,263"	"-48,408"	"140,029"	"91,621"	"91,621"	-0.58	-2.40%	8.60%	-0.45%	-2.90%	-3.45%	-2.83%	0
8927	北基	"7,636,750.00"	"6,420,351"	"702,697"	"-11,113"	"379,169"	"-13,172"	"365,997"	"251,016"	0.62	4.97%	15.93%	6.73%	-0.31%	0.79%	2.57%	0
8928	鉅明	"1,370,489.00"	"1,196,208"	"160,171"	"37,690"	"41,876"	607	"42,483"	"42,483"	0.82	3.06%	12.72%	1.03%	-0.02%	0.96%	-1.40%	0
8929	富堡	"349,244.00"	"265,995"	"121,498"	"45,068"	"8,827"	"6,323"	"15,150"	"13,759"	0.16	2.53%	23.84%	-10.95%	-0.22%	-4.12%	4.15%	0
8930	青鋼	"708,946.00"	"522,282"	"81,579"	"13,663"	"95,570"		"95,570"		1.19	13.48%	26.33%	14.82%	0.14%	0.09%	-0.88%	0
8931	大汽電	"1,304,430.00"	"1,113,165"	"75,852"	"-11,890"	"89,709"	"55,859"	"145,568"		0.73	6.88%	14.66%	8.85%	-2.20%	-2.13%	-0.68%	0
8932	智通*	"1,291,075.00"	"504,076"	"212,085"	"11,444"	"428,591"	"5,237"	"433,828"	"402,958"	1.13	33.20%	60.96%	44.53%	-0.23%	-0.52%	-1.62%	0
8933	愛地雅	"1,171,195.00"	"1,147,436"	"203,519"	"8,899"	"-180,561"	"23,145"	"-157,416"	"-157,416"	-0.55	-15.42%	2.03%	-15.35%	1.97%	3.66%	4.66%	1
8935	邦泰	"247,785.00"	"207,999"	"57,050"	-186	"-20,271"	"21,037"	766	766	-0.18	-8.18%	16.06%	-6.97%	-1.44%	-2.64%	-0.25%	0
8936	國統	"3,318,000.00"	"2,571,059"	"112,964"	-786	"497,059"	"-132,065"	"364,994"	"336,154"	1.87	14.98%	22.51%	19.11%	-0.07%	-0.22%	-0.25%	0
8937	合騏*	"403,523.00"	"310,883"	"175,355"	"-10,621"	"-80,038"	"1,348"	"-78,690"	"-87,417"	-0.21	-19.83%	22.96%	-20.50%	-2.43%	7.53%	-4.04%	0
8938	明安	"7,287,585.00"	"6,344,719"	"792,439"	"29,179"	"207,180"	"84,245"	"291,425"	"291,425"	1.34	2.84%	12.94%	2.06%	-0.92%	-2.01%	-2.15%	0
8941	關中	"1,565,290.00"	"1,140,756"	"432,070"	"100,285"	"76,214"	"134,894"	"211,108"	"216,243"	2.36	4.87%	27.12%	-0.48%	27.12%	-0.48%	4.87%	0
8942	森鉅	"1,368,758.00"	"1,260,141"	"333,810"	"981,083"	"705,575"	920	"706,495"	"826,929"	4.06	51.55%	7.94%	-16.45%	7.94%	-16.45%	51.55%	0
9949	琉園	"70,908.00"	"25,289"	"60,774"	"9,776"	"-5,786"	"3,869"	"-1,917"	"-1,917"	-0.13	-8.16%	64.34%	-21.37%	64.34%	-21.37%	-8.16%	0
9950	萬國通	"1,041,386.00"	"829,761"	"255,875"	"-9,843"	"-53,597"	"3,293"	"-50,304"	"-50,304"	-0.32	-5.15%	20.32%	-4.25%	20.32%	-4.25%	-5.15%	0
9951	皇田	"3,250,670.00"	"2,495,585"	"543,553"	"26,518"	"184,288"	"87,601"	"271,889"	"271,889"	2.54	5.67%	23.23%	6.51%	23.23%	6.51%	5.67%	1
9960	邁達康	"354,900.00"	"226,482"	"88,756"	"4,388"	"32,866"	"71,787"	"104,653"	"104,653"	0.98	9.26%	36.18%	11.18%	36.18%	11.18%	9.26%	1
9962	有益	"903,745.00"	"836,341"	"43,205"	"1,857"	"20,828"	"3,100"	"23,928"	"23,928"	0.23	2.30%	7.46%	2.68%	7.46%	2.68%	2.30%	1
